Workbook

Sheet T-JCI2 RH
B1: Screen Id | D1: PPSP0020 | F1: Machine Name | H1: EGPSPC024 | J1: Printed On | L1: 2026-05-10 11:00:59
B3: MPS Plan - Customer:[JCI]
B5: Section Code | D5: PORT SAID MANUFACTURING(SAID)
B6: MPS ID | D6: JCI2 RH_VOLVO RH_W20/26_W44/27_01 | J6: MPS Type | L6: Oblige | N6: Target Efficiency | P6: 0.92
B7: Facility | D7: JCI2 RH | J7: Car Model | L7: VOLVO RH | N7: Working Hours | P7: 7
B8: From Date | D8: 2026/05/11 | E8: To Date | G8: 2027/11/07 | J8: Total Weeks | L8: 78 | N8: offset Weeks | P8: 4
B9: Facility (DOS) | D9: 10 | E9: Plan Suggestion By | G9: OPERATOR_EFFICIENCY | J9: Week Plan Offset | L9: 99 | N9: Assy Std.Hr. | P9: 0.297
S10: JCI2 RH(Shift 1) | W10: JCI2 RH(Shift 2) | AA10: JCI2 RH(Shift 3)
B11: Month | C11: Plan Date | D11: Week No | E11: SEWS-E WD | F11: Cust WD | G11: Invt Qty | H11: WIP | I11: Sales Qty | J11: Avg Days | K11: Plan Qty | L11: Bottom P/Qty | M11: Assy Std.Hr. | N11: GPTC Tm. | O11: Cust P.P. | P11: Comments | Q11: Customer Plan | R11: Cust. Avg. Daily Build | S11: Heads | T11: Eff % | U11: Week/Hrs | V11: Team Qty | W11: Heads | X11: Eff % | Y11: Week/Hrs | Z11: Team Qty | AA11: Heads | AB11: Eff % | AC11: Week/Hrs | AD11: Team Qty | AE11: Total Op. | AF11: Car %age | AG11: TotStdTm | AH11: Clock Hours | AI11: Eff %
B12: May | C12: 46153 | D12: 20 | E12: 6 | F12: 5 | G12: ='B-JCI2 RH'!D260 -> 25017 | H12: ='B-JCI2 RH'!D261 -> 2732 | I12: ='B-JCI2 RH'!D263 -> 320 | J12: =IF(I12=0,"N/S",ROUND( ( ((G12) * 1)/I12)*F12,1)) -> 390.9 | K12: =V12+Z12+AD12 -> 2694 | L12: {=TRANSPOSE('B-JCI2 RH'!D262:CC262)} -> 2576 | M12: ='B-JCI2 RH'!$D$295 -> 0.2963 | N12: 0 | O12: 5 | Q12: 0 | R12: =IF(F12=0,0,ROUND(I12/F12,0)) -> 64 | S12: 19 | T12: 0.5 | U12: =E12*7-N12 -> 42 | V12: =ROUND(((S12*T12*U12)/M12),0) -> 1347 | W12: =S12 -> 19 | X12: 0.5 | Y12: =U12 -> 42 | Z12: =ROUND(((W12*X12*Y12)/M12),0) -> 1347 | AA12: 0 | AB12: 0 | AC12: =E12*7-N12 -> 42 | AD12: =ROUND(((AA12*AB12*AC12)/M12),0) -> 0 | AE12: =S12+W12+AA12 -> 38 | AG12: =K12*M12 -> 798.2322 | AH12: =S12*U12+W12*Y12+AA12*AC12 -> 1596 | AI12: =IF(AH12=0,0,AG12/AH12) -> 0.50014549
B13: May | C13: 46160 | D13: 21 | E13: 6 | F13: 10 | G13: =(G12+H12-I12) -> 27429 | H13: 0 | I13: ='B-JCI2 RH'!E263 -> 5700 | J13: =IF(I13=0,"N/S",ROUND( ( ((G13) * 1)/I13)*F13,1)) -> 48.1 | K13: =V13+Z13+AD13 -> 3232 | L13: 3544 | M13: ='B-JCI2 RH'!$D$295 -> 0.2963 | N13: 0 | O13: 5 | Q13: 0 | R13: =IF(F13=0,0,ROUND(I13/F13,0)) -> 570 | S13: 19 | T13: 0.6 | U13: =E13*7-N13 -> 42 | V13: =ROUND(((S13*T13*U13)/M13),0) -> 1616 | W13: =S13 -> 19 | X13: 0.6 | Y13: =U13 -> 42 | Z13: =ROUND(((W13*X13*Y13)/M13),0) -> 1616 | AA13: 0 | AB13: 0 | AC13: =E13*7-N13 -> 42 | AD13: =ROUND(((AA13*AB13*AC13)/M13),0) -> 0 | AE13: =S13+W13+AA13 -> 38 | AG13: =K13*M13 -> 957.6416 | AH13: =S13*U13+W13*Y13+AA13*AC13 -> 1596 | AI13: =IF(AH13=0,0,AG13/AH13) -> 0.60002607
B14: May | C14: 46167 | D14: 22 | E14: 3 | F14: 5 | G14: =(G13+H13-I13) -> 21729 | H14: 0 | I14: ='B-JCI2 RH'!F263 -> 3660 | J14: =IF(I14=0,"N/S",ROUND( ( ((G14) * 1)/I14)*F14,1)) -> 29.7 | K14: =V14+Z14+AD14 -> 1886 | L14: 1950 | M14: ='B-JCI2 RH'!$D$295 -> 0.2963 | N14: 0 | O14: 5 | Q14: 0 | R14: =IF(F14=0,0,ROUND(I14/F14,0)) -> 732 | S14: 19 | T14: 0.7 | U14: =E14*7-N14 -> 21 | V14: =ROUND(((S14*T14*U14)/M14),0) -> 943 | W14: =S14 -> 19 | X14: 0.7 | Y14: =U14 -> 21 | Z14: =ROUND(((W14*X14*Y14)/M14),0) -> 943 | AA14: 0 | AB14: 0 | AC14: =E14*7-N14 -> 21 | AD14: =ROUND(((AA14*AB14*AC14)/M14),0) -> 0 | AE14: =S14+W14+AA14 -> 38 | AG14: =K14*M14 -> 558.8218 | AH14: =S14*U14+W14*Y14+AA14*AC14 -> 798 | AI14: =IF(AH14=0,0,AG14/AH14) -> 0.70027794
B15: Jun | C15: 46174 | D15: 23 | E15: 5 | F15: 5 | G15: =(G14+H14-I14) -> 18069 | H15: 0 | I15: ='B-JCI2 RH'!G263 -> 4240 | J15: =IF(I15=0,"N/S",ROUND( ( ((G15) * 1)/I15)*F15,1)) -> 21.3 | K15: =V15+Z15+AD15 -> 3456 | L15: 0 | M15: ='B-JCI2 RH'!$D$295 -> 0.2963 | N15: 0 | O15: 6 | Q15: 0 | R15: =IF(F15=0,0,ROUND(I15/F15,0)) -> 848 | S15: 19 | T15: 0.77 | U15: =E15*7-N15 -> 35 | V15: =ROUND(((S15*T15*U15)/M15),0) -> 1728 | W15: =S15 -> 19 | X15: 0.77 | Y15: =U15 -> 35 | Z15: =ROUND(((W15*X15*Y15)/M15),0) -> 1728 | AA15: 0 | AB15: 0 | AC15: =E15*7-N15 -> 35 | AD15: =ROUND(((AA15*AB15*AC15)/M15),0) -> 0 | AE15: =S15+W15+AA15 -> 38 | AG15: =K15*M15 -> 1024.0128 | AH15: =S15*U15+W15*Y15+AA15*AC15 -> 1330 | AI15: =IF(AH15=0,0,AG15/AH15) -> 0.76993444
B16: Jun | C16: 46181 | D16: 24 | E16: 6 | F16: 5 | G16: =(G15+H15-I15) -> 13829 | H16: 0 | I16: ='B-JCI2 RH'!H263 -> 3975 | J16: =IF(I16=0,"N/S",ROUND( ( ((G16) * 1)/I16)*F16,1)) -> 17.4 | K16: =V16+Z16+AD16 -> 4148 | L16: 0 | M16: ='B-JCI2 RH'!$D$295 -> 0.2963 | N16: 0 | O16: 6 | Q16: 0 | R16: =IF(F16=0,0,ROUND(I16/F16,0)) -> 795 | S16: 19 | T16: 0.77 | U16: =E16*7-N16 -> 42 | V16: =ROUND(((S16*T16*U16)/M16),0) -> 2074 | W16: =S16 -> 19 | X16: 0.77 | Y16: =U16 -> 42 | Z16: =ROUND(((W16*X16*Y16)/M16),0) -> 2074 | AA16: 0 | AB16: 0 | AC16: =E16*7-N16 -> 42 | AD16: =ROUND(((AA16*AB16*AC16)/M16),0) -> 0 | AE16: =S16+W16+AA16 -> 38 | AG16: =K16*M16 -> 1229.0524 | AH16: =S16*U16+W16*Y16+AA16*AC16 -> 1596 | AI16: =IF(AH16=0,0,AG16/AH16) -> 0.77008296
B17: Jun | C17: 46188 | D17: 25 | E17: 3 | F17: 5 | G17: =(G16+H16-I16+K12) -> 12548 | H17: 0 | I17: ='B-JCI2 RH'!I263 -> 3860 | J17: =IF(I17=0,"N/S",ROUND( ( ((G17) * 1)/I17)*F17,1)) -> 16.3 | K17: =V17+Z17+AD17 -> 2074 | L17: 0 | M17: ='B-JCI2 RH'!$D$295 -> 0.2963 | N17: 0 | O17: 6 | P17: Move to Posa.3 | Q17: 0 | R17: =IF(F17=0,0,ROUND(I17/F17,0)) -> 772 | S17: 19 | T17: 0.77 | U17: =E17*7-N17 -> 21 | V17: =ROUND(((S17*T17*U17)/M17),0) -> 1037 | W17: =S17 -> 19 | X17: 0.77 | Y17: =U17 -> 21 | Z17: =ROUND(((W17*X17*Y17)/M17),0) -> 1037 | AA17: 0 | AB17: 0 | AC17: =E17*7-N17 -> 21 | AD17: =ROUND(((AA17*AB17*AC17)/M17),0) -> 0 | AE17: =S17+W17+AA17 -> 38 | AG17: =K17*M17 -> 614.5262 | AH17: =S17*U17+W17*Y17+AA17*AC17 -> 798 | AI17: =IF(AH17=0,0,AG17/AH17) -> 0.77008296
B18: Jun | C18: 46195 | D18: 26 | E18: 6 | F18: 5 | G18: =(G17+H17-I17+K13) -> 11920 | H18: 0 | I18: ='B-JCI2 RH'!J263 -> 3580 | J18: =IF(I18=0,"N/S",ROUND( ( ((G18) * 1)/I18)*F18,1)) -> 16.6 | K18: =V18+Z18+AD18 -> 4148 | L18: 0 | M18: ='B-JCI2 RH'!$D$295 -> 0.2963 | N18: 0 | O18: 6 | Q18: 0 | R18: =IF(F18=0,0,ROUND(I18/F18,0)) -> 716 | S18: 19 | T18: 0.77 | U18: =E18*7-N18 -> 42 | V18: =ROUND(((S18*T18*U18)/M18),0) -> 2074 | W18: =S18 -> 19 | X18: 0.77 | Y18: =U18 -> 42 | Z18: =ROUND(((W18*X18*Y18)/M18),0) -> 2074 | AA18: 0 | AB18: 0 | AC18: =E18*7-N18 -> 42 | AD18: =ROUND(((AA18*AB18*AC18)/M18),0) -> 0 | AE18: =S18+W18+AA18 -> 38 | AG18: =K18*M18 -> 1229.0524 | AH18: =S18*U18+W18*Y18+AA18*AC18 -> 1596 | AI18: =IF(AH18=0,0,AG18/AH18) -> 0.77008296
B19: Jun | C19: 46202 | D19: 27 | E19: 5 | F19: 5 | G19: =(G18+H18-I18+K14) -> 10226 | H19: 0 | I19: ='B-JCI2 RH'!K263 -> 4000 | J19: =IF(I19=0,"N/S",ROUND( ( ((G19) * 1)/I19)*F19,1)) -> 12.8 | K19: =V19+Z19+AD19 -> 3456 | L19: 0 | M19: ='B-JCI2 RH'!$D$295 -> 0.2963 | N19: 0 | O19: 6 | Q19: 0 | R19: =IF(F19=0,0,ROUND(I19/F19,0)) -> 800 | S19: 19 | T19: 0.77 | U19: =E19*7-N19 -> 35 | V19: =ROUND(((S19*T19*U19)/M19),0) -> 1728 | W19: =S19 -> 19 | X19: 0.77 | Y19: =U19 -> 35 | Z19: =ROUND(((W19*X19*Y19)/M19),0) -> 1728 | AA19: 0 | AB19: 0 | AC19: =E19*7-N19 -> 35 | AD19: =ROUND(((AA19*AB19*AC19)/M19),0) -> 0 | AE19: =S19+W19+AA19 -> 38 | AG19: =K19*M19 -> 1024.0128 | AH19: =S19*U19+W19*Y19+AA19*AC19 -> 1330 | AI19: =IF(AH19=0,0,AG19/AH19) -> 0.76993444
B20: Jul | C20: 46209 | D20: 28 | E20: 6 | F20: 5 | G20: =(G19+H19-I19+K15) -> 9682 | H20: 0 | I20: ='B-JCI2 RH'!L263 -> 5400 | J20: =IF(I20=0,"N/S",ROUND( ( ((G20) * 1)/I20)*F20,1)) -> 9 | K20: =V20+Z20+AD20 -> 4148 | L20: 0 | M20: ='B-JCI2 RH'!$D$295 -> 0.2963 | N20: 0 | O20: 7 | Q20: 0 | R20: =IF(F20=0,0,ROUND(I20/F20,0)) -> 1080 | S20: 19 | T20: 0.77 | U20: =E20*7-N20 -> 42 | V20: =ROUND(((S20*T20*U20)/M20),0) -> 2074 | W20: =S20 -> 19 | X20: 0.77 | Y20: =U20 -> 42 | Z20: =ROUND(((W20*X20*Y20)/M20),0) -> 2074 | AA20: 0 | AB20: 0 | AC20: =E20*7-N20 -> 42 | AD20: =ROUND(((AA20*AB20*AC20)/M20),0) -> 0 | AE20: =S20+W20+AA20 -> 38 | AG20: =K20*M20 -> 1229.0524 | AH20: =S20*U20+W20*Y20+AA20*AC20 -> 1596 | AI20: =IF(AH20=0,0,AG20/AH20) -> 0.77008296
B21: Jul | C21: 46216 | D21: 29 | E21: 0 | F21: 10 | G21: =(G20+H20-I20+K16) -> 8430 | H21: 0 | I21: ='B-JCI2 RH'!M263 -> 6300 | J21: =IF(I21=0,"N/S",ROUND( ( ((G21) * 1)/I21)*F21,1)) -> 13.4 | K21: =V21+Z21+AD21 -> 0 | L21: 0 | M21: ='B-JCI2 RH'!$D$295 -> 0.2963 | N21: 0 | O21: 7 | Q21: 0 | R21: =IF(F21=0,0,ROUND(I21/F21,0)) -> 630 | S21: 19 | T21: 0.77 | U21: =E21*7-N21 -> 0 | V21: =ROUND(((S21*T21*U21)/M21),0) -> 0 | W21: =S21 -> 19 | X21: 0.77 | Y21: =U21 -> 0 | Z21: =ROUND(((W21*X21*Y21)/M21),0) -> 0 | AA21: 0 | AB21: 0 | AC21: =E21*7-N21 -> 0 | AD21: =ROUND(((AA21*AB21*AC21)/M21),0) -> 0 | AE21: =S21+W21+AA21 -> 38 | AG21: =K21*M21 -> 0 | AH21: =S21*U21+W21*Y21+AA21*AC21 -> 0 | AI21: =IF(AH21=0,0,AG21/AH21) -> 0
B22: Jul | C22: 46223 | D22: 30 | E22: 0 | F22: 5 | G22: =(G21+H21-I21+K17) -> 4204 | H22: 0 | I22: ='B-JCI2 RH'!N263 -> 0 | J22: =IF(I22=0,"N/S",ROUND( ( ((G22) * 1)/I22)*F22,1)) -> N/S | K22: =V22+Z22+AD22 -> 0 | L22: 0 | M22: ='B-JCI2 RH'!$D$295 -> 0.2963 | N22: 0 | O22: 7 | Q22: 0 | R22: =IF(F22=0,0,ROUND(I22/F22,0)) -> 0 | S22: 16 | T22: 0.77 | U22: =E22*7-N22 -> 0 | V22: =ROUND(((S22*T22*U22)/M22),0) -> 0 | W22: =S22 -> 16 | X22: 0.77 | Y22: =U22 -> 0 | Z22: =ROUND(((W22*X22*Y22)/M22),0) -> 0 | AA22: 0 | AB22: 0 | AC22: =E22*7-N22 -> 0 | AD22: =ROUND(((AA22*AB22*AC22)/M22),0) -> 0 | AE22: =S22+W22+AA22 -> 32 | AG22: =K22*M22 -> 0 | AH22: =S22*U22+W22*Y22+AA22*AC22 -> 0 | AI22: =IF(AH22=0,0,AG22/AH22) -> 0
B23: Jul | C23: 46230 | D23: 31 | E23: 6 | F23: 5 | G23: =(G22+H22-I22+K18) -> 8352 | H23: 0 | I23: ='B-JCI2 RH'!O263 -> 0 | J23: =IF(I23=0,"N/S",ROUND( ( ((G23) * 1)/I23)*F23,1)) -> N/S | K23: =V23+Z23+AD23 -> 3492 | L23: 0 | M23: ='B-JCI2 RH'!$D$295 -> 0.2963 | N23: 0 | O23: 7 | Q23: 0 | R23: =IF(F23=0,0,ROUND(I23/F23,0)) -> 0 | S23: 16 | T23: 0.77 | U23: =E23*7-N23 -> 42 | V23: =ROUND(((S23*T23*U23)/M23),0) -> 1746 | W23: =S23 -> 16 | X23: 0.77 | Y23: =U23 -> 42 | Z23: =ROUND(((W23*X23*Y23)/M23),0) -> 1746 | AA23: 0 | AB23: 0 | AC23: =E23*7-N23 -> 42 | AD23: =ROUND(((AA23*AB23*AC23)/M23),0) -> 0 | AE23: =S23+W23+AA23 -> 32 | AF23: =ROUND( ((SUM(I22:I23)*1)/SUM(Q22:Q23)*100),1) -> #DIV/0! | AG23: =K23*M23 -> 1034.6796 | AH23: =S23*U23+W23*Y23+AA23*AC23 -> 1344 | AI23: =IF(AH23=0,0,AG23/AH23) -> 0.76985089
B24: Aug | C24: 46237 | D24: 32 | E24: 6 | F24: 5 | G24: =(G23+H23-I23+K19) -> 11808 | H24: 0 | I24: ='B-JCI2 RH'!P263 -> 0 | J24: =IF(I24=0,"N/S",ROUND( ( ((G24) * 1)/I24)*F24,1)) -> N/S | K24: =V24+Z24+AD24 -> 3492 | L24: 0 | M24: ='B-JCI2 RH'!$D$295 -> 0.2963 | N24: 0 | O24: 8 | Q24: 0 | R24: =IF(F24=0,0,ROUND(I24/F24,0)) -> 0 | S24: 16 | T24: 0.77 | U24: =E24*7-N24 -> 42 | V24: =ROUND(((S24*T24*U24)/M24),0) -> 1746 | W24: =S24 -> 16 | X24: 0.77 | Y24: =U24 -> 42 | Z24: =ROUND(((W24*X24*Y24)/M24),0) -> 1746 | AA24: 0 | AB24: 0 | AC24: =E24*7-N24 -> 42 | AD24: =ROUND(((AA24*AB24*AC24)/M24),0) -> 0 | AE24: =S24+W24+AA24 -> 32 | AF24: =ROUND( ((SUM(I23:I24)*1)/SUM(Q23:Q24)*100),1) -> #DIV/0! | AG24: =K24*M24 -> 1034.6796 | AH24: =S24*U24+W24*Y24+AA24*AC24 -> 1344 | AI24: =IF(AH24=0,0,AG24/AH24) -> 0.76985089
B25: Aug | C25: 46244 | D25: 33 | E25: 6 | F25: 4 | G25: =(G24+H24-I24+K20) -> 15956 | H25: 0 | I25: ='B-JCI2 RH'!Q263 -> 0 | J25: =IF(I25=0,"N/S",ROUND( ( ((G25) * 1)/I25)*F25,1)) -> N/S | K25: =V25+Z25+AD25 -> 3492 | L25: 0 | M25: ='B-JCI2 RH'!$D$295 -> 0.2963 | N25: 0 | O25: 8 | Q25: 0 | R25: =IF(F25=0,0,ROUND(I25/F25,0)) -> 0 | S25: 16 | T25: 0.77 | U25: =E25*7-N25 -> 42 | V25: =ROUND(((S25*T25*U25)/M25),0) -> 1746 | W25: =S25 -> 16 | X25: 0.77 | Y25: =U25 -> 42 | Z25: =ROUND(((W25*X25*Y25)/M25),0) -> 1746 | AA25: 0 | AB25: 0 | AC25: =E25*7-N25 -> 42 | AD25: =ROUND(((AA25*AB25*AC25)/M25),0) -> 0 | AE25: =S25+W25+AA25 -> 32 | AF25: =ROUND( ((SUM(I24:I25)*1)/SUM(Q24:Q25)*100),1) -> #DIV/0! | AG25: =K25*M25 -> 1034.6796 | AH25: =S25*U25+W25*Y25+AA25*AC25 -> 1344 | AI25: =IF(AH25=0,0,AG25/AH25) -> 0.76985089
B26: Aug | C26: 46251 | D26: 34 | E26: 6 | F26: 5 | G26: =(G25+H25-I25+K21) -> 15956 | H26: 0 | I26: ='B-JCI2 RH'!R263 -> 3740 | J26: =IF(I26=0,"N/S",ROUND( ( ((G26) * 1)/I26)*F26,1)) -> 21.3 | K26: =V26+Z26+AD26 -> 3492 | L26: 0 | M26: ='B-JCI2 RH'!$D$295 -> 0.2963 | N26: 0 | O26: 8 | Q26: 0 | R26: =IF(F26=0,0,ROUND(I26/F26,0)) -> 748 | S26: 16 | T26: 0.77 | U26: =E26*7-N26 -> 42 | V26: =ROUND(((S26*T26*U26)/M26),0) -> 1746 | W26: =S26 -> 16 | X26: 0.77 | Y26: =U26 -> 42 | Z26: =ROUND(((W26*X26*Y26)/M26),0) -> 1746 | AA26: 0 | AB26: 0 | AC26: =E26*7-N26 -> 42 | AD26: =ROUND(((AA26*AB26*AC26)/M26),0) -> 0 | AE26: =S26+W26+AA26 -> 32 | AF26: =ROUND( ((SUM(I25:I26)*1)/SUM(Q25:Q26)*100),1) -> #DIV/0! | AG26: =K26*M26 -> 1034.6796 | AH26: =S26*U26+W26*Y26+AA26*AC26 -> 1344 | AI26: =IF(AH26=0,0,AG26/AH26) -> 0.76985089
B27: Aug | C27: 46258 | D27: 35 | E27: 5 | F27: 5 | G27: =(G26+H26-I26+K22) -> 12216 | H27: 0 | I27: ='B-JCI2 RH'!S263 -> 3400 | J27: =IF(I27=0,"N/S",ROUND( ( ((G27) * 1)/I27)*F27,1)) -> 18 | K27: =V27+Z27+AD27 -> 2910 | L27: 0 | M27: ='B-JCI2 RH'!$D$295 -> 0.2963 | N27: 0 | O27: 8 | Q27: 0 | R27: =IF(F27=0,0,ROUND(I27/F27,0)) -> 680 | S27: 16 | T27: 0.77 | U27: =E27*7-N27 -> 35 | V27: =ROUND(((S27*T27*U27)/M27),0) -> 1455 | W27: =S27 -> 16 | X27: 0.77 | Y27: =U27 -> 35 | Z27: =ROUND(((W27*X27*Y27)/M27),0) -> 1455 | AA27: 0 | AB27: 0 | AC27: =E27*7-N27 -> 35 | AD27: =ROUND(((AA27*AB27*AC27)/M27),0) -> 0 | AE27: =S27+W27+AA27 -> 32 | AF27: =ROUND( ((SUM(I26:I27)*1)/SUM(Q26:Q27)*100),1) -> #DIV/0! | AG27: =K27*M27 -> 862.233 | AH27: =S27*U27+W27*Y27+AA27*AC27 -> 1120 | AI27: =IF(AH27=0,0,AG27/AH27) -> 0.76985089
B28: Aug | C28: 46265 | D28: 36 | E28: 6 | F28: 5 | G28: =(G27+H27-I27+K23) -> 12308 | H28: 0 | I28: ='B-JCI2 RH'!T263 -> 3260 | J28: =IF(I28=0,"N/S",ROUND( ( ((G28) * 1)/I28)*F28,1)) -> 18.9 | K28: =V28+Z28+AD28 -> 3492 | L28: 0 | M28: ='B-JCI2 RH'!$D$295 -> 0.2963 | N28: 0 | O28: 8 | Q28: 0 | R28: =IF(F28=0,0,ROUND(I28/F28,0)) -> 652 | S28: 16 | T28: 0.77 | U28: =E28*7-N28 -> 42 | V28: =ROUND(((S28*T28*U28)/M28),0) -> 1746 | W28: =S28 -> 16 | X28: 0.77 | Y28: =U28 -> 42 | Z28: =ROUND(((W28*X28*Y28)/M28),0) -> 1746 | AA28: 0 | AB28: 0 | AC28: =E28*7-N28 -> 42 | AD28: =ROUND(((AA28*AB28*AC28)/M28),0) -> 0 | AE28: =S28+W28+AA28 -> 32 | AF28: =ROUND( ((SUM(I27:I28)*1)/SUM(Q27:Q28)*100),1) -> #DIV/0! | AG28: =K28*M28 -> 1034.6796 | AH28: =S28*U28+W28*Y28+AA28*AC28 -> 1344 | AI28: =IF(AH28=0,0,AG28/AH28) -> 0.76985089
B29: Sep | C29: 46272 | D29: 37 | E29: 6 | F29: 5 | G29: =(G28+H28-I28+K24) -> 12540 | H29: 0 | I29: ='B-JCI2 RH'!U263 -> 3680 | J29: =IF(I29=0,"N/S",ROUND( ( ((G29) * 1)/I29)*F29,1)) -> 17 | K29: =V29+Z29+AD29 -> 3056 | L29: 0 | M29: ='B-JCI2 RH'!$D$295 -> 0.2963 | N29: 0 | O29: 9 | Q29: 0 | R29: =IF(F29=0,0,ROUND(I29/F29,0)) -> 736 | S29: 14 | T29: 0.77 | U29: =E29*7-N29 -> 42 | V29: =ROUND(((S29*T29*U29)/M29),0) -> 1528 | W29: =S29 -> 14 | X29: 0.77 | Y29: =U29 -> 42 | Z29: =ROUND(((W29*X29*Y29)/M29),0) -> 1528 | AA29: 0 | AB29: 0 | AC29: =E29*7-N29 -> 42 | AD29: =ROUND(((AA29*AB29*AC29)/M29),0) -> 0 | AE29: =S29+W29+AA29 -> 28 | AF29: =ROUND( ((SUM(I28:I29)*1)/SUM(Q28:Q29)*100),1) -> #DIV/0! | AG29: =K29*M29 -> 905.4928 | AH29: =S29*U29+W29*Y29+AA29*AC29 -> 1176 | AI29: =IF(AH29=0,0,AG29/AH29) -> 0.76997687
B30: Sep | C30: 46279 | D30: 38 | E30: 6 | F30: 5 | G30: =(G29+H29-I29+K25) -> 12352 | H30: 0 | I30: ='B-JCI2 RH'!V263 -> 3680 | J30: =IF(I30=0,"N/S",ROUND( ( ((G30) * 1)/I30)*F30,1)) -> 16.8 | K30: =V30+Z30+AD30 -> 3056 | L30: 0 | M30: ='B-JCI2 RH'!$D$295 -> 0.2963 | N30: 0 | O30: 9 | Q30: 0 | R30: =IF(F30=0,0,ROUND(I30/F30,0)) -> 736 | S30: 14 | T30: 0.77 | U30: =E30*7-N30 -> 42 | V30: =ROUND(((S30*T30*U30)/M30),0) -> 1528 | W30: =S30 -> 14 | X30: 0.77 | Y30: =U30 -> 42 | Z30: =ROUND(((W30*X30*Y30)/M30),0) -> 1528 | AA30: 0 | AB30: 0 | AC30: =E30*7-N30 -> 42 | AD30: =ROUND(((AA30*AB30*AC30)/M30),0) -> 0 | AE30: =S30+W30+AA30 -> 28 | AF30: =ROUND( ((SUM(I29:I30)*1)/SUM(Q29:Q30)*100),1) -> #DIV/0! | AG30: =K30*M30 -> 905.4928 | AH30: =S30*U30+W30*Y30+AA30*AC30 -> 1176 | AI30: =IF(AH30=0,0,AG30/AH30) -> 0.76997687
B31: Sep | C31: 46286 | D31: 39 | E31: 4 | F31: 5 | G31: =(G30+H30-I30+K26) -> 12164 | H31: 0 | I31: ='B-JCI2 RH'!W263 -> 3680 | J31: =IF(I31=0,"N/S",ROUND( ( ((G31) * 1)/I31)*F31,1)) -> 16.5 | K31: =V31+Z31+AD31 -> 2038 | L31: 0 | M31: ='B-JCI2 RH'!$D$295 -> 0.2963 | N31: 0 | O31: 9 | Q31: 0 | R31: =IF(F31=0,0,ROUND(I31/F31,0)) -> 736 | S31: 14 | T31: 0.77 | U31: =E31*7-N31 -> 28 | V31: =ROUND(((S31*T31*U31)/M31),0) -> 1019 | W31: =S31 -> 14 | X31: 0.77 | Y31: =U31 -> 28 | Z31: =ROUND(((W31*X31*Y31)/M31),0) -> 1019 | AA31: 0 | AB31: 0 | AC31: =E31*7-N31 -> 28 | AD31: =ROUND(((AA31*AB31*AC31)/M31),0) -> 0 | AE31: =S31+W31+AA31 -> 28 | AF31: =ROUND( ((SUM(I30:I31)*1)/SUM(Q30:Q31)*100),1) -> #DIV/0! | AG31: =K31*M31 -> 603.8594 | AH31: =S31*U31+W31*Y31+AA31*AC31 -> 784 | AI31: =IF(AH31=0,0,AG31/AH31) -> 0.77022883
B32: Sep | C32: 46293 | D32: 40 | E32: 5 | F32: 5 | G32: =(G31+H31-I31+K27) -> 11394 | H32: 0 | I32: ='B-JCI2 RH'!X263 -> 3620 | J32: =IF(I32=0,"N/S",ROUND( ( ((G32) * 1)/I32)*F32,1)) -> 15.7 | K32: =V32+Z32+AD32 -> 2546 | L32: 0 | M32: ='B-JCI2 RH'!$D$295 -> 0.2963 | N32: 0 | O32: 9 | Q32: 0 | R32: =IF(F32=0,0,ROUND(I32/F32,0)) -> 724 | S32: 14 | T32: 0.77 | U32: =E32*7-N32 -> 35 | V32: =ROUND(((S32*T32*U32)/M32),0) -> 1273 | W32: =S32 -> 14 | X32: 0.77 | Y32: =U32 -> 35 | Z32: =ROUND(((W32*X32*Y32)/M32),0) -> 1273 | AA32: 0 | AB32: 0 | AC32: =E32*7-N32 -> 35 | AD32: =ROUND(((AA32*AB32*AC32)/M32),0) -> 0 | AE32: =S32+W32+AA32 -> 28 | AF32: =ROUND( ((SUM(I31:I32)*1)/SUM(Q31:Q32)*100),1) -> #DIV/0! | AG32: =K32*M32 -> 754.3798 | AH32: =S32*U32+W32*Y32+AA32*AC32 -> 980 | AI32: =IF(AH32=0,0,AG32/AH32) -> 0.76977531
B33: Oct | C33: 46300 | D33: 41 | E33: 5 | F33: 5 | G33: =(G32+H32-I32+K28) -> 11266 | H33: 0 | I33: ='B-JCI2 RH'!Y263 -> 2530 | J33: =IF(I33=0,"N/S",ROUND( ( ((G33) * 1)/I33)*F33,1)) -> 22.3 | K33: =V33+Z33+AD33 -> 2546 | L33: 0 | M33: ='B-JCI2 RH'!$D$295 -> 0.2963 | N33: 0 | O33: 10 | Q33: 0 | R33: =IF(F33=0,0,ROUND(I33/F33,0)) -> 506 | S33: 14 | T33: 0.77 | U33: =E33*7-N33 -> 35 | V33: =ROUND(((S33*T33*U33)/M33),0) -> 1273 | W33: =S33 -> 14 | X33: 0.77 | Y33: =U33 -> 35 | Z33: =ROUND(((W33*X33*Y33)/M33),0) -> 1273 | AA33: 0 | AB33: 0 | AC33: =E33*7-N33 -> 35 | AD33: =ROUND(((AA33*AB33*AC33)/M33),0) -> 0 | AE33: =S33+W33+AA33 -> 28 | AF33: =ROUND( ((SUM(I32:I33)*1)/SUM(Q32:Q33)*100),1) -> #DIV/0! | AG33: =K33*M33 -> 754.3798 | AH33: =S33*U33+W33*Y33+AA33*AC33 -> 980 | AI33: =IF(AH33=0,0,AG33/AH33) -> 0.76977531
B34: Oct | C34: 46307 | D34: 42 | E34: 6 | F34: 5 | G34: =(G33+H33-I33+K29) -> 11792 | H34: 0 | I34: ='B-JCI2 RH'!Z263 -> 2530 | J34: =IF(I34=0,"N/S",ROUND( ( ((G34) * 1)/I34)*F34,1)) -> 23.3 | K34: =V34+Z34+AD34 -> 3056 | L34: 0 | M34: ='B-JCI2 RH'!$D$295 -> 0.2963 | N34: 0 | O34: 10 | Q34: 0 | R34: =IF(F34=0,0,ROUND(I34/F34,0)) -> 506 | S34: 14 | T34: 0.77 | U34: =E34*7-N34 -> 42 | V34: =ROUND(((S34*T34*U34)/M34),0) -> 1528 | W34: =S34 -> 14 | X34: 0.77 | Y34: =U34 -> 42 | Z34: =ROUND(((W34*X34*Y34)/M34),0) -> 1528 | AA34: 0 | AB34: 0 | AC34: =E34*7-N34 -> 42 | AD34: =ROUND(((AA34*AB34*AC34)/M34),0) -> 0 | AE34: =S34+W34+AA34 -> 28 | AF34: =ROUND( ((SUM(I33:I34)*1)/SUM(Q33:Q34)*100),1) -> #DIV/0! | AG34: =K34*M34 -> 905.4928 | AH34: =S34*U34+W34*Y34+AA34*AC34 -> 1176 | AI34: =IF(AH34=0,0,AG34/AH34) -> 0.76997687
B35: Oct | C35: 46314 | D35: 43 | E35: 6 | F35: 5 | G35: =(G34+H34-I34+K30) -> 12318 | H35: 0 | I35: ='B-JCI2 RH'!AA263 -> 2530 | J35: =IF(I35=0,"N/S",ROUND( ( ((G35) * 1)/I35)*F35,1)) -> 24.3 | K35: =V35+Z35+AD35 -> 3056 | L35: 0 | M35: ='B-JCI2 RH'!$D$295 -> 0.2963 | N35: 0 | O35: 10 | Q35: 0 | R35: =IF(F35=0,0,ROUND(I35/F35,0)) -> 506 | S35: 14 | T35: 0.77 | U35: =E35*7-N35 -> 42 | V35: =ROUND(((S35*T35*U35)/M35),0) -> 1528 | W35: =S35 -> 14 | X35: 0.77 | Y35: =U35 -> 42 | Z35: =ROUND(((W35*X35*Y35)/M35),0) -> 1528 | AA35: 0 | AB35: 0 | AC35: =E35*7-N35 -> 42 | AD35: =ROUND(((AA35*AB35*AC35)/M35),0) -> 0 | AE35: =S35+W35+AA35 -> 28 | AF35: =ROUND( ((SUM(I34:I35)*1)/SUM(Q34:Q35)*100),1) -> #DIV/0! | AG35: =K35*M35 -> 905.4928 | AH35: =S35*U35+W35*Y35+AA35*AC35 -> 1176 | AI35: =IF(AH35=0,0,AG35/AH35) -> 0.76997687
B36: Oct | C36: 46321 | D36: 44 | E36: 6 | F36: 5 | G36: =(G35+H35-I35+K31) -> 11826 | H36: 0 | I36: ='B-JCI2 RH'!AB263 -> 2470 | J36: =IF(I36=0,"N/S",ROUND( ( ((G36) * 1)/I36)*F36,1)) -> 23.9 | K36: =V36+Z36+AD36 -> 3056 | L36: 0 | M36: ='B-JCI2 RH'!$D$295 -> 0.2963 | N36: 0 | O36: 10 | Q36: 0 | R36: =IF(F36=0,0,ROUND(I36/F36,0)) -> 494 | S36: 14 | T36: 0.77 | U36: =E36*7-N36 -> 42 | V36: =ROUND(((S36*T36*U36)/M36),0) -> 1528 | W36: =S36 -> 14 | X36: 0.77 | Y36: =U36 -> 42 | Z36: =ROUND(((W36*X36*Y36)/M36),0) -> 1528 | AA36: 0 | AB36: 0 | AC36: =E36*7-N36 -> 42 | AD36: =ROUND(((AA36*AB36*AC36)/M36),0) -> 0 | AE36: =S36+W36+AA36 -> 28 | AF36: =ROUND( ((SUM(I35:I36)*1)/SUM(Q35:Q36)*100),1) -> #DIV/0! | AG36: =K36*M36 -> 905.4928 | AH36: =S36*U36+W36*Y36+AA36*AC36 -> 1176 | AI36: =IF(AH36=0,0,AG36/AH36) -> 0.76997687
B37: Nov | C37: 46328 | D37: 45 | E37: 6 | F37: 5 | G37: =(G36+H36-I36+K32) -> 11902 | H37: 0 | I37: ='B-JCI2 RH'!AC263 -> 3790 | J37: =IF(I37=0,"N/S",ROUND( ( ((G37) * 1)/I37)*F37,1)) -> 15.7 | K37: =V37+Z37+AD37 -> 3056 | L37: 0 | M37: ='B-JCI2 RH'!$D$295 -> 0.2963 | N37: 0 | O37: 11 | Q37: 0 | R37: =IF(F37=0,0,ROUND(I37/F37,0)) -> 758 | S37: 14 | T37: 0.77 | U37: =E37*7-N37 -> 42 | V37: =ROUND(((S37*T37*U37)/M37),0) -> 1528 | W37: =S37 -> 14 | X37: 0.77 | Y37: =U37 -> 42 | Z37: =ROUND(((W37*X37*Y37)/M37),0) -> 1528 | AA37: 0 | AB37: 0 | AC37: =E37*7-N37 -> 42 | AD37: =ROUND(((AA37*AB37*AC37)/M37),0) -> 0 | AE37: =S37+W37+AA37 -> 28 | AF37: =ROUND( ((SUM(I36:I37)*1)/SUM(Q36:Q37)*100),1) -> #DIV/0! | AG37: =K37*M37 -> 905.4928 | AH37: =S37*U37+W37*Y37+AA37*AC37 -> 1176 | AI37: =IF(AH37=0,0,AG37/AH37) -> 0.76997687
B38: Nov | C38: 46335 | D38: 46 | E38: 6 | F38: 4 | G38: =(G37+H37-I37+K33) -> 10658 | H38: 0 | I38: ='B-JCI2 RH'!AD263 -> 3790 | J38: =IF(I38=0,"N/S",ROUND( ( ((G38) * 1)/I38)*F38,1)) -> 11.2 | K38: =V38+Z38+AD38 -> 3056 | L38: 0 | M38: ='B-JCI2 RH'!$D$295 -> 0.2963 | N38: 0 | O38: 11 | Q38: 0 | R38: =IF(F38=0,0,ROUND(I38/F38,0)) -> 948 | S38: 14 | T38: 0.77 | U38: =E38*7-N38 -> 42 | V38: =ROUND(((S38*T38*U38)/M38),0) -> 1528 | W38: =S38 -> 14 | X38: 0.77 | Y38: =U38 -> 42 | Z38: =ROUND(((W38*X38*Y38)/M38),0) -> 1528 | AA38: 0 | AB38: 0 | AC38: =E38*7-N38 -> 42 | AD38: =ROUND(((AA38*AB38*AC38)/M38),0) -> 0 | AE38: =S38+W38+AA38 -> 28 | AF38: =ROUND( ((SUM(I37:I38)*1)/SUM(Q37:Q38)*100),1) -> #DIV/0! | AG38: =K38*M38 -> 905.4928 | AH38: =S38*U38+W38*Y38+AA38*AC38 -> 1176 | AI38: =IF(AH38=0,0,AG38/AH38) -> 0.76997687
B39: Nov | C39: 46342 | D39: 47 | E39: 6 | F39: 5 | G39: =(G38+H38-I38+K34) -> 9924 | H39: 0 | I39: ='B-JCI2 RH'!AE263 -> 3780 | J39: =IF(I39=0,"N/S",ROUND( ( ((G39) * 1)/I39)*F39,1)) -> 13.1 | K39: =V39+Z39+AD39 -> 3056 | L39: 0 | M39: ='B-JCI2 RH'!$D$295 -> 0.2963 | N39: 0 | O39: 11 | Q39: 0 | R39: =IF(F39=0,0,ROUND(I39/F39,0)) -> 756 | S39: 14 | T39: 0.77 | U39: =E39*7-N39 -> 42 | V39: =ROUND(((S39*T39*U39)/M39),0) -> 1528 | W39: =S39 -> 14 | X39: 0.77 | Y39: =U39 -> 42 | Z39: =ROUND(((W39*X39*Y39)/M39),0) -> 1528 | AA39: 0 | AB39: 0 | AC39: =E39*7-N39 -> 42 | AD39: =ROUND(((AA39*AB39*AC39)/M39),0) -> 0 | AE39: =S39+W39+AA39 -> 28 | AF39: =ROUND( ((SUM(I38:I39)*1)/SUM(Q38:Q39)*100),1) -> #DIV/0! | AG39: =K39*M39 -> 905.4928 | AH39: =S39*U39+W39*Y39+AA39*AC39 -> 1176 | AI39: =IF(AH39=0,0,AG39/AH39) -> 0.76997687
B40: Nov | C40: 46349 | D40: 48 | E40: 6 | F40: 5 | G40: =(G39+H39-I39+K35) -> 9200 | H40: 0 | I40: ='B-JCI2 RH'!AF263 -> 3780 | J40: =IF(I40=0,"N/S",ROUND( ( ((G40) * 1)/I40)*F40,1)) -> 12.2 | K40: =V40+Z40+AD40 -> 3056 | L40: 0 | M40: ='B-JCI2 RH'!$D$295 -> 0.2963 | N40: 0 | O40: 11 | Q40: 0 | R40: =IF(F40=0,0,ROUND(I40/F40,0)) -> 756 | S40: 14 | T40: 0.77 | U40: =E40*7-N40 -> 42 | V40: =ROUND(((S40*T40*U40)/M40),0) -> 1528 | W40: =S40 -> 14 | X40: 0.77 | Y40: =U40 -> 42 | Z40: =ROUND(((W40*X40*Y40)/M40),0) -> 1528 | AA40: 0 | AB40: 0 | AC40: =E40*7-N40 -> 42 | AD40: =ROUND(((AA40*AB40*AC40)/M40),0) -> 0 | AE40: =S40+W40+AA40 -> 28 | AF40: =ROUND( ((SUM(I39:I40)*1)/SUM(Q39:Q40)*100),1) -> #DIV/0! | AG40: =K40*M40 -> 905.4928 | AH40: =S40*U40+W40*Y40+AA40*AC40 -> 1176 | AI40: =IF(AH40=0,0,AG40/AH40) -> 0.76997687
B41: Nov | C41: 46356 | D41: 49 | E41: 6 | F41: 5 | G41: =(G40+H40-I40+K36) -> 8476 | H41: 0 | I41: ='B-JCI2 RH'!AG263 -> 3480 | J41: =IF(I41=0,"N/S",ROUND( ( ((G41) * 1)/I41)*F41,1)) -> 12.2 | K41: =V41+Z41+AD41 -> 3056 | L41: 0 | M41: ='B-JCI2 RH'!$D$295 -> 0.2963 | N41: 0 | O41: 11 | Q41: 0 | R41: =IF(F41=0,0,ROUND(I41/F41,0)) -> 696 | S41: 14 | T41: 0.77 | U41: =E41*7-N41 -> 42 | V41: =ROUND(((S41*T41*U41)/M41),0) -> 1528 | W41: =S41 -> 14 | X41: 0.77 | Y41: =U41 -> 42 | Z41: =ROUND(((W41*X41*Y41)/M41),0) -> 1528 | AA41: 0 | AB41: 0 | AC41: =E41*7-N41 -> 42 | AD41: =ROUND(((AA41*AB41*AC41)/M41),0) -> 0 | AE41: =S41+W41+AA41 -> 28 | AF41: =ROUND( ((SUM(I40:I41)*1)/SUM(Q40:Q41)*100),1) -> #DIV/0! | AG41: =K41*M41 -> 905.4928 | AH41: =S41*U41+W41*Y41+AA41*AC41 -> 1176 | AI41: =IF(AH41=0,0,AG41/AH41) -> 0.76997687
B42: Dec | C42: 46363 | D42: 50 | E42: 6 | F42: 5 | G42: =(G41+H41-I41+K37) -> 8052 | H42: 0 | I42: ='B-JCI2 RH'!AH263 -> 3810 | J42: =IF(I42=0,"N/S",ROUND( ( ((G42) * 1)/I42)*F42,1)) -> 10.6 | K42: =V42+Z42+AD42 -> 3056 | L42: 0 | M42: ='B-JCI2 RH'!$D$295 -> 0.2963 | N42: 0 | O42: 12 | Q42: 0 | R42: =IF(F42=0,0,ROUND(I42/F42,0)) -> 762 | S42: 14 | T42: 0.77 | U42: =E42*7-N42 -> 42 | V42: =ROUND(((S42*T42*U42)/M42),0) -> 1528 | W42: =S42 -> 14 | X42: 0.77 | Y42: =U42 -> 42 | Z42: =ROUND(((W42*X42*Y42)/M42),0) -> 1528 | AA42: 0 | AB42: 0 | AC42: =E42*7-N42 -> 42 | AD42: =ROUND(((AA42*AB42*AC42)/M42),0) -> 0 | AE42: =S42+W42+AA42 -> 28 | AF42: =ROUND( ((SUM(I41:I42)*1)/SUM(Q41:Q42)*100),1) -> #DIV/0! | AG42: =K42*M42 -> 905.4928 | AH42: =S42*U42+W42*Y42+AA42*AC42 -> 1176 | AI42: =IF(AH42=0,0,AG42/AH42) -> 0.76997687
B43: Dec | C43: 46370 | D43: 51 | E43: 6 | F43: 10 | G43: =(G42+H42-I42+K38) -> 7298 | H43: 0 | I43: ='B-JCI2 RH'!AI263 -> 3810 | J43: =IF(I43=0,"N/S",ROUND( ( ((G43) * 1)/I43)*F43,1)) -> 19.2 | K43: =V43+Z43+AD43 -> 3056 | L43: 0 | M43: ='B-JCI2 RH'!$D$295 -> 0.2963 | N43: 0 | O43: 12 | Q43: 0 | R43: =IF(F43=0,0,ROUND(I43/F43,0)) -> 381 | S43: 14 | T43: 0.77 | U43: =E43*7-N43 -> 42 | V43: =ROUND(((S43*T43*U43)/M43),0) -> 1528 | W43: =S43 -> 14 | X43: 0.77 | Y43: =U43 -> 42 | Z43: =ROUND(((W43*X43*Y43)/M43),0) -> 1528 | AA43: 0 | AB43: 0 | AC43: =E43*7-N43 -> 42 | AD43: =ROUND(((AA43*AB43*AC43)/M43),0) -> 0 | AE43: =S43+W43+AA43 -> 28 | AF43: =ROUND( ((SUM(I42:I43)*1)/SUM(Q42:Q43)*100),1) -> #DIV/0! | AG43: =K43*M43 -> 905.4928 | AH43: =S43*U43+W43*Y43+AA43*AC43 -> 1176 | AI43: =IF(AH43=0,0,AG43/AH43) -> 0.76997687
B44: Dec | C44: 46377 | D44: 52 | E44: 6 | F44: 0 | G44: =(G43+H43-I43+K39) -> 6544 | H44: 0 | I44: ='B-JCI2 RH'!AJ263 -> 0 | J44: =IF(I44=0,"N/S",ROUND( ( ((G44) * 1)/I44)*F44,1)) -> N/S | K44: =V44+Z44+AD44 -> 3056 | L44: 0 | M44: ='B-JCI2 RH'!$D$295 -> 0.2963 | N44: 0 | O44: 12 | Q44: 0 | R44: =IF(F44=0,0,ROUND(I44/F44,0)) -> 0 | S44: 14 | T44: 0.77 | U44: =E44*7-N44 -> 42 | V44: =ROUND(((S44*T44*U44)/M44),0) -> 1528 | W44: =S44 -> 14 | X44: 0.77 | Y44: =U44 -> 42 | Z44: =ROUND(((W44*X44*Y44)/M44),0) -> 1528 | AA44: 0 | AB44: 0 | AC44: =E44*7-N44 -> 42 | AD44: =ROUND(((AA44*AB44*AC44)/M44),0) -> 0 | AE44: =S44+W44+AA44 -> 28 | AF44: =ROUND( ((SUM(I43:I44)*1)/SUM(Q43:Q44)*100),1) -> #DIV/0! | AG44: =K44*M44 -> 905.4928 | AH44: =S44*U44+W44*Y44+AA44*AC44 -> 1176 | AI44: =IF(AH44=0,0,AG44/AH44) -> 0.76997687
B45: Dec | C45: 46384 | D45: 53 | E45: 0 | F45: 0 | G45: =(G44+H44-I44+K40) -> 9600 | H45: 0 | I45: ='B-JCI2 RH'!AK263 -> 0 | J45: =IF(I45=0,"N/S",ROUND( ( ((G45) * 1)/I45)*F45,1)) -> N/S | K45: =V45+Z45+AD45 -> 0 | L45: 0 | M45: ='B-JCI2 RH'!$D$295 -> 0.2963 | N45: 0 | O45: 12 | Q45: 0 | R45: =IF(F45=0,0,ROUND(I45/F45,0)) -> 0 | S45: 14 | T45: 0.77 | U45: =E45*7-N45 -> 0 | V45: =ROUND(((S45*T45*U45)/M45),0) -> 0 | W45: =S45 -> 14 | X45: 0.77 | Y45: =U45 -> 0 | Z45: =ROUND(((W45*X45*Y45)/M45),0) -> 0 | AA45: 0 | AB45: 0 | AC45: =E45*7-N45 -> 0 | AD45: =ROUND(((AA45*AB45*AC45)/M45),0) -> 0 | AE45: =S45+W45+AA45 -> 28 | AF45: =ROUND( ((SUM(I44:I45)*1)/SUM(Q44:Q45)*100),1) -> #DIV/0! | AG45: =K45*M45 -> 0 | AH45: =S45*U45+W45*Y45+AA45*AC45 -> 0 | AI45: =IF(AH45=0,0,AG45/AH45) -> 0
B46: Jan | C46: 46391 | D46: 1 | E46: 6 | F46: 0 | G46: =(G45+H45-I45+K41) -> 12656 | H46: 0 | I46: ='B-JCI2 RH'!AL263 -> 0 | J46: =IF(I46=0,"N/S",ROUND( ( ((G46) * 1)/I46)*F46,1)) -> N/S | K46: =V46+Z46+AD46 -> 3056 | L46: 0 | M46: ='B-JCI2 RH'!$D$295 -> 0.2963 | N46: 0 | O46: 1 | Q46: 0 | R46: =IF(F46=0,0,ROUND(I46/F46,0)) -> 0 | S46: 14 | T46: 0.77 | U46: =E46*7-N46 -> 42 | V46: =ROUND(((S46*T46*U46)/M46),0) -> 1528 | W46: =S46 -> 14 | X46: 0.77 | Y46: =U46 -> 42 | Z46: =ROUND(((W46*X46*Y46)/M46),0) -> 1528 | AA46: 0 | AB46: 0 | AC46: =E46*7-N46 -> 42 | AD46: =ROUND(((AA46*AB46*AC46)/M46),0) -> 0 | AE46: =S46+W46+AA46 -> 28 | AF46: =ROUND( ((SUM(I45:I46)*1)/SUM(Q45:Q46)*100),1) -> #DIV/0! | AG46: =K46*M46 -> 905.4928 | AH46: =S46*U46+W46*Y46+AA46*AC46 -> 1176 | AI46: =IF(AH46=0,0,AG46/AH46) -> 0.76997687
B47: Jan | C47: 46398 | D47: 2 | E47: 4 | F47: 0 | G47: =(G46+H46-I46+K42) -> 15712 | H47: 0 | I47: ='B-JCI2 RH'!AM263 -> 0 | J47: =IF(I47=0,"N/S",ROUND( ( ((G47) * 1)/I47)*F47,1)) -> N/S | K47: =V47+Z47+AD47 -> 2038 | L47: 0 | M47: ='B-JCI2 RH'!$D$295 -> 0.2963 | N47: 0 | O47: 1 | Q47: 0 | R47: =IF(F47=0,0,ROUND(I47/F47,0)) -> 0 | S47: 14 | T47: 0.77 | U47: =E47*7-N47 -> 28 | V47: =ROUND(((S47*T47*U47)/M47),0) -> 1019 | W47: =S47 -> 14 | X47: 0.77 | Y47: =U47 -> 28 | Z47: =ROUND(((W47*X47*Y47)/M47),0) -> 1019 | AA47: 0 | AB47: 0 | AC47: =E47*7-N47 -> 28 | AD47: =ROUND(((AA47*AB47*AC47)/M47),0) -> 0 | AE47: =S47+W47+AA47 -> 28 | AF47: =ROUND( ((SUM(I46:I47)*1)/SUM(Q46:Q47)*100),1) -> #DIV/0! | AG47: =K47*M47 -> 603.8594 | AH47: =S47*U47+W47*Y47+AA47*AC47 -> 784 | AI47: =IF(AH47=0,0,AG47/AH47) -> 0.77022883
B48: Jan | C48: 46405 | D48: 3 | E48: 6 | F48: 5 | G48: =(G47+H47-I47+K43) -> 18768 | H48: 0 | I48: ='B-JCI2 RH'!AN263 -> 2724 | J48: =IF(I48=0,"N/S",ROUND( ( ((G48) * 1)/I48)*F48,1)) -> 34.4 | K48: =V48+Z48+AD48 -> 3056 | L48: 0 | M48: ='B-JCI2 RH'!$D$295 -> 0.2963 | N48: 0 | O48: 1 | Q48: 0 | R48: =IF(F48=0,0,ROUND(I48/F48,0)) -> 545 | S48: 14 | T48: 0.77 | U48: =E48*7-N48 -> 42 | V48: =ROUND(((S48*T48*U48)/M48),0) -> 1528 | W48: =S48 -> 14 | X48: 0.77 | Y48: =U48 -> 42 | Z48: =ROUND(((W48*X48*Y48)/M48),0) -> 1528 | AA48: 0 | AB48: 0 | AC48: =E48*7-N48 -> 42 | AD48: =ROUND(((AA48*AB48*AC48)/M48),0) -> 0 | AE48: =S48+W48+AA48 -> 28 | AF48: =ROUND( ((SUM(I47:I48)*1)/SUM(Q47:Q48)*100),1) -> #DIV/0! | AG48: =K48*M48 -> 905.4928 | AH48: =S48*U48+W48*Y48+AA48*AC48 -> 1176 | AI48: =IF(AH48=0,0,AG48/AH48) -> 0.76997687
B49: Jan | C49: 46412 | D49: 4 | E49: 6 | F49: 5 | G49: =(G48+H48-I48+K44) -> 19100 | H49: 0 | I49: ='B-JCI2 RH'!AO263 -> 2724 | J49: =IF(I49=0,"N/S",ROUND( ( ((G49) * 1)/I49)*F49,1)) -> 35.1 | K49: =V49+Z49+AD49 -> 3056 | L49: 0 | M49: ='B-JCI2 RH'!$D$295 -> 0.2963 | N49: 0 | O49: 1 | Q49: 0 | R49: =IF(F49=0,0,ROUND(I49/F49,0)) -> 545 | S49: 14 | T49: 0.77 | U49: =E49*7-N49 -> 42 | V49: =ROUND(((S49*T49*U49)/M49),0) -> 1528 | W49: =S49 -> 14 | X49: 0.77 | Y49: =U49 -> 42 | Z49: =ROUND(((W49*X49*Y49)/M49),0) -> 1528 | AA49: 0 | AB49: 0 | AC49: =E49*7-N49 -> 42 | AD49: =ROUND(((AA49*AB49*AC49)/M49),0) -> 0 | AE49: =S49+W49+AA49 -> 28 | AF49: =ROUND( ((SUM(I48:I49)*1)/SUM(Q48:Q49)*100),1) -> #DIV/0! | AG49: =K49*M49 -> 905.4928 | AH49: =S49*U49+W49*Y49+AA49*AC49 -> 1176 | AI49: =IF(AH49=0,0,AG49/AH49) -> 0.76997687
B50: Feb | C50: 46419 | D50: 5 | E50: 5 | F50: 5 | G50: =(G49+H49-I49+K45) -> 16376 | H50: 0 | I50: ='B-JCI2 RH'!AP263 -> 2724 | J50: =IF(I50=0,"N/S",ROUND( ( ((G50) * 1)/I50)*F50,1)) -> 30.1 | K50: =V50+Z50+AD50 -> 2546 | L50: 0 | M50: ='B-JCI2 RH'!$D$295 -> 0.2963 | N50: 0 | O50: 2 | Q50: 0 | R50: =IF(F50=0,0,ROUND(I50/F50,0)) -> 545 | S50: 14 | T50: 0.77 | U50: =E50*7-N50 -> 35 | V50: =ROUND(((S50*T50*U50)/M50),0) -> 1273 | W50: =S50 -> 14 | X50: 0.77 | Y50: =U50 -> 35 | Z50: =ROUND(((W50*X50*Y50)/M50),0) -> 1273 | AA50: 0 | AB50: 0 | AC50: =E50*7-N50 -> 35 | AD50: =ROUND(((AA50*AB50*AC50)/M50),0) -> 0 | AE50: =S50+W50+AA50 -> 28 | AF50: =ROUND( ((SUM(I49:I50)*1)/SUM(Q49:Q50)*100),1) -> #DIV/0! | AG50: =K50*M50 -> 754.3798 | AH50: =S50*U50+W50*Y50+AA50*AC50 -> 980 | AI50: =IF(AH50=0,0,AG50/AH50) -> 0.76977531
B51: Feb | C51: 46426 | D51: 6 | E51: 6 | F51: 5 | G51: =(G50+H50-I50+K46) -> 16708 | H51: 0 | I51: ='B-JCI2 RH'!AQ263 -> 3285 | J51: =IF(I51=0,"N/S",ROUND( ( ((G51) * 1)/I51)*F51,1)) -> 25.4 | K51: =V51+Z51+AD51 -> 3056 | L51: 0 | M51: ='B-JCI2 RH'!$D$295 -> 0.2963 | N51: 0 | O51: 2 | Q51: 0 | R51: =IF(F51=0,0,ROUND(I51/F51,0)) -> 657 | S51: 14 | T51: 0.77 | U51: =E51*7-N51 -> 42 | V51: =ROUND(((S51*T51*U51)/M51),0) -> 1528 | W51: =S51 -> 14 | X51: 0.77 | Y51: =U51 -> 42 | Z51: =ROUND(((W51*X51*Y51)/M51),0) -> 1528 | AA51: 0 | AB51: 0 | AC51: =E51*7-N51 -> 42 | AD51: =ROUND(((AA51*AB51*AC51)/M51),0) -> 0 | AE51: =S51+W51+AA51 -> 28 | AF51: =ROUND( ((SUM(I50:I51)*1)/SUM(Q50:Q51)*100),1) -> #DIV/0! | AG51: =K51*M51 -> 905.4928 | AH51: =S51*U51+W51*Y51+AA51*AC51 -> 1176 | AI51: =IF(AH51=0,0,AG51/AH51) -> 0.76997687
B52: Feb | C52: 46433 | D52: 7 | E52: 5 | F52: 5 | G52: =(G51+H51-I51+K47) -> 15461 | H52: 0 | I52: ='B-JCI2 RH'!AR263 -> 3285 | J52: =IF(I52=0,"N/S",ROUND( ( ((G52) * 1)/I52)*F52,1)) -> 23.5 | K52: =V52+Z52+AD52 -> 1274 | L52: 0 | M52: ='B-JCI2 RH'!$D$295 -> 0.2963 | N52: 0 | O52: 2 | Q52: 0 | R52: =IF(F52=0,0,ROUND(I52/F52,0)) -> 657 | S52: 14 | T52: 0.77 | U52: =E52*3.5-N52 -> 17.5 | V52: =ROUND(((S52*T52*U52)/M52),0) -> 637 | W52: =S52 -> 14 | X52: 0.77 | Y52: =U52 -> 17.5 | Z52: =ROUND(((W52*X52*Y52)/M52),0) -> 637 | AA52: 0 | AB52: 0 | AC52: =E52*7-N52 -> 35 | AD52: =ROUND(((AA52*AB52*AC52)/M52),0) -> 0 | AE52: =S52+W52+AA52 -> 28 | AF52: =ROUND( ((SUM(I51:I52)*1)/SUM(Q51:Q52)*100),1) -> #DIV/0! | AG52: =K52*M52 -> 377.4862 | AH52: =S52*U52+W52*Y52+AA52*AC52 -> 490 | AI52: =IF(AH52=0,0,AG52/AH52) -> 0.77038
B53: Feb | C53: 46440 | D53: 8 | E53: 6 | F53: 4 | G53: =(G52+H52-I52+K48) -> 15232 | H53: 0 | I53: ='B-JCI2 RH'!AS263 -> 2634 | J53: =IF(I53=0,"N/S",ROUND( ( ((G53) * 1)/I53)*F53,1)) -> 23.1 | K53: =V53+Z53+AD53 -> 1528 | L53: 0 | M53: ='B-JCI2 RH'!$D$295 -> 0.2963 | N53: 0 | O53: 2 | Q53: 0 | R53: =IF(F53=0,0,ROUND(I53/F53,0)) -> 659 | S53: 14 | T53: 0.77 | U53: =E53*3.5-N53 -> 21 | V53: =ROUND(((S53*T53*U53)/M53),0) -> 764 | W53: =S53 -> 14 | X53: 0.77 | Y53: =U53 -> 21 | Z53: =ROUND(((W53*X53*Y53)/M53),0) -> 764 | AA53: 0 | AB53: 0 | AC53: =E53*7-N53 -> 42 | AD53: =ROUND(((AA53*AB53*AC53)/M53),0) -> 0 | AE53: =S53+W53+AA53 -> 28 | AF53: =ROUND( ((SUM(I52:I53)*1)/SUM(Q52:Q53)*100),1) -> #DIV/0! | AG53: =K53*M53 -> 452.7464 | AH53: =S53*U53+W53*Y53+AA53*AC53 -> 588 | AI53: =IF(AH53=0,0,AG53/AH53) -> 0.76997687
B54: Mar | C54: 46447 | D54: 9 | E54: 6 | F54: 5 | G54: =(G53+H53-I53+K49) -> 15654 | H54: 0 | I54: ='B-JCI2 RH'!AT263 -> 3285 | J54: =IF(I54=0,"N/S",ROUND( ( ((G54) * 1)/I54)*F54,1)) -> 23.8 | K54: =V54+Z54+AD54 -> 1528 | L54: 0 | M54: ='B-JCI2 RH'!$D$295 -> 0.2963 | N54: 0 | O54: 3 | Q54: 0 | R54: =IF(F54=0,0,ROUND(I54/F54,0)) -> 657 | S54: 14 | T54: 0.77 | U54: =E54*3.5-N54 -> 21 | V54: =ROUND(((S54*T54*U54)/M54),0) -> 764 | W54: =S54 -> 14 | X54: 0.77 | Y54: =U54 -> 21 | Z54: =ROUND(((W54*X54*Y54)/M54),0) -> 764 | AA54: 0 | AB54: 0 | AC54: =E54*7-N54 -> 42 | AD54: =ROUND(((AA54*AB54*AC54)/M54),0) -> 0 | AE54: =S54+W54+AA54 -> 28 | AF54: =ROUND( ((SUM(I53:I54)*1)/SUM(Q53:Q54)*100),1) -> #DIV/0! | AG54: =K54*M54 -> 452.7464 | AH54: =S54*U54+W54*Y54+AA54*AC54 -> 588 | AI54: =IF(AH54=0,0,AG54/AH54) -> 0.76997687
B55: Mar | C55: 46454 | D55: 10 | E55: 6 | F55: 5 | G55: =(G54+H54-I54+K50) -> 14915 | H55: 0 | I55: ='B-JCI2 RH'!AU263 -> 3124 | J55: =IF(I55=0,"N/S",ROUND( ( ((G55) * 1)/I55)*F55,1)) -> 23.9 | K55: =V55+Z55+AD55 -> 1528 | L55: 0 | M55: ='B-JCI2 RH'!$D$295 -> 0.2963 | N55: 0 | O55: 3 | Q55: 0 | R55: =IF(F55=0,0,ROUND(I55/F55,0)) -> 625 | S55: 14 | T55: 0.77 | U55: =E55*3.5-N55 -> 21 | V55: =ROUND(((S55*T55*U55)/M55),0) -> 764 | W55: =S55 -> 14 | X55: 0.77 | Y55: =U55 -> 21 | Z55: =ROUND(((W55*X55*Y55)/M55),0) -> 764 | AA55: 0 | AB55: 0 | AC55: =E55*7-N55 -> 42 | AD55: =ROUND(((AA55*AB55*AC55)/M55),0) -> 0 | AE55: =S55+W55+AA55 -> 28 | AF55: =ROUND( ((SUM(I54:I55)*1)/SUM(Q54:Q55)*100),1) -> #DIV/0! | AG55: =K55*M55 -> 452.7464 | AH55: =S55*U55+W55*Y55+AA55*AC55 -> 588 | AI55: =IF(AH55=0,0,AG55/AH55) -> 0.76997687
B56: Mar | C56: 46461 | D56: 11 | E56: 3 | F56: 5 | G56: =(G55+H55-I55+K51) -> 14847 | H56: 0 | I56: ='B-JCI2 RH'!AV263 -> 3124 | J56: =IF(I56=0,"N/S",ROUND( ( ((G56) * 1)/I56)*F56,1)) -> 23.8 | K56: =V56+Z56+AD56 -> 764 | L56: 0 | M56: ='B-JCI2 RH'!$D$295 -> 0.2963 | N56: 0 | O56: 3 | Q56: 0 | R56: =IF(F56=0,0,ROUND(I56/F56,0)) -> 625 | S56: 14 | T56: 0.77 | U56: =E56*3.5-N56 -> 10.5 | V56: =ROUND(((S56*T56*U56)/M56),0) -> 382 | W56: =S56 -> 14 | X56: 0.77 | Y56: =U56 -> 10.5 | Z56: =ROUND(((W56*X56*Y56)/M56),0) -> 382 | AA56: 0 | AB56: 0 | AC56: =E56*7-N56 -> 21 | AD56: =ROUND(((AA56*AB56*AC56)/M56),0) -> 0 | AE56: =S56+W56+AA56 -> 28 | AF56: =ROUND( ((SUM(I55:I56)*1)/SUM(Q55:Q56)*100),1) -> #DIV/0! | AG56: =K56*M56 -> 226.3732 | AH56: =S56*U56+W56*Y56+AA56*AC56 -> 294 | AI56: =IF(AH56=0,0,AG56/AH56) -> 0.76997687
B57: Mar | C57: 46468 | D57: 12 | E57: 4 | F57: 5 | G57: =(G56+H56-I56+K52) -> 12997 | H57: 0 | I57: ='B-JCI2 RH'!AW263 -> 3124 | J57: =IF(I57=0,"N/S",ROUND( ( ((G57) * 1)/I57)*F57,1)) -> 20.8 | K57: =V57+Z57+AD57 -> 2038 | L57: 0 | M57: ='B-JCI2 RH'!$D$295 -> 0.2963 | N57: 0 | O57: 3 | Q57: 0 | R57: =IF(F57=0,0,ROUND(I57/F57,0)) -> 625 | S57: 14 | T57: 0.77 | U57: =E57*7-N57 -> 28 | V57: =ROUND(((S57*T57*U57)/M57),0) -> 1019 | W57: =S57 -> 14 | X57: 0.77 | Y57: =U57 -> 28 | Z57: =ROUND(((W57*X57*Y57)/M57),0) -> 1019 | AA57: 0 | AB57: 0 | AC57: =E57*7-N57 -> 28 | AD57: =ROUND(((AA57*AB57*AC57)/M57),0) -> 0 | AE57: =S57+W57+AA57 -> 28 | AF57: =ROUND( ((SUM(I56:I57)*1)/SUM(Q56:Q57)*100),1) -> #DIV/0! | AG57: =K57*M57 -> 603.8594 | AH57: =S57*U57+W57*Y57+AA57*AC57 -> 784 | AI57: =IF(AH57=0,0,AG57/AH57) -> 0.77022883
B58: Mar | C58: 46475 | D58: 13 | E58: 6 | F58: 5 | G58: =(G57+H57-I57+K53) -> 11401 | H58: 0 | I58: ='B-JCI2 RH'!AX263 -> 3124 | J58: =IF(I58=0,"N/S",ROUND( ( ((G58) * 1)/I58)*F58,1)) -> 18.2 | K58: =V58+Z58+AD58 -> 3056 | L58: 0 | M58: ='B-JCI2 RH'!$D$295 -> 0.2963 | N58: 0 | O58: 3 | Q58: 0 | R58: =IF(F58=0,0,ROUND(I58/F58,0)) -> 625 | S58: 14 | T58: 0.77 | U58: =E58*7-N58 -> 42 | V58: =ROUND(((S58*T58*U58)/M58),0) -> 1528 | W58: =S58 -> 14 | X58: 0.77 | Y58: =U58 -> 42 | Z58: =ROUND(((W58*X58*Y58)/M58),0) -> 1528 | AA58: 0 | AB58: 0 | AC58: =E58*7-N58 -> 42 | AD58: =ROUND(((AA58*AB58*AC58)/M58),0) -> 0 | AE58: =S58+W58+AA58 -> 28 | AF58: =ROUND( ((SUM(I57:I58)*1)/SUM(Q57:Q58)*100),1) -> #DIV/0! | AG58: =K58*M58 -> 905.4928 | AH58: =S58*U58+W58*Y58+AA58*AC58 -> 1176 | AI58: =IF(AH58=0,0,AG58/AH58) -> 0.76997687
B59: Apr | C59: 46482 | D59: 14 | E59: 4 | F59: 4 | G59: =(G58+H58-I58+K54) -> 9805 | H59: 0 | I59: ='B-JCI2 RH'!AY263 -> 2500 | J59: =IF(I59=0,"N/S",ROUND( ( ((G59) * 1)/I59)*F59,1)) -> 15.7 | K59: =V59+Z59+AD59 -> 2038 | L59: 0 | M59: ='B-JCI2 RH'!$D$295 -> 0.2963 | N59: 0 | O59: 4 | Q59: 0 | R59: =IF(F59=0,0,ROUND(I59/F59,0)) -> 625 | S59: 14 | T59: 0.77 | U59: =E59*7-N59 -> 28 | V59: =ROUND(((S59*T59*U59)/M59),0) -> 1019 | W59: =S59 -> 14 | X59: 0.77 | Y59: =U59 -> 28 | Z59: =ROUND(((W59*X59*Y59)/M59),0) -> 1019 | AA59: 0 | AB59: 0 | AC59: =E59*7-N59 -> 28 | AD59: =ROUND(((AA59*AB59*AC59)/M59),0) -> 0 | AE59: =S59+W59+AA59 -> 28 | AF59: =ROUND( ((SUM(I58:I59)*1)/SUM(Q58:Q59)*100),1) -> #DIV/0! | AG59: =K59*M59 -> 603.8594 | AH59: =S59*U59+W59*Y59+AA59*AC59 -> 784 | AI59: =IF(AH59=0,0,AG59/AH59) -> 0.77022883
B60: Apr | C60: 46489 | D60: 15 | E60: 6 | F60: 5 | G60: =(G59+H59-I59+K55) -> 8833 | H60: 0 | I60: ='B-JCI2 RH'!AZ263 -> 2227 | J60: =IF(I60=0,"N/S",ROUND( ( ((G60) * 1)/I60)*F60,1)) -> 19.8 | K60: =V60+Z60+AD60 -> 3056 | L60: 0 | M60: ='B-JCI2 RH'!$D$295 -> 0.2963 | N60: 0 | O60: 4 | Q60: 0 | R60: =IF(F60=0,0,ROUND(I60/F60,0)) -> 445 | S60: 14 | T60: 0.77 | U60: =E60*7-N60 -> 42 | V60: =ROUND(((S60*T60*U60)/M60),0) -> 1528 | W60: =S60 -> 14 | X60: 0.77 | Y60: =U60 -> 42 | Z60: =ROUND(((W60*X60*Y60)/M60),0) -> 1528 | AA60: 0 | AB60: 0 | AC60: =E60*7-N60 -> 42 | AD60: =ROUND(((AA60*AB60*AC60)/M60),0) -> 0 | AE60: =S60+W60+AA60 -> 28 | AF60: =ROUND( ((SUM(I59:I60)*1)/SUM(Q59:Q60)*100),1) -> #DIV/0! | AG60: =K60*M60 -> 905.4928 | AH60: =S60*U60+W60*Y60+AA60*AC60 -> 1176 | AI60: =IF(AH60=0,0,AG60/AH60) -> 0.76997687
B61: Apr | C61: 46496 | D61: 16 | E61: 6 | F61: 5 | G61: =(G60+H60-I60+K56) -> 7370 | H61: 0 | I61: ='B-JCI2 RH'!BA263 -> 2227 | J61: =IF(I61=0,"N/S",ROUND( ( ((G61) * 1)/I61)*F61,1)) -> 16.5 | K61: =V61+Z61+AD61 -> 3056 | L61: 0 | M61: ='B-JCI2 RH'!$D$295 -> 0.2963 | N61: 0 | O61: 4 | Q61: 0 | R61: =IF(F61=0,0,ROUND(I61/F61,0)) -> 445 | S61: 14 | T61: 0.77 | U61: =E61*7-N61 -> 42 | V61: =ROUND(((S61*T61*U61)/M61),0) -> 1528 | W61: =S61 -> 14 | X61: 0.77 | Y61: =U61 -> 42 | Z61: =ROUND(((W61*X61*Y61)/M61),0) -> 1528 | AA61: 0 | AB61: 0 | AC61: =E61*7-N61 -> 42 | AD61: =ROUND(((AA61*AB61*AC61)/M61),0) -> 0 | AE61: =S61+W61+AA61 -> 28 | AF61: =ROUND( ((SUM(I60:I61)*1)/SUM(Q60:Q61)*100),1) -> #DIV/0! | AG61: =K61*M61 -> 905.4928 | AH61: =S61*U61+W61*Y61+AA61*AC61 -> 1176 | AI61: =IF(AH61=0,0,AG61/AH61) -> 0.76997687
B62: Apr | C62: 46503 | D62: 17 | E62: 3 | F62: 5 | G62: =(G61+H61-I61+K57) -> 7181 | H62: 0 | I62: ='B-JCI2 RH'!BB263 -> 2227 | J62: =IF(I62=0,"N/S",ROUND( ( ((G62) * 1)/I62)*F62,1)) -> 16.1 | K62: =V62+Z62+AD62 -> 1528 | L62: 0 | M62: ='B-JCI2 RH'!$D$295 -> 0.2963 | N62: 0 | O62: 4 | Q62: 0 | R62: =IF(F62=0,0,ROUND(I62/F62,0)) -> 445 | S62: 14 | T62: 0.77 | U62: =E62*7-N62 -> 21 | V62: =ROUND(((S62*T62*U62)/M62),0) -> 764 | W62: =S62 -> 14 | X62: 0.77 | Y62: =U62 -> 21 | Z62: =ROUND(((W62*X62*Y62)/M62),0) -> 764 | AA62: 0 | AB62: 0 | AC62: =E62*7-N62 -> 21 | AD62: =ROUND(((AA62*AB62*AC62)/M62),0) -> 0 | AE62: =S62+W62+AA62 -> 28 | AF62: =ROUND( ((SUM(I61:I62)*1)/SUM(Q61:Q62)*100),1) -> #DIV/0! | AG62: =K62*M62 -> 452.7464 | AH62: =S62*U62+W62*Y62+AA62*AC62 -> 588 | AI62: =IF(AH62=0,0,AG62/AH62) -> 0.76997687
B63: May | C63: 46510 | D63: 18 | E63: 6 | F63: 4 | G63: =(G62+H62-I62+K58) -> 8010 | H63: 0 | I63: ='B-JCI2 RH'!BC263 -> 2500 | J63: =IF(I63=0,"N/S",ROUND( ( ((G63) * 1)/I63)*F63,1)) -> 12.8 | K63: =V63+Z63+AD63 -> 3056 | L63: 0 | M63: ='B-JCI2 RH'!$D$295 -> 0.2963 | N63: 0 | O63: 5 | Q63: 0 | R63: =IF(F63=0,0,ROUND(I63/F63,0)) -> 625 | S63: 14 | T63: 0.77 | U63: =E63*7-N63 -> 42 | V63: =ROUND(((S63*T63*U63)/M63),0) -> 1528 | W63: =S63 -> 14 | X63: 0.77 | Y63: =U63 -> 42 | Z63: =ROUND(((W63*X63*Y63)/M63),0) -> 1528 | AA63: 0 | AB63: 0 | AC63: =E63*7-N63 -> 42 | AD63: =ROUND(((AA63*AB63*AC63)/M63),0) -> 0 | AE63: =S63+W63+AA63 -> 28 | AF63: =ROUND( ((SUM(I62:I63)*1)/SUM(Q62:Q63)*100),1) -> #DIV/0! | AG63: =K63*M63 -> 905.4928 | AH63: =S63*U63+W63*Y63+AA63*AC63 -> 1176 | AI63: =IF(AH63=0,0,AG63/AH63) -> 0.76997687
B64: May | C64: 46517 | D64: 19 | E64: 3 | F64: 5 | G64: =(G63+H63-I63+K59) -> 7548 | H64: 0 | I64: ='B-JCI2 RH'!BD263 -> 2500 | J64: =IF(I64=0,"N/S",ROUND( ( ((G64) * 1)/I64)*F64,1)) -> 15.1 | K64: =V64+Z64+AD64 -> 1528 | L64: 0 | M64: ='B-JCI2 RH'!$D$295 -> 0.2963 | N64: 0 | O64: 5 | Q64: 0 | R64: =IF(F64=0,0,ROUND(I64/F64,0)) -> 500 | S64: 14 | T64: 0.77 | U64: =E64*7-N64 -> 21 | V64: =ROUND(((S64*T64*U64)/M64),0) -> 764 | W64: =S64 -> 14 | X64: 0.77 | Y64: =U64 -> 21 | Z64: =ROUND(((W64*X64*Y64)/M64),0) -> 764 | AA64: 0 | AB64: 0 | AC64: =E64*7-N64 -> 21 | AD64: =ROUND(((AA64*AB64*AC64)/M64),0) -> 0 | AE64: =S64+W64+AA64 -> 28 | AF64: =ROUND( ((SUM(I63:I64)*1)/SUM(Q63:Q64)*100),1) -> #DIV/0! | AG64: =K64*M64 -> 452.7464 | AH64: =S64*U64+W64*Y64+AA64*AC64 -> 588 | AI64: =IF(AH64=0,0,AG64/AH64) -> 0.76997687
B65: May | C65: 46524 | D65: 20 | E65: 6 | F65: 3 | G65: =(G64+H64-I64+K60) -> 8104 | H65: 0 | I65: ='B-JCI2 RH'!BE263 -> 2500 | J65: =IF(I65=0,"N/S",ROUND( ( ((G65) * 1)/I65)*F65,1)) -> 9.7 | K65: =V65+Z65+AD65 -> 3056 | L65: 0 | M65: ='B-JCI2 RH'!$D$295 -> 0.2963 | N65: 0 | O65: 5 | Q65: 0 | R65: =IF(F65=0,0,ROUND(I65/F65,0)) -> 833 | S65: 14 | T65: 0.77 | U65: =E65*7-N65 -> 42 | V65: =ROUND(((S65*T65*U65)/M65),0) -> 1528 | W65: =S65 -> 14 | X65: 0.77 | Y65: =U65 -> 42 | Z65: =ROUND(((W65*X65*Y65)/M65),0) -> 1528 | AA65: 0 | AB65: 0 | AC65: =E65*7-N65 -> 42 | AD65: =ROUND(((AA65*AB65*AC65)/M65),0) -> 0 | AE65: =S65+W65+AA65 -> 28 | AF65: =ROUND( ((SUM(I64:I65)*1)/SUM(Q64:Q65)*100),1) -> #DIV/0! | AG65: =K65*M65 -> 905.4928 | AH65: =S65*U65+W65*Y65+AA65*AC65 -> 1176 | AI65: =IF(AH65=0,0,AG65/AH65) -> 0.76997687
B66: May | C66: 46531 | D66: 21 | E66: 6 | F66: 5 | G66: =(G65+H65-I65+K61) -> 8660 | H66: 0 | I66: ='B-JCI2 RH'!BF263 -> 2500 | J66: =IF(I66=0,"N/S",ROUND( ( ((G66) * 1)/I66)*F66,1)) -> 17.3 | K66: =V66+Z66+AD66 -> 3056 | L66: 0 | M66: ='B-JCI2 RH'!$D$295 -> 0.2963 | N66: 0 | O66: 5 | Q66: 0 | R66: =IF(F66=0,0,ROUND(I66/F66,0)) -> 500 | S66: 14 | T66: 0.77 | U66: =E66*7-N66 -> 42 | V66: =ROUND(((S66*T66*U66)/M66),0) -> 1528 | W66: =S66 -> 14 | X66: 0.77 | Y66: =U66 -> 42 | Z66: =ROUND(((W66*X66*Y66)/M66),0) -> 1528 | AA66: 0 | AB66: 0 | AC66: =E66*7-N66 -> 42 | AD66: =ROUND(((AA66*AB66*AC66)/M66),0) -> 0 | AE66: =S66+W66+AA66 -> 28 | AF66: =ROUND( ((SUM(I65:I66)*1)/SUM(Q65:Q66)*100),1) -> #DIV/0! | AG66: =K66*M66 -> 905.4928 | AH66: =S66*U66+W66*Y66+AA66*AC66 -> 1176 | AI66: =IF(AH66=0,0,AG66/AH66) -> 0.76997687
B67: May | C67: 46538 | D67: 22 | E67: 6 | F67: 4 | G67: =(G66+H66-I66+K62) -> 7688 | H67: 0 | I67: ='B-JCI2 RH'!BG263 -> 2500 | J67: =IF(I67=0,"N/S",ROUND( ( ((G67) * 1)/I67)*F67,1)) -> 12.3 | K67: =V67+Z67+AD67 -> 3056 | L67: 0 | M67: ='B-JCI2 RH'!$D$295 -> 0.2963 | N67: 0 | O67: 5 | Q67: 0 | R67: =IF(F67=0,0,ROUND(I67/F67,0)) -> 625 | S67: 14 | T67: 0.77 | U67: =E67*7-N67 -> 42 | V67: =ROUND(((S67*T67*U67)/M67),0) -> 1528 | W67: =S67 -> 14 | X67: 0.77 | Y67: =U67 -> 42 | Z67: =ROUND(((W67*X67*Y67)/M67),0) -> 1528 | AA67: 0 | AB67: 0 | AC67: =E67*7-N67 -> 42 | AD67: =ROUND(((AA67*AB67*AC67)/M67),0) -> 0 | AE67: =S67+W67+AA67 -> 28 | AF67: =ROUND( ((SUM(I66:I67)*1)/SUM(Q66:Q67)*100),1) -> #DIV/0! | AG67: =K67*M67 -> 905.4928 | AH67: =S67*U67+W67*Y67+AA67*AC67 -> 1176 | AI67: =IF(AH67=0,0,AG67/AH67) -> 0.76997687
B68: Jun | C68: 46545 | D68: 23 | E68: 6 | F68: 5 | G68: =(G67+H67-I67+K63) -> 8244 | H68: 0 | I68: ='B-JCI2 RH'!BH263 -> 2500 | J68: =IF(I68=0,"N/S",ROUND( ( ((G68) * 1)/I68)*F68,1)) -> 16.5 | K68: =V68+Z68+AD68 -> 3056 | L68: 0 | M68: ='B-JCI2 RH'!$D$295 -> 0.2963 | N68: 0 | O68: 6 | Q68: 0 | R68: =IF(F68=0,0,ROUND(I68/F68,0)) -> 500 | S68: 14 | T68: 0.77 | U68: =E68*7-N68 -> 42 | V68: =ROUND(((S68*T68*U68)/M68),0) -> 1528 | W68: 14 | X68: 0.77 | Y68: =U68 -> 42 | Z68: =ROUND(((W68*X68*Y68)/M68),0) -> 1528 | AA68: 0 | AB68: 0 | AC68: =E68*7-N68 -> 42 | AD68: =ROUND(((AA68*AB68*AC68)/M68),0) -> 0 | AE68: =S68+W68+AA68 -> 28 | AF68: =ROUND( ((SUM(I67:I68)*1)/SUM(Q67:Q68)*100),1) -> #DIV/0! | AG68: =K68*M68 -> 905.4928 | AH68: =S68*U68+W68*Y68+AA68*AC68 -> 1176 | AI68: =IF(AH68=0,0,AG68/AH68) -> 0.76997687
B69: Jun | C69: 46552 | D69: 24 | E69: 5 | F69: 5 | G69: =(G68+H68-I68+K64) -> 7272 | H69: 0 | I69: ='B-JCI2 RH'!BI263 -> 2500 | J69: =IF(I69=0,"N/S",ROUND( ( ((G69) * 1)/I69)*F69,1)) -> 14.5 | K69: =V69+Z69+AD69 -> 2546 | L69: 0 | M69: ='B-JCI2 RH'!$D$295 -> 0.2963 | N69: 0 | O69: 6 | Q69: 0 | R69: =IF(F69=0,0,ROUND(I69/F69,0)) -> 500 | S69: 14 | T69: 0.77 | U69: =E69*7-N69 -> 35 | V69: =ROUND(((S69*T69*U69)/M69),0) -> 1273 | W69: 14 | X69: 0.77 | Y69: =U69 -> 35 | Z69: =ROUND(((W69*X69*Y69)/M69),0) -> 1273 | AA69: 0 | AB69: 0 | AC69: =E69*7-N69 -> 35 | AD69: =ROUND(((AA69*AB69*AC69)/M69),0) -> 0 | AE69: =S69+W69+AA69 -> 28 | AF69: =ROUND( ((SUM(I68:I69)*1)/SUM(Q68:Q69)*100),1) -> #DIV/0! | AG69: =K69*M69 -> 754.3798 | AH69: =S69*U69+W69*Y69+AA69*AC69 -> 980 | AI69: =IF(AH69=0,0,AG69/AH69) -> 0.76977531
B70: Jun | C70: 46559 | D70: 25 | E70: 6 | F70: 5 | G70: =(G69+H69-I69+K65) -> 7828 | H70: 0 | I70: ='B-JCI2 RH'!BJ263 -> 2500 | J70: =IF(I70=0,"N/S",ROUND( ( ((G70) * 1)/I70)*F70,1)) -> 15.7 | K70: =V70+Z70+AD70 -> 3056 | L70: 0 | M70: ='B-JCI2 RH'!$D$295 -> 0.2963 | N70: 0 | O70: 6 | Q70: 0 | R70: =IF(F70=0,0,ROUND(I70/F70,0)) -> 500 | S70: 14 | T70: 0.77 | U70: =E70*7-N70 -> 42 | V70: =ROUND(((S70*T70*U70)/M70),0) -> 1528 | W70: 14 | X70: 0.77 | Y70: =U70 -> 42 | Z70: =ROUND(((W70*X70*Y70)/M70),0) -> 1528 | AA70: 0 | AB70: 0 | AC70: =E70*7-N70 -> 42 | AD70: =ROUND(((AA70*AB70*AC70)/M70),0) -> 0 | AE70: =S70+W70+AA70 -> 28 | AF70: =ROUND( ((SUM(I69:I70)*1)/SUM(Q69:Q70)*100),1) -> #DIV/0! | AG70: =K70*M70 -> 905.4928 | AH70: =S70*U70+W70*Y70+AA70*AC70 -> 1176 | AI70: =IF(AH70=0,0,AG70/AH70) -> 0.76997687
B71: Jun | C71: 46566 | D71: 26 | E71: 4 | F71: 5 | G71: =(G70+H70-I70+K66) -> 8384 | H71: 0 | I71: ='B-JCI2 RH'!BK263 -> 2500 | J71: =IF(I71=0,"N/S",ROUND( ( ((G71) * 1)/I71)*F71,1)) -> 16.8 | K71: =V71+Z71+AD71 -> 1019 | L71: 0 | M71: ='B-JCI2 RH'!$D$295 -> 0.2963 | N71: 0 | O71: 6 | Q71: 0 | R71: =IF(F71=0,0,ROUND(I71/F71,0)) -> 500 | S71: 14 | T71: 0.77 | U71: =E71*7-N71 -> 28 | V71: =ROUND(((S71*T71*U71)/M71),0) -> 1019 | W71: 0 | X71: 0.77 | Y71: =U71 -> 28 | Z71: =ROUND(((W71*X71*Y71)/M71),0) -> 0 | AA71: 0 | AB71: 0 | AC71: =E71*7-N71 -> 28 | AD71: =ROUND(((AA71*AB71*AC71)/M71),0) -> 0 | AE71: =S71+W71+AA71 -> 14 | AF71: =ROUND( ((SUM(I70:I71)*1)/SUM(Q70:Q71)*100),1) -> #DIV/0! | AG71: =K71*M71 -> 301.9297 | AH71: =S71*U71+W71*Y71+AA71*AC71 -> 392 | AI71: =IF(AH71=0,0,AG71/AH71) -> 0.77022883
B72: Jul | C72: 46573 | D72: 27 | E72: 1 | F72: 5 | G72: =(G71+H71-I71+K67) -> 8940 | H72: 0 | I72: ='B-JCI2 RH'!BL263 -> 2485 | J72: =IF(I72=0,"N/S",ROUND( ( ((G72) * 1)/I72)*F72,1)) -> 18 | K72: =V72+Z72+AD72 -> 255 | L72: 0 | M72: ='B-JCI2 RH'!$D$295 -> 0.2963 | N72: 0 | O72: 7 | Q72: 0 | R72: =IF(F72=0,0,ROUND(I72/F72,0)) -> 497 | S72: 14 | T72: 0.77 | U72: =E72*7-N72 -> 7 | V72: =ROUND(((S72*T72*U72)/M72),0) -> 255 | W72: 0 | X72: 0.77 | Y72: =U72 -> 7 | Z72: =ROUND(((W72*X72*Y72)/M72),0) -> 0 | AA72: 0 | AB72: 0 | AC72: =E72*7-N72 -> 7 | AD72: =ROUND(((AA72*AB72*AC72)/M72),0) -> 0 | AE72: =S72+W72+AA72 -> 14 | AF72: =ROUND( ((SUM(I71:I72)*1)/SUM(Q71:Q72)*100),1) -> #DIV/0! | AG72: =K72*M72 -> 75.5565 | AH72: =S72*U72+W72*Y72+AA72*AC72 -> 98 | AI72: =IF(AH72=0,0,AG72/AH72) -> 0.77098469
B73: Jul | C73: 46580 | D73: 28 | E73: 6 | F73: 5 | G73: =(G72+H72-I72+K68) -> 9511 | H73: 0 | I73: ='B-JCI2 RH'!BM263 -> 2485 | J73: =IF(I73=0,"N/S",ROUND( ( ((G73) * 1)/I73)*F73,1)) -> 19.1 | K73: =V73+Z73+AD73 -> 1528 | L73: 0 | M73: ='B-JCI2 RH'!$D$295 -> 0.2963 | N73: 0 | O73: 7 | Q73: 0 | R73: =IF(F73=0,0,ROUND(I73/F73,0)) -> 497 | S73: 14 | T73: 0.77 | U73: =E73*7-N73 -> 42 | V73: =ROUND(((S73*T73*U73)/M73),0) -> 1528 | W73: 0 | X73: 0.77 | Y73: =U73 -> 42 | Z73: =ROUND(((W73*X73*Y73)/M73),0) -> 0 | AA73: 0 | AB73: 0 | AC73: =E73*7-N73 -> 42 | AD73: =ROUND(((AA73*AB73*AC73)/M73),0) -> 0 | AE73: =S73+W73+AA73 -> 14 | AF73: =ROUND( ((SUM(I72:I73)*1)/SUM(Q72:Q73)*100),1) -> #DIV/0! | AG73: =K73*M73 -> 452.7464 | AH73: =S73*U73+W73*Y73+AA73*AC73 -> 588 | AI73: =IF(AH73=0,0,AG73/AH73) -> 0.76997687
B74: Jul | C74: 46587 | D74: 29 | E74: 6 | F74: 9 | G74: =(G73+H73-I73+K69) -> 9572 | H74: 0 | I74: ='B-JCI2 RH'!BN263 -> 4526 | J74: =IF(I74=0,"N/S",ROUND( ( ((G74) * 1)/I74)*F74,1)) -> 19 | K74: =V74+Z74+AD74 -> 1528 | L74: 0 | M74: ='B-JCI2 RH'!$D$295 -> 0.2963 | N74: 0 | O74: 7 | Q74: 0 | R74: =IF(F74=0,0,ROUND(I74/F74,0)) -> 503 | S74: 14 | T74: 0.77 | U74: =E74*7-N74 -> 42 | V74: =ROUND(((S74*T74*U74)/M74),0) -> 1528 | W74: 0 | X74: 0.77 | Y74: =U74 -> 42 | Z74: =ROUND(((W74*X74*Y74)/M74),0) -> 0 | AA74: 0 | AB74: 0 | AC74: =E74*7-N74 -> 42 | AD74: =ROUND(((AA74*AB74*AC74)/M74),0) -> 0 | AE74: =S74+W74+AA74 -> 14 | AF74: =ROUND( ((SUM(I73:I74)*1)/SUM(Q73:Q74)*100),1) -> #DIV/0! | AG74: =K74*M74 -> 452.7464 | AH74: =S74*U74+W74*Y74+AA74*AC74 -> 588 | AI74: =IF(AH74=0,0,AG74/AH74) -> 0.76997687
B75: Jul | C75: 46594 | D75: 30 | E75: 5 | F75: 0 | G75: =(G74+H74-I74+K70) -> 8102 | H75: 0 | I75: ='B-JCI2 RH'!BO263 -> 0 | J75: =IF(I75=0,"N/S",ROUND( ( ((G75) * 1)/I75)*F75,1)) -> N/S | K75: =V75+Z75+AD75 -> 1273 | L75: 0 | M75: ='B-JCI2 RH'!$D$295 -> 0.2963 | N75: 0 | O75: 7 | Q75: 0 | R75: =IF(F75=0,0,ROUND(I75/F75,0)) -> 0 | S75: 14 | T75: 0.77 | U75: =E75*7-N75 -> 35 | V75: =ROUND(((S75*T75*U75)/M75),0) -> 1273 | W75: 0 | X75: 0.77 | Y75: =U75 -> 35 | Z75: =ROUND(((W75*X75*Y75)/M75),0) -> 0 | AA75: 0 | AB75: 0 | AC75: =E75*7-N75 -> 35 | AD75: =ROUND(((AA75*AB75*AC75)/M75),0) -> 0 | AE75: =S75+W75+AA75 -> 14 | AF75: =ROUND( ((SUM(I74:I75)*1)/SUM(Q74:Q75)*100),1) -> #DIV/0! | AG75: =K75*M75 -> 377.1899 | AH75: =S75*U75+W75*Y75+AA75*AC75 -> 490 | AI75: =IF(AH75=0,0,AG75/AH75) -> 0.76977531
B76: Aug | C76: 46601 | D76: 31 | E76: 6 | F76: 0 | G76: =(G75+H75-I75+K71) -> 9121 | H76: 0 | I76: ='B-JCI2 RH'!BP263 -> 0 | J76: =IF(I76=0,"N/S",ROUND( ( ((G76) * 1)/I76)*F76,1)) -> N/S | K76: =V76+Z76+AD76 -> 1528 | L76: 0 | M76: ='B-JCI2 RH'!$D$295 -> 0.2963 | N76: 0 | O76: 8 | Q76: 0 | R76: =IF(F76=0,0,ROUND(I76/F76,0)) -> 0 | S76: 14 | T76: 0.77 | U76: =E76*7-N76 -> 42 | V76: =ROUND(((S76*T76*U76)/M76),0) -> 1528 | W76: 0 | X76: 0.77 | Y76: =U76 -> 42 | Z76: =ROUND(((W76*X76*Y76)/M76),0) -> 0 | AA76: 0 | AB76: 0 | AC76: =E76*7-N76 -> 42 | AD76: =ROUND(((AA76*AB76*AC76)/M76),0) -> 0 | AE76: =S76+W76+AA76 -> 14 | AF76: =ROUND( ((SUM(I75:I76)*1)/SUM(Q75:Q76)*100),1) -> #DIV/0! | AG76: =K76*M76 -> 452.7464 | AH76: =S76*U76+W76*Y76+AA76*AC76 -> 588 | AI76: =IF(AH76=0,0,AG76/AH76) -> 0.76997687
B77: Aug | C77: 46608 | D77: 32 | E77: 0 | F77: 0 | G77: =(G76+H76-I76+K72) -> 9376 | H77: 0 | I77: ='B-JCI2 RH'!BQ263 -> 0 | J77: =IF(I77=0,"N/S",ROUND( ( ((G77) * 1)/I77)*F77,1)) -> N/S | K77: =V77+Z77+AD77 -> 0 | L77: 0 | M77: ='B-JCI2 RH'!$D$295 -> 0.2963 | N77: 0 | O77: 8 | Q77: 0 | R77: =IF(F77=0,0,ROUND(I77/F77,0)) -> 0 | S77: 14 | T77: 0.77 | U77: =E77*7-N77 -> 0 | V77: =ROUND(((S77*T77*U77)/M77),0) -> 0 | W77: 0 | X77: 0.77 | Y77: =U77 -> 0 | Z77: =ROUND(((W77*X77*Y77)/M77),0) -> 0 | AA77: 0 | AB77: 0 | AC77: =E77*7-N77 -> 0 | AD77: =ROUND(((AA77*AB77*AC77)/M77),0) -> 0 | AE77: =S77+W77+AA77 -> 14 | AF77: =ROUND( ((SUM(I76:I77)*1)/SUM(Q76:Q77)*100),1) -> #DIV/0! | AG77: =K77*M77 -> 0 | AH77: =S77*U77+W77*Y77+AA77*AC77 -> 0 | AI77: =IF(AH77=0,0,AG77/AH77) -> 0
B78: Aug | C78: 46615 | D78: 33 | E78: 0 | F78: 0 | G78: =(G77+H77-I77+K73) -> 10904 | H78: 0 | I78: ='B-JCI2 RH'!BR263 -> 0 | J78: =IF(I78=0,"N/S",ROUND( ( ((G78) * 1)/I78)*F78,1)) -> N/S | K78: =V78+Z78+AD78 -> 0 | L78: 0 | M78: ='B-JCI2 RH'!$D$295 -> 0.2963 | N78: 0 | O78: 8 | Q78: 0 | R78: =IF(F78=0,0,ROUND(I78/F78,0)) -> 0 | S78: 14 | T78: 0.77 | U78: =E78*7-N78 -> 0 | V78: =ROUND(((S78*T78*U78)/M78),0) -> 0 | W78: 0 | X78: 0.77 | Y78: =U78 -> 0 | Z78: =ROUND(((W78*X78*Y78)/M78),0) -> 0 | AA78: 0 | AB78: 0 | AC78: =E78*7-N78 -> 0 | AD78: =ROUND(((AA78*AB78*AC78)/M78),0) -> 0 | AE78: =S78+W78+AA78 -> 14 | AF78: =ROUND( ((SUM(I77:I78)*1)/SUM(Q77:Q78)*100),1) -> #DIV/0! | AG78: =K78*M78 -> 0 | AH78: =S78*U78+W78*Y78+AA78*AC78 -> 0 | AI78: =IF(AH78=0,0,AG78/AH78) -> 0
B79: Aug | C79: 46622 | D79: 34 | E79: 5 | F79: 5 | G79: =(G78+H78-I78+K74) -> 12432 | H79: 0 | I79: ='B-JCI2 RH'!BS263 -> 2051 | J79: =IF(I79=0,"N/S",ROUND( ( ((G79) * 1)/I79)*F79,1)) -> 30.3 | K79: =V79+Z79+AD79 -> 1273 | L79: 0 | M79: ='B-JCI2 RH'!$D$295 -> 0.2963 | N79: 0 | O79: 8 | Q79: 0 | R79: =IF(F79=0,0,ROUND(I79/F79,0)) -> 410 | S79: 14 | T79: 0.77 | U79: =E79*7-N79 -> 35 | V79: =ROUND(((S79*T79*U79)/M79),0) -> 1273 | W79: 0 | X79: 0.77 | Y79: =U79 -> 35 | Z79: =ROUND(((W79*X79*Y79)/M79),0) -> 0 | AA79: 0 | AB79: 0 | AC79: =E79*7-N79 -> 35 | AD79: =ROUND(((AA79*AB79*AC79)/M79),0) -> 0 | AE79: =S79+W79+AA79 -> 14 | AF79: =ROUND( ((SUM(I78:I79)*1)/SUM(Q78:Q79)*100),1) -> #DIV/0! | AG79: =K79*M79 -> 377.1899 | AH79: =S79*U79+W79*Y79+AA79*AC79 -> 490 | AI79: =IF(AH79=0,0,AG79/AH79) -> 0.76977531
B80: Aug | C80: 46629 | D80: 35 | E80: 6 | F80: 5 | G80: =(G79+H79-I79+K75) -> 11654 | H80: 0 | I80: ='B-JCI2 RH'!BT263 -> 2051 | J80: =IF(I80=0,"N/S",ROUND( ( ((G80) * 1)/I80)*F80,1)) -> 28.4 | K80: =V80+Z80+AD80 -> 1528 | L80: 0 | M80: ='B-JCI2 RH'!$D$295 -> 0.2963 | N80: 0 | O80: 8 | Q80: 0 | R80: =IF(F80=0,0,ROUND(I80/F80,0)) -> 410 | S80: 14 | T80: 0.77 | U80: =E80*7-N80 -> 42 | V80: =ROUND(((S80*T80*U80)/M80),0) -> 1528 | W80: 0 | X80: 0.77 | Y80: =U80 -> 42 | Z80: =ROUND(((W80*X80*Y80)/M80),0) -> 0 | AA80: 0 | AB80: 0 | AC80: =E80*7-N80 -> 42 | AD80: =ROUND(((AA80*AB80*AC80)/M80),0) -> 0 | AE80: =S80+W80+AA80 -> 14 | AF80: =ROUND( ((SUM(I79:I80)*1)/SUM(Q79:Q80)*100),1) -> #DIV/0! | AG80: =K80*M80 -> 452.7464 | AH80: =S80*U80+W80*Y80+AA80*AC80 -> 588 | AI80: =IF(AH80=0,0,AG80/AH80) -> 0.76997687
B81: Sep | C81: 46636 | D81: 36 | E81: 6 | F81: 5 | G81: =(G80+H80-I80+K76) -> 11131 | H81: 0 | I81: ='B-JCI2 RH'!BU263 -> 2051 | J81: =IF(I81=0,"N/S",ROUND( ( ((G81) * 1)/I81)*F81,1)) -> 27.1 | K81: =V81+Z81+AD81 -> 1528 | L81: 0 | M81: ='B-JCI2 RH'!$D$295 -> 0.2963 | N81: 0 | O81: 9 | Q81: 0 | R81: =IF(F81=0,0,ROUND(I81/F81,0)) -> 410 | S81: 14 | T81: 0.77 | U81: =E81*7-N81 -> 42 | V81: =ROUND(((S81*T81*U81)/M81),0) -> 1528 | W81: 0 | X81: 0.77 | Y81: =U81 -> 42 | Z81: =ROUND(((W81*X81*Y81)/M81),0) -> 0 | AA81: 0 | AB81: 0 | AC81: =E81*7-N81 -> 42 | AD81: =ROUND(((AA81*AB81*AC81)/M81),0) -> 0 | AE81: =S81+W81+AA81 -> 14 | AF81: =ROUND( ((SUM(I80:I81)*1)/SUM(Q80:Q81)*100),1) -> #DIV/0! | AG81: =K81*M81 -> 452.7464 | AH81: =S81*U81+W81*Y81+AA81*AC81 -> 588 | AI81: =IF(AH81=0,0,AG81/AH81) -> 0.76997687
B82: Sep | C82: 46643 | D82: 37 | E82: 6 | F82: 5 | G82: =(G81+H81-I81+K77) -> 9080 | H82: 0 | I82: ='B-JCI2 RH'!BV263 -> 2051 | J82: =IF(I82=0,"N/S",ROUND( ( ((G82) * 1)/I82)*F82,1)) -> 22.1 | K82: =V82+Z82+AD82 -> 1528 | L82: 0 | M82: ='B-JCI2 RH'!$D$295 -> 0.2963 | N82: 0 | O82: 9 | Q82: 0 | R82: =IF(F82=0,0,ROUND(I82/F82,0)) -> 410 | S82: 14 | T82: 0.77 | U82: =E82*7-N82 -> 42 | V82: =ROUND(((S82*T82*U82)/M82),0) -> 1528 | W82: 0 | X82: 0.77 | Y82: =U82 -> 42 | Z82: =ROUND(((W82*X82*Y82)/M82),0) -> 0 | AA82: 0 | AB82: 0 | AC82: =E82*7-N82 -> 42 | AD82: =ROUND(((AA82*AB82*AC82)/M82),0) -> 0 | AE82: =S82+W82+AA82 -> 14 | AF82: =ROUND( ((SUM(I81:I82)*1)/SUM(Q81:Q82)*100),1) -> #DIV/0! | AG82: =K82*M82 -> 452.7464 | AH82: =S82*U82+W82*Y82+AA82*AC82 -> 588 | AI82: =IF(AH82=0,0,AG82/AH82) -> 0.76997687
B83: Sep | C83: 46650 | D83: 38 | E83: 6 | F83: 5 | G83: =(G82+H82-I82+K78) -> 7029 | H83: 0 | I83: ='B-JCI2 RH'!BW263 -> 2051 | J83: =IF(I83=0,"N/S",ROUND( ( ((G83) * 1)/I83)*F83,1)) -> 17.1 | K83: =V83+Z83+AD83 -> 1528 | L83: 0 | M83: ='B-JCI2 RH'!$D$295 -> 0.2963 | N83: 0 | O83: 9 | Q83: 0 | R83: =IF(F83=0,0,ROUND(I83/F83,0)) -> 410 | S83: 14 | T83: 0.77 | U83: =E83*7-N83 -> 42 | V83: =ROUND(((S83*T83*U83)/M83),0) -> 1528 | W83: 0 | X83: 0.77 | Y83: =U83 -> 42 | Z83: =ROUND(((W83*X83*Y83)/M83),0) -> 0 | AA83: 0 | AB83: 0 | AC83: =E83*7-N83 -> 42 | AD83: =ROUND(((AA83*AB83*AC83)/M83),0) -> 0 | AE83: =S83+W83+AA83 -> 14 | AF83: =ROUND( ((SUM(I82:I83)*1)/SUM(Q82:Q83)*100),1) -> #DIV/0! | AG83: =K83*M83 -> 452.7464 | AH83: =S83*U83+W83*Y83+AA83*AC83 -> 588 | AI83: =IF(AH83=0,0,AG83/AH83) -> 0.76997687
B84: Sep | C84: 46657 | D84: 39 | E84: 4 | F84: 5 | G84: =(G83+H83-I83+K79) -> 6251 | H84: 0 | I84: ='B-JCI2 RH'!BX263 -> 2051 | J84: =IF(I84=0,"N/S",ROUND( ( ((G84) * 1)/I84)*F84,1)) -> 15.2 | K84: =V84+Z84+AD84 -> 1019 | L84: 0 | M84: ='B-JCI2 RH'!$D$295 -> 0.2963 | N84: 0 | O84: 9 | Q84: 0 | R84: =IF(F84=0,0,ROUND(I84/F84,0)) -> 410 | S84: 14 | T84: 0.77 | U84: =E84*7-N84 -> 28 | V84: =ROUND(((S84*T84*U84)/M84),0) -> 1019 | W84: 0 | X84: 0.77 | Y84: =U84 -> 28 | Z84: =ROUND(((W84*X84*Y84)/M84),0) -> 0 | AA84: 0 | AB84: 0 | AC84: =E84*7-N84 -> 28 | AD84: =ROUND(((AA84*AB84*AC84)/M84),0) -> 0 | AE84: =S84+W84+AA84 -> 14 | AF84: =ROUND( ((SUM(I83:I84)*1)/SUM(Q83:Q84)*100),1) -> #DIV/0! | AG84: =K84*M84 -> 301.9297 | AH84: =S84*U84+W84*Y84+AA84*AC84 -> 392 | AI84: =IF(AH84=0,0,AG84/AH84) -> 0.77022883
B85: Oct | C85: 46664 | D85: 40 | E85: 6 | F85: 5 | G85: =(G84+H84-I84+K80) -> 5728 | H85: 0 | I85: ='B-JCI2 RH'!BY263 -> 2051 | J85: =IF(I85=0,"N/S",ROUND( ( ((G85) * 1)/I85)*F85,1)) -> 14 | K85: =V85+Z85+AD85 -> 1528 | L85: 0 | M85: ='B-JCI2 RH'!$D$295 -> 0.2963 | N85: 0 | O85: 10 | Q85: 0 | R85: =IF(F85=0,0,ROUND(I85/F85,0)) -> 410 | S85: 14 | T85: 0.77 | U85: =E85*7-N85 -> 42 | V85: =ROUND(((S85*T85*U85)/M85),0) -> 1528 | W85: 0 | X85: 0.77 | Y85: =U85 -> 42 | Z85: =ROUND(((W85*X85*Y85)/M85),0) -> 0 | AA85: 0 | AB85: 0 | AC85: =E85*7-N85 -> 42 | AD85: =ROUND(((AA85*AB85*AC85)/M85),0) -> 0 | AE85: =S85+W85+AA85 -> 14 | AF85: =ROUND( ((SUM(I84:I85)*1)/SUM(Q84:Q85)*100),1) -> #DIV/0! | AG85: =K85*M85 -> 452.7464 | AH85: =S85*U85+W85*Y85+AA85*AC85 -> 588 | AI85: =IF(AH85=0,0,AG85/AH85) -> 0.76997687
B86: Oct | C86: 46671 | D86: 41 | E86: 5 | F86: 5 | G86: =(G85+H85-I85+K81) -> 5205 | H86: 0 | I86: ='B-JCI2 RH'!BZ263 -> 2051 | J86: =IF(I86=0,"N/S",ROUND( ( ((G86) * 1)/I86)*F86,1)) -> 12.7 | K86: =V86+Z86+AD86 -> 1273 | L86: 0 | M86: ='B-JCI2 RH'!$D$295 -> 0.2963 | N86: 0 | O86: 10 | Q86: 0 | R86: =IF(F86=0,0,ROUND(I86/F86,0)) -> 410 | S86: 14 | T86: 0.77 | U86: =E86*7-N86 -> 35 | V86: =ROUND(((S86*T86*U86)/M86),0) -> 1273 | W86: 0 | X86: 0.77 | Y86: =U86 -> 35 | Z86: =ROUND(((W86*X86*Y86)/M86),0) -> 0 | AA86: 0 | AB86: 0 | AC86: =E86*7-N86 -> 35 | AD86: =ROUND(((AA86*AB86*AC86)/M86),0) -> 0 | AE86: =S86+W86+AA86 -> 14 | AF86: =ROUND( ((SUM(I85:I86)*1)/SUM(Q85:Q86)*100),1) -> #DIV/0! | AG86: =K86*M86 -> 377.1899 | AH86: =S86*U86+W86*Y86+AA86*AC86 -> 490 | AI86: =IF(AH86=0,0,AG86/AH86) -> 0.76977531
B87: Oct | C87: 46678 | D87: 42 | E87: 6 | F87: 5 | G87: =(G86+H86-I86+K82) -> 4682 | H87: 0 | I87: ='B-JCI2 RH'!CA263 -> 2051 | J87: =IF(I87=0,"N/S",ROUND( ( ((G87) * 1)/I87)*F87,1)) -> 11.4 | K87: =V87+Z87+AD87 -> 1528 | L87: 0 | M87: ='B-JCI2 RH'!$D$295 -> 0.2963 | N87: 0 | O87: 10 | Q87: 0 | R87: =IF(F87=0,0,ROUND(I87/F87,0)) -> 410 | S87: 14 | T87: 0.77 | U87: =E87*7-N87 -> 42 | V87: =ROUND(((S87*T87*U87)/M87),0) -> 1528 | W87: 0 | X87: 0.77 | Y87: =U87 -> 42 | Z87: =ROUND(((W87*X87*Y87)/M87),0) -> 0 | AA87: 0 | AB87: 0 | AC87: =E87*7-N87 -> 42 | AD87: =ROUND(((AA87*AB87*AC87)/M87),0) -> 0 | AE87: =S87+W87+AA87 -> 14 | AF87: =ROUND( ((SUM(I86:I87)*1)/SUM(Q86:Q87)*100),1) -> #DIV/0! | AG87: =K87*M87 -> 452.7464 | AH87: =S87*U87+W87*Y87+AA87*AC87 -> 588 | AI87: =IF(AH87=0,0,AG87/AH87) -> 0.76997687
B88: Oct | C88: 46685 | D88: 43 | E88: 6 | F88: 5 | G88: =(G87+H87-I87+K83) -> 4159 | H88: 0 | I88: ='B-JCI2 RH'!CB263 -> 2051 | J88: =IF(I88=0,"N/S",ROUND( ( ((G88) * 1)/I88)*F88,1)) -> 10.1 | K88: =V88+Z88+AD88 -> 1528 | L88: 0 | M88: ='B-JCI2 RH'!$D$295 -> 0.2963 | N88: 0 | O88: 10 | Q88: 0 | R88: =IF(F88=0,0,ROUND(I88/F88,0)) -> 410 | S88: 14 | T88: 0.77 | U88: =E88*7-N88 -> 42 | V88: =ROUND(((S88*T88*U88)/M88),0) -> 1528 | W88: 0 | X88: 0.77 | Y88: =U88 -> 42 | Z88: =ROUND(((W88*X88*Y88)/M88),0) -> 0 | AA88: 0 | AB88: 0 | AC88: =E88*7-N88 -> 42 | AD88: =ROUND(((AA88*AB88*AC88)/M88),0) -> 0 | AE88: =S88+W88+AA88 -> 14 | AF88: =ROUND( ((SUM(I87:I88)*1)/SUM(Q87:Q88)*100),1) -> #DIV/0! | AG88: =K88*M88 -> 452.7464 | AH88: =S88*U88+W88*Y88+AA88*AC88 -> 588 | AI88: =IF(AH88=0,0,AG88/AH88) -> 0.76997687
B89: Nov | C89: 46692 | D89: 44 | E89: 6 | F89: 5 | G89: =(G88+H88-I88+K84) -> 3127 | H89: 0 | I89: ='B-JCI2 RH'!CC263 -> 2051 | J89: =IF(I89=0,"N/S",ROUND( ( ((G89) * 1)/I89)*F89,1)) -> 7.6 | K89: =V89+Z89+AD89 -> 1528 | L89: 0 | M89: ='B-JCI2 RH'!$D$295 -> 0.2963 | N89: 0 | O89: 11 | Q89: 0 | R89: =IF(F89=0,0,ROUND(I89/F89,0)) -> 410 | S89: 14 | T89: 0.77 | U89: =E89*7-N89 -> 42 | V89: =ROUND(((S89*T89*U89)/M89),0) -> 1528 | W89: 0 | X89: 0.77 | Y89: =U89 -> 42 | Z89: =ROUND(((W89*X89*Y89)/M89),0) -> 0 | AA89: 0 | AB89: 0 | AC89: =E89*7-N89 -> 42 | AD89: =ROUND(((AA89*AB89*AC89)/M89),0) -> 0 | AE89: =S89+W89+AA89 -> 14 | AF89: =ROUND( ((SUM(I88:I89)*1)/SUM(Q88:Q89)*100),1) -> #DIV/0! | AG89: =K89*M89 -> 452.7464 | AH89: =S89*U89+W89*Y89+AA89*AC89 -> 588 | AI89: =IF(AH89=0,0,AG89/AH89) -> 0.76997687

Sheet B-JCI2 RH
B1: Screen Id | C1: PPSP0020 | D1: Machine Name | E1: EGPSPC024 | F1: Printed On | H1: 2026-05-10 11:00:59
D2: 2 | E2: 3 | F2: 4 | G2: 5 | H2: 6 | I2: 7 | J2: 8 | K2: 9 | L2: 10 | M2: 11 | N2: 12 | O2: 13 | P2: 14 | Q2: 15 | R2: 16 | S2: 17 | T2: 18 | U2: 19 | V2: 20 | W2: 21 | X2: 22 | Y2: 23 | Z2: 24 | AA2: 25 | AB2: 26 | AC2: 27 | AD2: 28 | AE2: 29 | AF2: 30 | AG2: 31 | AH2: 32 | AI2: 33 | AJ2: 34
B3: Bottom Level MPS[JCI] | N3: Starting Week Col | O3: 37
D4: 2 | E4: 3 | F4: 4 | N4: Var Row | O4: 10
B5: Section Code | C5: PORT SAID MANUFACTURING(SAID) | G5: Safety Weeks | I5: 1 | K5: Transit Weeks | M5: 4 | N5: Working HRS Row | O5: 291 | AK5: 0 | AL5: 0 | AM5: 0 | AN5: 2709 | AO5: 2709 | AP5: 2709 | AQ5: 3271 | AR5: 3271 | AS5: 2617 | AT5: 3271 | AU5: 3108 | AV5: 3108 | AW5: 3108 | AX5: 3108 | AY5: 2487 | AZ5: 2214 | BA5: 2214 | BB5: 2214 | BC5: 2487 | BD5: 2487 | BE5: 2487 | BF5: 2487 | BG5: 2487 | BH5: 2487 | BI5: 2487 | BJ5: 2487 | BK5: 2487 | BL5: 2473 | BM5: 2473 | BN5: 4514 | BO5: 0 | BP5: 0 | BQ5: 0 | BR5: 0 | BS5: 2041 | BT5: 2041 | BU5: 2041 | BV5: 2041 | BW5: 2041 | BX5: 2041 | BY5: 2041 | BZ5: 2041 | CA5: 2041 | CB5: 2041 | CC5: 2041
B6: MPS ID | C6: JCI2 RH_VOLVO RH_W20/26_W44/27_01 | G6: MPS Type | I6: Oblige | K6: Target Efficiency | M6: 0.92 | N6: Inv Row | O6: 14
B7: Facility | C7: JCI2 RH | G7: Car Model | I7: VOLVO RH | K7: Working Hours | M7: 7 | N7: Pln Row | O7: 16
B8: From Date | C8: 2026/05/11 | D8: To Date | E8: 2027/11/07 | G8: Total Weeks | I8: 78 | K8: offset Weeks | M8: 4 | N8: Weeks to Cover | O8: 5
B9: Facility (DOS) | C9: 10 | D9: Plan Suggestion By | E9: OPERATOR_EFFICIENCY | G9: Week Plan Offset | I9: 99 | K9: Assy Std.Hr. | M9: 0.297 | N9: Target Eff. | O9: -0.01
C10: Efficency Var: | D10: =D286-D265 -> -0.0048545113 | E10: =E286-E265 -> -0.025973935 | F10: =F286-F265 -> -0.0027220551 | G10: =G286-G265 -> 0.76993444 | H10: =H286-H265 -> 0.77008296 | I10: =I286-I265 -> 0.77008296 | J10: =J286-J265 -> 0.77008296 | K10: =K286-K265 -> 0.76993444 | ... CC10: =CC286-CC265 -> 0.76997687
A11: Product No. | B11: Category | C11: Plan Date | D11: 11/05 | E11: 18/05 | F11: 25/05 | G11: 01/06 | H11: 08/06 | I11: 15/06 | J11: 22/06 | K11: 29/06 | L11: 06/07 | M11: 13/07 | N11: 20/07 | O11: 27/07 | P11: 03/08 | Q11: 10/08 | R11: 17/08 | S11: 24/08 | T11: 31/08 | U11: 07/09 | V11: 14/09 | W11: 21/09 | X11: 28/09 | Y11: 05/10 | Z11: 12/10 | AA11: 19/10 | AB11: 26/10 | AC11: 02/11 | AD11: 09/11 | AE11: 16/11 | AF11: 23/11 | AG11: 30/11 | AH11: 07/12 | AI11: 14/12 | AJ11: 21/12 | AK11: 28/12 | AL11: 04/01 | AM11: 11/01 | AN11: 18/01 | AO11: 25/01 | AP11: 01/02 | AQ11: 08/02 | AR11: 15/02 | AS11: 22/02 | AT11: 01/03 | AU11: 08/03 | AV11: 15/03 | AW11: 22/03 | AX11: 29/03 | AY11: 05/04 | AZ11: 12/04 | BA11: 19/04 | BB11: 26/04 | BC11: 03/05 | BD11: 10/05 | BE11: 17/05 | BF11: 24/05 | BG11: 31/05 | BH11: 07/06 | BI11: 14/06 | BJ11: 21/06 | BK11: 28/06 | BL11: 05/07 | BM11: 12/07 | BN11: 19/07 | BO11: 26/07 | BP11: 02/08 | BQ11: 09/08 | BR11: 16/08 | BS11: 23/08 | BT11: 30/08 | BU11: 06/09 | BV11: 13/09 | BW11: 20/09 | BX11: 27/09 | BY11: 04/10 | BZ11: 11/10 | CA11: 18/10 | CB11: 25/10 | CC11: 01/11
C12: Week No | D12: 20 | E12: 21 | F12: 22 | G12: 23 | H12: 24 | I12: 25 | J12: 26 | K12: 27 | L12: 28 | M12: 29 | N12: 30 | O12: 31 | P12: 32 | Q12: 33 | R12: 34 | S12: 35 | T12: 36 | U12: 37 | V12: 38 | W12: 39 | X12: 40 | Y12: 41 | Z12: 42 | AA12: 43 | AB12: 44 | AC12: 45 | AD12: 46 | AE12: 47 | AF12: 48 | AG12: 49 | AH12: 50 | AI12: 51 | AJ12: 52 | AK12: 53 | AL12: 01 | AM12: 02 | AN12: 03 | AO12: 04 | AP12: 05 | AQ12: 06 | AR12: 07 | AS12: 08 | AT12: 09 | AU12: 10 | AV12: 11 | AW12: 12 | AX12: 13 | AY12: 14 | AZ12: 15 | BA12: 16 | BB12: 17 | BC12: 18 | BD12: 19 | BE12: 20 | BF12: 21 | BG12: 22 | BH12: 23 | BI12: 24 | BJ12: 25 | BK12: 26 | BL12: 27 | BM12: 28 | BN12: 29 | BO12: 30 | BP12: 31 | BQ12: 32 | BR12: 33 | BS12: 34 | BT12: 35 | BU12: 36 | BV12: 37 | BW12: 38 | BX12: 39 | BY12: 40 | BZ12: 41 | CA12: 42 | CB12: 43 | CC12: 44
B13: =SUM(D17:AJ17)/SUM($D$263:$AJ$263) -> 0 | C13: Days@Customer | D13: 5 | E13: 5 | F13: 5 | G13: 5 | H13: 5 | I13: 5 | J13: 5 | K13: 5 | L13: 5 | M13: 5 | N13: 5 | O13: 5 | P13: 5 | Q13: 5 | R13: 5 | S13: 5 | T13: 5 | U13: 5 | V13: 5 | W13: 5 | X13: 5 | Y13: 5 | Z13: 5 | AA13: 5 | AB13: 5 | AC13: 5 | AD13: 5 | AE13: 5 | AF13: 5 | AG13: 5 | AH13: 5 | AI13: 5 | AJ13: 5 | AK13: 5 | AL13: 5 | AM13: 5 | AN13: 5 | AO13: 5 | AP13: 5 | AQ13: 5 | AR13: 5 | AS13: 5 | AT13: 5 | AU13: 5 | AV13: 5 | AW13: 5 | AX13: 5 | AY13: 5 | AZ13: 5 | BA13: 5 | BB13: 5 | BC13: 5 | BD13: 5 | BE13: 5 | BF13: 5 | BG13: 5 | BH13: 5 | BI13: 5 | BJ13: 5 | BK13: 5 | BL13: 5 | BM13: 5 | BN13: 5 | BO13: 5 | BP13: 5 | BQ13: 5 | BR13: 5 | BS13: 5 | BT13: 5 | BU13: 5 | BV13: 5 | BW13: 5 | BX13: 5 | BY13: 5 | BZ13: 5 | CA13: 5 | CB13: 5 | CC13: 5
A14: 32248194 | B14: C | C14: Invt Qty | D14: =IFERROR(VLOOKUP(A14,OS!$A:$B,2,0),0) -> 0 | E14: =(D14+D15-D17) -> 0 | F14: =(E14+E15-E17) -> 0 | G14: =(F14+F15-F17) -> 0 | H14: =(G14+G15-G17) -> 0 | I14: =(H14+H15-H17+D16) -> 0 | J14: =(I14+I15-I17+E16) -> 0 | K14: =(J14+J15-J17+F16) -> 0 | L14: =(K14+K15-K17+G16) -> 0 | M14: =(L14+L15-L17+H16) -> 0 | N14: =(M14+M15-M17+I16) -> 0 | O14: =(N14+N15-N17+J16) -> 0 | P14: =(O14+O15-O17+K16) -> 0 | ... CC14: =(CB14+CB15-CB17+BX16) -> 0
A15: Tran. Pr. | B15: 0 | C15: WIP | D15: =IFERROR(VLOOKUP(A14,WIP!$A:$B,2,0),0) -> 0 | E15: 0 | F15: 0 | G15: 0 | H15: 0 | I15: 0 | J15: 0 | K15: 0 | L15: 0 | M15: 0 | N15: 0 | O15: 0 | P15: 0 | Q15: 0 | R15: 0 | S15: 0 | T15: 0 | U15: 0 | V15: 0 | W15: 0 | X15: 0 | Y15: 0 | Z15: 0 | AA15: 0 | AB15: 0 | AC15: 0 | AD15: 0 | AE15: 0 | AF15: 0 | AG15: 0 | AH15: 0 | AI15: 0 | AJ15: 0 | AK15: 0 | AL15: 0 | AM15: 0 | AN15: 0 | AO15: 0 | AP15: 0 | AQ15: 0 | AR15: 0 | AS15: 0 | AT15: 0 | AU15: 0 | AV15: 0 | AW15: 0 | AX15: 0 | AY15: 0 | AZ15: 0 | BA15: 0 | BB15: 0 | BC15: 0 | BD15: 0 | BE15: 0 | BF15: 0 | BG15: 0 | BH15: 0 | BI15: 0 | BJ15: 0 | BK15: 0 | BL15: 0 | BM15: 0 | BN15: 0 | BO15: 0 | BP15: 0 | BQ15: 0 | BR15: 0 | BS15: 0 | BT15: 0 | BU15: 0 | BV15: 0 | BW15: 0 | BX15: 0 | BY15: 0 | BZ15: 0 | CA15: 0 | CB15: 0 | CC15: 0
A16: Assy ST. | B16: 0 | C16: Plan | D16: =IFERROR(VLOOKUP($A14,Plan!$A:B,D$4,0),0) -> 0 | E16: =IFERROR(VLOOKUP($A14,Plan!$A:C,E$4,0),0) -> 0 | F16: =IFERROR(VLOOKUP($A14,Plan!$A:D,F$4,0),0) -> 0 | G16: 0 | H16: 0 | I16: 0 | J16: 0 | K16: 0 | L16: 0 | M16: 0 | N16: 0 | O16: 0 | P16: 0 | Q16: 0 | R16: 0 | S16: 0 | T16: 0 | U16: 0 | V16: 0 | W16: 0 | X16: 0 | Y16: 0 | Z16: 0 | AA16: 0 | AB16: 0 | AC16: 0 | AD16: 0 | AE16: 0 | AF16: 0 | AG16: 0 | AH16: 0 | AI16: 0 | AJ16: 0 | AK16: 0 | AL16: 0 | AM16: 0 | AN16: 0 | AO16: 0 | AP16: 0 | AQ16: 0 | AR16: 0 | AS16: 0 | AT16: 0 | AU16: 0 | AV16: 0 | AW16: 0 | AX16: 0 | AY16: 0 | AZ16: 0 | BA16: 0 | BB16: 0 | BC16: 0 | BD16: 0 | BE16: 0 | BF16: 0 | BG16: 0 | BH16: 0 | BI16: 0 | BJ16: 0 | BK16: 0 | BL16: 0 | BM16: 0 | BN16: 0 | BO16: 0 | BP16: 0 | BQ16: 0 | BR16: 0 | BS16: 0 | BT16: 0 | BU16: 0 | BV16: 0 | BW16: 0 | BX16: 0 | BY16: 0 | BZ16: 0 | CA16: 0 | CB16: 0 | CC16: 0
A17: Lead Prep ST. | B17: 0 | C17: Sales | D17: =IFERROR(VLOOKUP($A14,Sales!$A:B,D$2,0),0) -> 0 | E17: =IFERROR(VLOOKUP($A14,Sales!$A:C,E$2,0),0) -> 0 | F17: =IFERROR(VLOOKUP($A14,Sales!$A:D,F$2,0),0) -> 0 | G17: =IFERROR(VLOOKUP($A14,Sales!$A:E,G$2,0),0) -> 0 | H17: =IFERROR(VLOOKUP($A14,Sales!$A:F,H$2,0),0) -> 0 | I17: =IFERROR(VLOOKUP($A14,Sales!$A:G,I$2,0),0) -> 0 | J17: =IFERROR(VLOOKUP($A14,Sales!$A:H,J$2,0),0) -> 0 | K17: =IFERROR(VLOOKUP($A14,Sales!$A:I,K$2,0),0) -> 0 | L17: =IFERROR(VLOOKUP($A14,Sales!$A:J,L$2,0),0) -> 0 | M17: =IFERROR(VLOOKUP($A14,Sales!$A:K,M$2,0),0) -> 0 | N17: =IFERROR(VLOOKUP($A14,Sales!$A:L,N$2,0),0) -> 0 | O17: =IFERROR(VLOOKUP($A14,Sales!$A:M,O$2,0),0) -> 0 | P17: =IFERROR(VLOOKUP($A14,Sales!$A:N,P$2,0),0) -> 0 | Q17: =IFERROR(VLOOKUP($A14,Sales!$A:O,Q$2,0),0) -> 0 | R17: =IFERROR(VLOOKUP($A14,Sales!$A:P,R$2,0),0) -> 0 | S17: =IFERROR(VLOOKUP($A14,Sales!$A:Q,S$2,0),0) -> 0 | T17: =IFERROR(VLOOKUP($A14,Sales!$A:R,T$2,0),0) -> 0 | U17: =IFERROR(VLOOKUP($A14,Sales!$A:S,U$2,0),0) -> 0 | V17: =IFERROR(VLOOKUP($A14,Sales!$A:T,V$2,0),0) -> 0 | W17: =IFERROR(VLOOKUP($A14,Sales!$A:U,W$2,0),0) -> 0 | X17: =IFERROR(VLOOKUP($A14,Sales!$A:V,X$2,0),0) -> 0 | Y17: =IFERROR(VLOOKUP($A14,Sales!$A:W,Y$2,0),0) -> 0 | Z17: =IFERROR(VLOOKUP($A14,Sales!$A:X,Z$2,0),0) -> 0 | AA17: =IFERROR(VLOOKUP($A14,Sales!$A:Y,AA$2,0),0) -> 0 | AB17: =IFERROR(VLOOKUP($A14,Sales!$A:Z,AB$2,0),0) -> 0 | AC17: =IFERROR(VLOOKUP($A14,Sales!$A:AA,AC$2,0),0) -> 0 | AD17: =IFERROR(VLOOKUP($A14,Sales!$A:AB,AD$2,0),0) -> 0 | AE17: =IFERROR(VLOOKUP($A14,Sales!$A:AC,AE$2,0),0) -> 0 | AF17: =IFERROR(VLOOKUP($A14,Sales!$A:AD,AF$2,0),0) -> 0 | AG17: =IFERROR(VLOOKUP($A14,Sales!$A:AE,AG$2,0),0) -> 0 | AH17: =IFERROR(VLOOKUP($A14,Sales!$A:AF,AH$2,0),0) -> 0 | AI17: =IFERROR(VLOOKUP($A14,Sales!$A:AG,AI$2,0),0) -> 0 | AJ17: =IFERROR(VLOOKUP($A14,Sales!$A:AH,AJ$2,0),0) -> 0 | AK17: =CEILING(AK$5*$B13,1) -> 0 | AL17: =CEILING(AL$5*$B13,1) -> 0 | AM17: =CEILING(AM$5*$B13,1) -> 0 | AN17: =CEILING(AN$5*$B13,1) -> 0 | AO17: =CEILING(AO$5*$B13,1) -> 0 | AP17: =CEILING(AP$5*$B13,1) -> 0 | AQ17: =CEILING(AQ$5*$B13,1) -> 0 | AR17: =CEILING(AR$5*$B13,1) -> 0 | ... CC17: =CEILING(CC$5*$B13,1) -> 0
A18: Total ST. | B18: 0 | C18: Days | D18: =IF(D17=0,0, ROUND(D14 * 1/D17* D$13,1)) -> 0 | E18: =IF(E17=0,0, ROUND(E14 * 1/E17* E$13,1)) -> 0 | F18: =IF(F17=0,0, ROUND(F14 * 1/F17* F$13,1)) -> 0 | G18: =IF(G17=0,0, ROUND(G14 * 1/G17* G$13,1)) -> 0 | H18: =IF(H17=0,0, ROUND(H14 * 1/H17* H$13,1)) -> 0 | I18: =IF(I17=0,0, ROUND(I14 * 1/I17* I$13,1)) -> 0 | J18: =IF(J17=0,0, ROUND(J14 * 1/J17* J$13,1)) -> 0 | K18: =IF(K17=0,0, ROUND(K14 * 1/K17* K$13,1)) -> 0 | ... CC18: =IF(CC17=0,0, ROUND(CC14 * 1/CC17* CC$13,1)) -> 0
A19: 1 | B19: 1 | C19: 0 | D19: =D16/$B19 -> 0 | E19: =E16/$B19 -> 0 | F19: =F16/$B19 -> 0 | G19: =G16/$B19 -> 0 | H19: =H16/$B19 -> 0 | I19: =I16/$B19 -> 0 | J19: =J16/$B19 -> 0 | K19: =K16/$B19 -> 0 | ... CC19: =CC16/$B19 -> 0
B20: =SUM(D24:AJ24)/SUM($D$263:$AJ$263) -> 0 | C20: Shortage | D20: =D14-D17 -> 0 | E20: =E14-E17 -> 0 | F20: =F14-F17 -> 0 | G20: =G14-G17 -> 0 | H20: =H14-H17 -> 0 | I20: =I14-I17 -> 0 | J20: =J14-J17 -> 0 | K20: =K14-K17 -> 0 | ... CC20: =CC14-CC17 -> 0
A21: 32248195 | B21: C | C21: Invt Qty | D21: =IFERROR(VLOOKUP(A21,OS!$A:$B,2,0),0) -> 0 | E21: =(D21+D22-D24) -> 0 | F21: =(E21+E22-E24) -> 0 | G21: =(F21+F22-F24) -> 0 | H21: =(G21+G22-G24) -> 0 | I21: =(H21+H22-H24+D23) -> 0 | J21: =(I21+I22-I24+E23) -> 0 | K21: =(J21+J22-J24+F23) -> 0 | L21: =(K21+K22-K24+G23) -> 0 | M21: =(L21+L22-L24+H23) -> 0 | N21: =(M21+M22-M24+I23) -> 0 | O21: =(N21+N22-N24+J23) -> 0 | P21: =(O21+O22-O24+K23) -> 0 | ... CC21: =(CB21+CB22-CB24+BX23) -> 0
A22: Tran. Pr. | B22: 0 | C22: WIP | D22: =IFERROR(VLOOKUP(A21,WIP!$A:$B,2,0),0) -> 0 | E22: 0 | F22: 0 | G22: 0 | H22: 0 | I22: 0 | J22: 0 | K22: 0 | L22: 0 | M22: 0 | N22: 0 | O22: 0 | P22: 0 | Q22: 0 | R22: 0 | S22: 0 | T22: 0 | U22: 0 | V22: 0 | W22: 0 | X22: 0 | Y22: 0 | Z22: 0 | AA22: 0 | AB22: 0 | AC22: 0 | AD22: 0 | AE22: 0 | AF22: 0 | AG22: 0 | AH22: 0 | AI22: 0 | AJ22: 0 | AK22: 0 | AL22: 0 | AM22: 0 | AN22: 0 | AO22: 0 | AP22: 0 | AQ22: 0 | AR22: 0 | AS22: 0 | AT22: 0 | AU22: 0 | AV22: 0 | AW22: 0 | AX22: 0 | AY22: 0 | AZ22: 0 | BA22: 0 | BB22: 0 | BC22: 0 | BD22: 0 | BE22: 0 | BF22: 0 | BG22: 0 | BH22: 0 | BI22: 0 | BJ22: 0 | BK22: 0 | BL22: 0 | BM22: 0 | BN22: 0 | BO22: 0 | BP22: 0 | BQ22: 0 | BR22: 0 | BS22: 0 | BT22: 0 | BU22: 0 | BV22: 0 | BW22: 0 | BX22: 0 | BY22: 0 | BZ22: 0 | CA22: 0 | CB22: 0 | CC22: 0
A23: Assy ST. | B23: 0 | C23: Plan | D23: =IFERROR(VLOOKUP($A21,Plan!$A:B,D$4,0),0) -> 0 | E23: =IFERROR(VLOOKUP($A21,Plan!$A:C,E$4,0),0) -> 0 | F23: =IFERROR(VLOOKUP($A21,Plan!$A:D,F$4,0),0) -> 0 | G23: 0 | H23: 0 | I23: 0 | J23: 0 | K23: 0 | L23: 0 | M23: 0 | N23: 0 | O23: 0 | P23: 0 | Q23: 0 | R23: 0 | S23: 0 | T23: 0 | U23: 0 | V23: 0 | W23: 0 | X23: 0 | Y23: 0 | Z23: 0 | AA23: 0 | AB23: 0 | AC23: 0 | AD23: 0 | AE23: 0 | AF23: 0 | AG23: 0 | AH23: 0 | AI23: 0 | AJ23: 0 | AK23: 0 | AL23: 0 | AM23: 0 | AN23: 0 | AO23: 0 | AP23: 0 | AQ23: 0 | AR23: 0 | AS23: 0 | AT23: 0 | AU23: 0 | AV23: 0 | AW23: 0 | AX23: 0 | AY23: 0 | AZ23: 0 | BA23: 0 | BB23: 0 | BC23: 0 | BD23: 0 | BE23: 0 | BF23: 0 | BG23: 0 | BH23: 0 | BI23: 0 | BJ23: 0 | BK23: 0 | BL23: 0 | BM23: 0 | BN23: 0 | BO23: 0 | BP23: 0 | BQ23: 0 | BR23: 0 | BS23: 0 | BT23: 0 | BU23: 0 | BV23: 0 | BW23: 0 | BX23: 0 | BY23: 0 | BZ23: 0 | CA23: 0 | CB23: 0 | CC23: 0
A24: Lead Prep ST. | B24: 0 | C24: Sales | D24: =IFERROR(VLOOKUP($A21,Sales!$A:B,D$2,0),0) -> 0 | E24: =IFERROR(VLOOKUP($A21,Sales!$A:C,E$2,0),0) -> 0 | F24: =IFERROR(VLOOKUP($A21,Sales!$A:D,F$2,0),0) -> 0 | G24: =IFERROR(VLOOKUP($A21,Sales!$A:E,G$2,0),0) -> 0 | H24: =IFERROR(VLOOKUP($A21,Sales!$A:F,H$2,0),0) -> 0 | I24: =IFERROR(VLOOKUP($A21,Sales!$A:G,I$2,0),0) -> 0 | J24: =IFERROR(VLOOKUP($A21,Sales!$A:H,J$2,0),0) -> 0 | K24: =IFERROR(VLOOKUP($A21,Sales!$A:I,K$2,0),0) -> 0 | L24: =IFERROR(VLOOKUP($A21,Sales!$A:J,L$2,0),0) -> 0 | M24: =IFERROR(VLOOKUP($A21,Sales!$A:K,M$2,0),0) -> 0 | N24: =IFERROR(VLOOKUP($A21,Sales!$A:L,N$2,0),0) -> 0 | O24: =IFERROR(VLOOKUP($A21,Sales!$A:M,O$2,0),0) -> 0 | P24: =IFERROR(VLOOKUP($A21,Sales!$A:N,P$2,0),0) -> 0 | Q24: =IFERROR(VLOOKUP($A21,Sales!$A:O,Q$2,0),0) -> 0 | R24: =IFERROR(VLOOKUP($A21,Sales!$A:P,R$2,0),0) -> 0 | S24: =IFERROR(VLOOKUP($A21,Sales!$A:Q,S$2,0),0) -> 0 | T24: =IFERROR(VLOOKUP($A21,Sales!$A:R,T$2,0),0) -> 0 | U24: =IFERROR(VLOOKUP($A21,Sales!$A:S,U$2,0),0) -> 0 | V24: =IFERROR(VLOOKUP($A21,Sales!$A:T,V$2,0),0) -> 0 | W24: =IFERROR(VLOOKUP($A21,Sales!$A:U,W$2,0),0) -> 0 | X24: =IFERROR(VLOOKUP($A21,Sales!$A:V,X$2,0),0) -> 0 | Y24: =IFERROR(VLOOKUP($A21,Sales!$A:W,Y$2,0),0) -> 0 | Z24: =IFERROR(VLOOKUP($A21,Sales!$A:X,Z$2,0),0) -> 0 | AA24: =IFERROR(VLOOKUP($A21,Sales!$A:Y,AA$2,0),0) -> 0 | AB24: =IFERROR(VLOOKUP($A21,Sales!$A:Z,AB$2,0),0) -> 0 | AC24: =IFERROR(VLOOKUP($A21,Sales!$A:AA,AC$2,0),0) -> 0 | AD24: =IFERROR(VLOOKUP($A21,Sales!$A:AB,AD$2,0),0) -> 0 | AE24: =IFERROR(VLOOKUP($A21,Sales!$A:AC,AE$2,0),0) -> 0 | AF24: =IFERROR(VLOOKUP($A21,Sales!$A:AD,AF$2,0),0) -> 0 | AG24: =IFERROR(VLOOKUP($A21,Sales!$A:AE,AG$2,0),0) -> 0 | AH24: =IFERROR(VLOOKUP($A21,Sales!$A:AF,AH$2,0),0) -> 0 | AI24: =IFERROR(VLOOKUP($A21,Sales!$A:AG,AI$2,0),0) -> 0 | AJ24: =IFERROR(VLOOKUP($A21,Sales!$A:AH,AJ$2,0),0) -> 0 | AK24: =CEILING(AK$5*$B20,1) -> 0 | AL24: =CEILING(AL$5*$B20,1) -> 0 | AM24: =CEILING(AM$5*$B20,1) -> 0 | AN24: =CEILING(AN$5*$B20,1) -> 0 | AO24: =CEILING(AO$5*$B20,1) -> 0 | AP24: =CEILING(AP$5*$B20,1) -> 0 | AQ24: =CEILING(AQ$5*$B20,1) -> 0 | AR24: =CEILING(AR$5*$B20,1) -> 0 | ... CC24: =CEILING(CC$5*$B20,1) -> 0
A25: Total ST. | B25: 0 | C25: Days | D25: =IF(D24=0,0, ROUND(D21 * 1/D24* D$13,1)) -> 0 | E25: =IF(E24=0,0, ROUND(E21 * 1/E24* E$13,1)) -> 0 | F25: =IF(F24=0,0, ROUND(F21 * 1/F24* F$13,1)) -> 0 | G25: =IF(G24=0,0, ROUND(G21 * 1/G24* G$13,1)) -> 0 | H25: =IF(H24=0,0, ROUND(H21 * 1/H24* H$13,1)) -> 0 | I25: =IF(I24=0,0, ROUND(I21 * 1/I24* I$13,1)) -> 0 | J25: =IF(J24=0,0, ROUND(J21 * 1/J24* J$13,1)) -> 0 | K25: =IF(K24=0,0, ROUND(K21 * 1/K24* K$13,1)) -> 0 | ... CC25: =IF(CC24=0,0, ROUND(CC21 * 1/CC24* CC$13,1)) -> 0
A26: 1 | B26: 1 | C26: 0 | D26: =D23/$B26 -> 0 | E26: =E23/$B26 -> 0 | F26: =F23/$B26 -> 0 | G26: =G23/$B26 -> 0 | H26: =H23/$B26 -> 0 | I26: =I23/$B26 -> 0 | J26: =J23/$B26 -> 0 | K26: =K23/$B26 -> 0 | ... CC26: =CC23/$B26 -> 0
B27: =SUM(D31:AJ31)/SUM($D$263:$AJ$263) -> 0.0087894917 | C27: Shortage | D27: =D21-D24 -> 0 | E27: =E21-E24 -> 0 | F27: =F21-F24 -> 0 | G27: =G21-G24 -> 0 | H27: =H21-H24 -> 0 | I27: =I21-I24 -> 0 | J27: =J21-J24 -> 0 | K27: =K21-K24 -> 0 | ... CC27: =CC21-CC24 -> 0
A28: 4172784 | B28: C | C28: Invt Qty | D28: =IFERROR(VLOOKUP(A28,OS!$A:$B,2,0),0) -> 657 | E28: =(D28+D29-D31) -> 657 | F28: =(E28+E29-E31) -> 557 | G28: =(F28+F29-F31) -> 557 | H28: =(G28+G29-G31) -> 557 | I28: =(H28+H29-H31+D30) -> 557 | J28: =(I28+I29-I31+E30) -> 557 | K28: =(J28+J29-J31+F30) -> 557 | L28: =(K28+K29-K31+G30) -> 457 | M28: =(L28+L29-L31+H30) -> 457 | N28: =(M28+M29-M31+I30) -> 457 | O28: =(N28+N29-N31+J30) -> 457 | P28: =(O28+O29-O31+K30) -> 457 | ... CC28: =(CB28+CB29-CB31+BX30) -> -1082
A29: Tran. Pr. | B29: 7.57311 | C29: WIP | D29: =IFERROR(VLOOKUP(A28,WIP!$A:$B,2,0),0) -> 0 | E29: 0 | F29: 0 | G29: 0 | H29: 0 | I29: 0 | J29: 0 | K29: 0 | L29: 0 | M29: 0 | N29: 0 | O29: 0 | P29: 0 | Q29: 0 | R29: 0 | S29: 0 | T29: 0 | U29: 0 | V29: 0 | W29: 0 | X29: 0 | Y29: 0 | Z29: 0 | AA29: 0 | AB29: 0 | AC29: 0 | AD29: 0 | AE29: 0 | AF29: 0 | AG29: 0 | AH29: 0 | AI29: 0 | AJ29: 0 | AK29: 0 | AL29: 0 | AM29: 0 | AN29: 0 | AO29: 0 | AP29: 0 | AQ29: 0 | AR29: 0 | AS29: 0 | AT29: 0 | AU29: 0 | AV29: 0 | AW29: 0 | AX29: 0 | AY29: 0 | AZ29: 0 | BA29: 0 | BB29: 0 | BC29: 0 | BD29: 0 | BE29: 0 | BF29: 0 | BG29: 0 | BH29: 0 | BI29: 0 | BJ29: 0 | BK29: 0 | BL29: 0 | BM29: 0 | BN29: 0 | BO29: 0 | BP29: 0 | BQ29: 0 | BR29: 0 | BS29: 0 | BT29: 0 | BU29: 0 | BV29: 0 | BW29: 0 | BX29: 0 | BY29: 0 | BZ29: 0 | CA29: 0 | CB29: 0 | CC29: 0
A30: Assy ST. | B30: 0.229 | C30: Plan | D30: =IFERROR(VLOOKUP($A28,Plan!$A:B,D$4,0),0) -> 0 | E30: =IFERROR(VLOOKUP($A28,Plan!$A:C,E$4,0),0) -> 0 | F30: =IFERROR(VLOOKUP($A28,Plan!$A:D,F$4,0),0) -> 0 | G30: 0 | H30: 0 | I30: 0 | J30: 0 | K30: 0 | L30: 0 | M30: 0 | N30: 0 | O30: 0 | P30: 0 | Q30: 0 | R30: 0 | S30: 0 | T30: 0 | U30: 0 | V30: 0 | W30: 0 | X30: 0 | Y30: 0 | Z30: 0 | AA30: 0 | AB30: 0 | AC30: 0 | AD30: 0 | AE30: 0 | AF30: 0 | AG30: 0 | AH30: 0 | AI30: 0 | AJ30: 0 | AK30: 0 | AL30: 0 | AM30: 0 | AN30: 0 | AO30: 0 | AP30: 0 | AQ30: 0 | AR30: 0 | AS30: 0 | AT30: 0 | AU30: 0 | AV30: 0 | AW30: 0 | AX30: 0 | AY30: 0 | AZ30: 0 | BA30: 0 | BB30: 0 | BC30: 0 | BD30: 0 | BE30: 0 | BF30: 0 | BG30: 0 | BH30: 0 | BI30: 0 | BJ30: 0 | BK30: 0 | BL30: 0 | BM30: 0 | BN30: 0 | BO30: 0 | BP30: 0 | BQ30: 0 | BR30: 0 | BS30: 0 | BT30: 0 | BU30: 0 | BV30: 0 | BW30: 0 | BX30: 0 | BY30: 0 | BZ30: 0 | CA30: 0 | CB30: 0 | CC30: 0
A31: Lead Prep ST. | B31: 0.033 | C31: Sales | D31: =IFERROR(VLOOKUP($A28,Sales!$A:B,D$2,0),0) -> 0 | E31: =IFERROR(VLOOKUP($A28,Sales!$A:C,E$2,0),0) -> 100 | F31: =IFERROR(VLOOKUP($A28,Sales!$A:D,F$2,0),0) -> 0 | G31: =IFERROR(VLOOKUP($A28,Sales!$A:E,G$2,0),0) -> 0 | H31: =IFERROR(VLOOKUP($A28,Sales!$A:F,H$2,0),0) -> 0 | I31: =IFERROR(VLOOKUP($A28,Sales!$A:G,I$2,0),0) -> 0 | J31: =IFERROR(VLOOKUP($A28,Sales!$A:H,J$2,0),0) -> 0 | K31: =IFERROR(VLOOKUP($A28,Sales!$A:I,K$2,0),0) -> 100 | L31: =IFERROR(VLOOKUP($A28,Sales!$A:J,L$2,0),0) -> 0 | M31: =IFERROR(VLOOKUP($A28,Sales!$A:K,M$2,0),0) -> 0 | N31: =IFERROR(VLOOKUP($A28,Sales!$A:L,N$2,0),0) -> 0 | O31: =IFERROR(VLOOKUP($A28,Sales!$A:M,O$2,0),0) -> 0 | P31: =IFERROR(VLOOKUP($A28,Sales!$A:N,P$2,0),0) -> 0 | Q31: =IFERROR(VLOOKUP($A28,Sales!$A:O,Q$2,0),0) -> 0 | R31: =IFERROR(VLOOKUP($A28,Sales!$A:P,R$2,0),0) -> 0 | S31: =IFERROR(VLOOKUP($A28,Sales!$A:Q,S$2,0),0) -> 0 | T31: =IFERROR(VLOOKUP($A28,Sales!$A:R,T$2,0),0) -> 0 | U31: =IFERROR(VLOOKUP($A28,Sales!$A:S,U$2,0),0) -> 30 | V31: =IFERROR(VLOOKUP($A28,Sales!$A:T,V$2,0),0) -> 30 | W31: =IFERROR(VLOOKUP($A28,Sales!$A:U,W$2,0),0) -> 30 | X31: =IFERROR(VLOOKUP($A28,Sales!$A:V,X$2,0),0) -> 10 | Y31: =IFERROR(VLOOKUP($A28,Sales!$A:W,Y$2,0),0) -> 0 | Z31: =IFERROR(VLOOKUP($A28,Sales!$A:X,Z$2,0),0) -> 0 | AA31: =IFERROR(VLOOKUP($A28,Sales!$A:Y,AA$2,0),0) -> 0 | AB31: =IFERROR(VLOOKUP($A28,Sales!$A:Z,AB$2,0),0) -> 0 | AC31: =IFERROR(VLOOKUP($A28,Sales!$A:AA,AC$2,0),0) -> 60 | AD31: =IFERROR(VLOOKUP($A28,Sales!$A:AB,AD$2,0),0) -> 60 | AE31: =IFERROR(VLOOKUP($A28,Sales!$A:AC,AE$2,0),0) -> 60 | AF31: =IFERROR(VLOOKUP($A28,Sales!$A:AD,AF$2,0),0) -> 60 | AG31: =IFERROR(VLOOKUP($A28,Sales!$A:AE,AG$2,0),0) -> 60 | AH31: =IFERROR(VLOOKUP($A28,Sales!$A:AF,AH$2,0),0) -> 150 | AI31: =IFERROR(VLOOKUP($A28,Sales!$A:AG,AI$2,0),0) -> 150 | AJ31: =IFERROR(VLOOKUP($A28,Sales!$A:AH,AJ$2,0),0) -> 0 | AK31: =CEILING(AK$5*$B27,1) -> 0 | AL31: =CEILING(AL$5*$B27,1) -> 0 | AM31: =CEILING(AM$5*$B27,1) -> 0 | AN31: =CEILING(AN$5*$B27,1) -> 24 | AO31: =CEILING(AO$5*$B27,1) -> 24 | AP31: =CEILING(AP$5*$B27,1) -> 24 | AQ31: =CEILING(AQ$5*$B27,1) -> 29 | AR31: =CEILING(AR$5*$B27,1) -> 29 | ... CC31: =CEILING(CC$5*$B27,1) -> 18
A32: Total ST. | B32: 0.262 | C32: Days | D32: =IF(D31=0,0, ROUND(D28 * 1/D31* D$13,1)) -> 0 | E32: =IF(E31=0,0, ROUND(E28 * 1/E31* E$13,1)) -> 32.9 | F32: =IF(F31=0,0, ROUND(F28 * 1/F31* F$13,1)) -> 0 | G32: =IF(G31=0,0, ROUND(G28 * 1/G31* G$13,1)) -> 0 | H32: =IF(H31=0,0, ROUND(H28 * 1/H31* H$13,1)) -> 0 | I32: =IF(I31=0,0, ROUND(I28 * 1/I31* I$13,1)) -> 0 | J32: =IF(J31=0,0, ROUND(J28 * 1/J31* J$13,1)) -> 0 | K32: =IF(K31=0,0, ROUND(K28 * 1/K31* K$13,1)) -> 27.9 | ... CC32: =IF(CC31=0,0, ROUND(CC28 * 1/CC31* CC$13,1)) -> -300.6
A33: 20 | B33: 1 | C33: 5.77925 | D33: =D30/$B33 -> 0 | E33: =E30/$B33 -> 0 | F33: =F30/$B33 -> 0 | G33: =G30/$B33 -> 0 | H33: =H30/$B33 -> 0 | I33: =I30/$B33 -> 0 | J33: =J30/$B33 -> 0 | K33: =K30/$B33 -> 0 | ... CC33: =CC30/$B33 -> 0
B34: =SUM(D38:AJ38)/SUM($D$263:$AJ$263) -> 0.0015625763 | C34: Shortage | D34: =D28-D31 -> 657 | E34: =E28-E31 -> 557 | F34: =F28-F31 -> 557 | G34: =G28-G31 -> 557 | H34: =H28-H31 -> 557 | I34: =I28-I31 -> 557 | J34: =J28-J31 -> 557 | K34: =K28-K31 -> 457 | ... CC34: =CC28-CC31 -> -1100
A35: 4172790 | B35: C | C35: Invt Qty | D35: =IFERROR(VLOOKUP(A35,OS!$A:$B,2,0),0) -> 40 | E35: =(D35+D36-D38) -> 40 | F35: =(E35+E36-E38) -> 40 | G35: =(F35+F36-F38) -> 40 | H35: =(G35+G36-G38) -> 40 | I35: =(H35+H36-H38+D37) -> 40 | J35: =(I35+I36-I38+E37) -> 40 | K35: =(J35+J36-J38+F37) -> 40 | L35: =(K35+K36-K38+G37) -> 40 | M35: =(L35+L36-L38+H37) -> 40 | N35: =(M35+M36-M38+I37) -> 40 | O35: =(N35+N36-N38+J37) -> 40 | P35: =(O35+O36-O38+K37) -> 40 | ... CC35: =(CB35+CB36-CB38+BX37) -> -286
A36: Tran. Pr. | B36: 6.749 | C36: WIP | D36: =IFERROR(VLOOKUP(A35,WIP!$A:$B,2,0),0) -> 0 | E36: 0 | F36: 0 | G36: 0 | H36: 0 | I36: 0 | J36: 0 | K36: 0 | L36: 0 | M36: 0 | N36: 0 | O36: 0 | P36: 0 | Q36: 0 | R36: 0 | S36: 0 | T36: 0 | U36: 0 | V36: 0 | W36: 0 | X36: 0 | Y36: 0 | Z36: 0 | AA36: 0 | AB36: 0 | AC36: 0 | AD36: 0 | AE36: 0 | AF36: 0 | AG36: 0 | AH36: 0 | AI36: 0 | AJ36: 0 | AK36: 0 | AL36: 0 | AM36: 0 | AN36: 0 | AO36: 0 | AP36: 0 | AQ36: 0 | AR36: 0 | AS36: 0 | AT36: 0 | AU36: 0 | AV36: 0 | AW36: 0 | AX36: 0 | AY36: 0 | AZ36: 0 | BA36: 0 | BB36: 0 | BC36: 0 | BD36: 0 | BE36: 0 | BF36: 0 | BG36: 0 | BH36: 0 | BI36: 0 | BJ36: 0 | BK36: 0 | BL36: 0 | BM36: 0 | BN36: 0 | BO36: 0 | BP36: 0 | BQ36: 0 | BR36: 0 | BS36: 0 | BT36: 0 | BU36: 0 | BV36: 0 | BW36: 0 | BX36: 0 | BY36: 0 | BZ36: 0 | CA36: 0 | CB36: 0 | CC36: 0
A37: Assy ST. | B37: 0.119 | C37: Plan | D37: =IFERROR(VLOOKUP($A35,Plan!$A:B,D$4,0),0) -> 0 | E37: =IFERROR(VLOOKUP($A35,Plan!$A:C,E$4,0),0) -> 0 | F37: =IFERROR(VLOOKUP($A35,Plan!$A:D,F$4,0),0) -> 0 | G37: 0 | H37: 0 | I37: 0 | J37: 0 | K37: 0 | L37: 0 | M37: 0 | N37: 0 | O37: 0 | P37: 0 | Q37: 0 | R37: 0 | S37: 0 | T37: 0 | U37: 0 | V37: 0 | W37: 0 | X37: 0 | Y37: 0 | Z37: 0 | AA37: 0 | AB37: 0 | AC37: 0 | AD37: 0 | AE37: 0 | AF37: 0 | AG37: 0 | AH37: 0 | AI37: 0 | AJ37: 0 | AK37: 0 | AL37: 0 | AM37: 0 | AN37: 0 | AO37: 0 | AP37: 0 | AQ37: 0 | AR37: 0 | AS37: 0 | AT37: 0 | AU37: 0 | AV37: 0 | AW37: 0 | AX37: 0 | AY37: 0 | AZ37: 0 | BA37: 0 | BB37: 0 | BC37: 0 | BD37: 0 | BE37: 0 | BF37: 0 | BG37: 0 | BH37: 0 | BI37: 0 | BJ37: 0 | BK37: 0 | BL37: 0 | BM37: 0 | BN37: 0 | BO37: 0 | BP37: 0 | BQ37: 0 | BR37: 0 | BS37: 0 | BT37: 0 | BU37: 0 | BV37: 0 | BW37: 0 | BX37: 0 | BY37: 0 | BZ37: 0 | CA37: 0 | CB37: 0 | CC37: 0
A38: Lead Prep ST. | B38: 0.01 | C38: Sales | D38: =IFERROR(VLOOKUP($A35,Sales!$A:B,D$2,0),0) -> 0 | E38: =IFERROR(VLOOKUP($A35,Sales!$A:C,E$2,0),0) -> 0 | F38: =IFERROR(VLOOKUP($A35,Sales!$A:D,F$2,0),0) -> 0 | G38: =IFERROR(VLOOKUP($A35,Sales!$A:E,G$2,0),0) -> 0 | H38: =IFERROR(VLOOKUP($A35,Sales!$A:F,H$2,0),0) -> 0 | I38: =IFERROR(VLOOKUP($A35,Sales!$A:G,I$2,0),0) -> 0 | J38: =IFERROR(VLOOKUP($A35,Sales!$A:H,J$2,0),0) -> 0 | K38: =IFERROR(VLOOKUP($A35,Sales!$A:I,K$2,0),0) -> 0 | L38: =IFERROR(VLOOKUP($A35,Sales!$A:J,L$2,0),0) -> 0 | M38: =IFERROR(VLOOKUP($A35,Sales!$A:K,M$2,0),0) -> 0 | N38: =IFERROR(VLOOKUP($A35,Sales!$A:L,N$2,0),0) -> 0 | O38: =IFERROR(VLOOKUP($A35,Sales!$A:M,O$2,0),0) -> 0 | P38: =IFERROR(VLOOKUP($A35,Sales!$A:N,P$2,0),0) -> 0 | Q38: =IFERROR(VLOOKUP($A35,Sales!$A:O,Q$2,0),0) -> 0 | R38: =IFERROR(VLOOKUP($A35,Sales!$A:P,R$2,0),0) -> 0 | S38: =IFERROR(VLOOKUP($A35,Sales!$A:Q,S$2,0),0) -> 0 | T38: =IFERROR(VLOOKUP($A35,Sales!$A:R,T$2,0),0) -> 0 | U38: =IFERROR(VLOOKUP($A35,Sales!$A:S,U$2,0),0) -> 0 | V38: =IFERROR(VLOOKUP($A35,Sales!$A:T,V$2,0),0) -> 0 | W38: =IFERROR(VLOOKUP($A35,Sales!$A:U,W$2,0),0) -> 0 | X38: =IFERROR(VLOOKUP($A35,Sales!$A:V,X$2,0),0) -> 0 | Y38: =IFERROR(VLOOKUP($A35,Sales!$A:W,Y$2,0),0) -> 40 | Z38: =IFERROR(VLOOKUP($A35,Sales!$A:X,Z$2,0),0) -> 40 | AA38: =IFERROR(VLOOKUP($A35,Sales!$A:Y,AA$2,0),0) -> 40 | AB38: =IFERROR(VLOOKUP($A35,Sales!$A:Z,AB$2,0),0) -> 40 | AC38: =IFERROR(VLOOKUP($A35,Sales!$A:AA,AC$2,0),0) -> 0 | AD38: =IFERROR(VLOOKUP($A35,Sales!$A:AB,AD$2,0),0) -> 0 | AE38: =IFERROR(VLOOKUP($A35,Sales!$A:AC,AE$2,0),0) -> 0 | AF38: =IFERROR(VLOOKUP($A35,Sales!$A:AD,AF$2,0),0) -> 0 | AG38: =IFERROR(VLOOKUP($A35,Sales!$A:AE,AG$2,0),0) -> 0 | AH38: =IFERROR(VLOOKUP($A35,Sales!$A:AF,AH$2,0),0) -> 0 | AI38: =IFERROR(VLOOKUP($A35,Sales!$A:AG,AI$2,0),0) -> 0 | AJ38: =IFERROR(VLOOKUP($A35,Sales!$A:AH,AJ$2,0),0) -> 0 | AK38: =CEILING(AK$5*$B34,1) -> 0 | AL38: =CEILING(AL$5*$B34,1) -> 0 | AM38: =CEILING(AM$5*$B34,1) -> 0 | AN38: =CEILING(AN$5*$B34,1) -> 5 | AO38: =CEILING(AO$5*$B34,1) -> 5 | AP38: =CEILING(AP$5*$B34,1) -> 5 | AQ38: =CEILING(AQ$5*$B34,1) -> 6 | AR38: =CEILING(AR$5*$B34,1) -> 6 | ... CC38: =CEILING(CC$5*$B34,1) -> 4
A39: Total ST. | B39: 0.129 | C39: Days | D39: =IF(D38=0,0, ROUND(D35 * 1/D38* D$13,1)) -> 0 | E39: =IF(E38=0,0, ROUND(E35 * 1/E38* E$13,1)) -> 0 | F39: =IF(F38=0,0, ROUND(F35 * 1/F38* F$13,1)) -> 0 | G39: =IF(G38=0,0, ROUND(G35 * 1/G38* G$13,1)) -> 0 | H39: =IF(H38=0,0, ROUND(H35 * 1/H38* H$13,1)) -> 0 | I39: =IF(I38=0,0, ROUND(I35 * 1/I38* I$13,1)) -> 0 | J39: =IF(J38=0,0, ROUND(J35 * 1/J38* J$13,1)) -> 0 | K39: =IF(K38=0,0, ROUND(K35 * 1/K38* K$13,1)) -> 0 | ... CC39: =IF(CC38=0,0, ROUND(CC35 * 1/CC38* CC$13,1)) -> -357.5
A40: 4 | B40: 1 | C40: 2.87729 | D40: =D37/$B40 -> 0 | E40: =E37/$B40 -> 0 | F40: =F37/$B40 -> 0 | G40: =G37/$B40 -> 0 | H40: =H37/$B40 -> 0 | I40: =I37/$B40 -> 0 | J40: =J37/$B40 -> 0 | K40: =K37/$B40 -> 0 | ... CC40: =CC37/$B40 -> 0
B41: =SUM(D45:AJ45)/SUM($D$263:$AJ$263) -> 0.00078128815 | C41: Shortage | D41: =D35-D38 -> 40 | E41: =E35-E38 -> 40 | F41: =F35-F38 -> 40 | G41: =G35-G38 -> 40 | H41: =H35-H38 -> 40 | I41: =I35-I38 -> 40 | J41: =J35-J38 -> 40 | K41: =K35-K38 -> 40 | ... CC41: =CC35-CC38 -> -290
A42: 4172797 | B42: C | C42: Invt Qty | D42: =IFERROR(VLOOKUP(A42,OS!$A:$B,2,0),0) -> 0 | E42: =(D42+D43-D45) -> 0 | F42: =(E42+E43-E45) -> 0 | G42: =(F42+F43-F45) -> 0 | H42: =(G42+G43-G45) -> 0 | I42: =(H42+H43-H45+D44) -> 0 | J42: =(I42+I43-I45+E44) -> 0 | K42: =(J42+J43-J45+F44) -> 0 | L42: =(K42+K43-K45+G44) -> 0 | M42: =(L42+L43-L45+H44) -> -80 | N42: =(M42+M43-M45+I44) -> -80 | O42: =(N42+N43-N45+J44) -> -80 | P42: =(O42+O43-O45+K44) -> -80 | ... CC42: =(CB42+CB43-CB45+BX44) -> -167
A43: Tran. Pr. | B43: 7.89512 | C43: WIP | D43: =IFERROR(VLOOKUP(A42,WIP!$A:$B,2,0),0) -> 0 | E43: 0 | F43: 0 | G43: 0 | H43: 0 | I43: 0 | J43: 0 | K43: 0 | L43: 0 | M43: 0 | N43: 0 | O43: 0 | P43: 0 | Q43: 0 | R43: 0 | S43: 0 | T43: 0 | U43: 0 | V43: 0 | W43: 0 | X43: 0 | Y43: 0 | Z43: 0 | AA43: 0 | AB43: 0 | AC43: 0 | AD43: 0 | AE43: 0 | AF43: 0 | AG43: 0 | AH43: 0 | AI43: 0 | AJ43: 0 | AK43: 0 | AL43: 0 | AM43: 0 | AN43: 0 | AO43: 0 | AP43: 0 | AQ43: 0 | AR43: 0 | AS43: 0 | AT43: 0 | AU43: 0 | AV43: 0 | AW43: 0 | AX43: 0 | AY43: 0 | AZ43: 0 | BA43: 0 | BB43: 0 | BC43: 0 | BD43: 0 | BE43: 0 | BF43: 0 | BG43: 0 | BH43: 0 | BI43: 0 | BJ43: 0 | BK43: 0 | BL43: 0 | BM43: 0 | BN43: 0 | BO43: 0 | BP43: 0 | BQ43: 0 | BR43: 0 | BS43: 0 | BT43: 0 | BU43: 0 | BV43: 0 | BW43: 0 | BX43: 0 | BY43: 0 | BZ43: 0 | CA43: 0 | CB43: 0 | CC43: 0
A44: Assy ST. | B44: 0.244 | C44: Plan | D44: =IFERROR(VLOOKUP($A42,Plan!$A:B,D$4,0),0) -> 0 | E44: =IFERROR(VLOOKUP($A42,Plan!$A:C,E$4,0),0) -> 0 | F44: =IFERROR(VLOOKUP($A42,Plan!$A:D,F$4,0),0) -> 0 | G44: 0 | H44: 0 | I44: 0 | J44: 0 | K44: 0 | L44: 0 | M44: 0 | N44: 0 | O44: 0 | P44: 0 | Q44: 0 | R44: 0 | S44: 0 | T44: 0 | U44: 0 | V44: 0 | W44: 0 | X44: 0 | Y44: 0 | Z44: 0 | AA44: 0 | AB44: 0 | AC44: 0 | AD44: 0 | AE44: 0 | AF44: 0 | AG44: 0 | AH44: 0 | AI44: 0 | AJ44: 0 | AK44: 0 | AL44: 0 | AM44: 0 | AN44: 0 | AO44: 0 | AP44: 0 | AQ44: 0 | AR44: 0 | AS44: 0 | AT44: 0 | AU44: 0 | AV44: 0 | AW44: 0 | AX44: 0 | AY44: 0 | AZ44: 0 | BA44: 0 | BB44: 0 | BC44: 0 | BD44: 0 | BE44: 0 | BF44: 0 | BG44: 0 | BH44: 0 | BI44: 0 | BJ44: 0 | BK44: 0 | BL44: 0 | BM44: 0 | BN44: 0 | BO44: 0 | BP44: 0 | BQ44: 0 | BR44: 0 | BS44: 0 | BT44: 0 | BU44: 0 | BV44: 0 | BW44: 0 | BX44: 0 | BY44: 0 | BZ44: 0 | CA44: 0 | CB44: 0 | CC44: 0
A45: Lead Prep ST. | B45: 0.035 | C45: Sales | D45: =IFERROR(VLOOKUP($A42,Sales!$A:B,D$2,0),0) -> 0 | E45: =IFERROR(VLOOKUP($A42,Sales!$A:C,E$2,0),0) -> 0 | F45: =IFERROR(VLOOKUP($A42,Sales!$A:D,F$2,0),0) -> 0 | G45: =IFERROR(VLOOKUP($A42,Sales!$A:E,G$2,0),0) -> 0 | H45: =IFERROR(VLOOKUP($A42,Sales!$A:F,H$2,0),0) -> 0 | I45: =IFERROR(VLOOKUP($A42,Sales!$A:G,I$2,0),0) -> 0 | J45: =IFERROR(VLOOKUP($A42,Sales!$A:H,J$2,0),0) -> 0 | K45: =IFERROR(VLOOKUP($A42,Sales!$A:I,K$2,0),0) -> 0 | L45: =IFERROR(VLOOKUP($A42,Sales!$A:J,L$2,0),0) -> 80 | M45: =IFERROR(VLOOKUP($A42,Sales!$A:K,M$2,0),0) -> 0 | N45: =IFERROR(VLOOKUP($A42,Sales!$A:L,N$2,0),0) -> 0 | O45: =IFERROR(VLOOKUP($A42,Sales!$A:M,O$2,0),0) -> 0 | P45: =IFERROR(VLOOKUP($A42,Sales!$A:N,P$2,0),0) -> 0 | Q45: =IFERROR(VLOOKUP($A42,Sales!$A:O,Q$2,0),0) -> 0 | R45: =IFERROR(VLOOKUP($A42,Sales!$A:P,R$2,0),0) -> 0 | S45: =IFERROR(VLOOKUP($A42,Sales!$A:Q,S$2,0),0) -> 0 | T45: =IFERROR(VLOOKUP($A42,Sales!$A:R,T$2,0),0) -> 0 | U45: =IFERROR(VLOOKUP($A42,Sales!$A:S,U$2,0),0) -> 0 | V45: =IFERROR(VLOOKUP($A42,Sales!$A:T,V$2,0),0) -> 0 | W45: =IFERROR(VLOOKUP($A42,Sales!$A:U,W$2,0),0) -> 0 | X45: =IFERROR(VLOOKUP($A42,Sales!$A:V,X$2,0),0) -> 0 | Y45: =IFERROR(VLOOKUP($A42,Sales!$A:W,Y$2,0),0) -> 0 | Z45: =IFERROR(VLOOKUP($A42,Sales!$A:X,Z$2,0),0) -> 0 | AA45: =IFERROR(VLOOKUP($A42,Sales!$A:Y,AA$2,0),0) -> 0 | AB45: =IFERROR(VLOOKUP($A42,Sales!$A:Z,AB$2,0),0) -> 0 | AC45: =IFERROR(VLOOKUP($A42,Sales!$A:AA,AC$2,0),0) -> 0 | AD45: =IFERROR(VLOOKUP($A42,Sales!$A:AB,AD$2,0),0) -> 0 | AE45: =IFERROR(VLOOKUP($A42,Sales!$A:AC,AE$2,0),0) -> 0 | AF45: =IFERROR(VLOOKUP($A42,Sales!$A:AD,AF$2,0),0) -> 0 | AG45: =IFERROR(VLOOKUP($A42,Sales!$A:AE,AG$2,0),0) -> 0 | AH45: =IFERROR(VLOOKUP($A42,Sales!$A:AF,AH$2,0),0) -> 0 | AI45: =IFERROR(VLOOKUP($A42,Sales!$A:AG,AI$2,0),0) -> 0 | AJ45: =IFERROR(VLOOKUP($A42,Sales!$A:AH,AJ$2,0),0) -> 0 | AK45: =CEILING(AK$5*$B41,1) -> 0 | AL45: =CEILING(AL$5*$B41,1) -> 0 | AM45: =CEILING(AM$5*$B41,1) -> 0 | AN45: =CEILING(AN$5*$B41,1) -> 3 | AO45: =CEILING(AO$5*$B41,1) -> 3 | AP45: =CEILING(AP$5*$B41,1) -> 3 | AQ45: =CEILING(AQ$5*$B41,1) -> 3 | AR45: =CEILING(AR$5*$B41,1) -> 3 | ... CC45: =CEILING(CC$5*$B41,1) -> 2
A46: Total ST. | B46: 0.279 | C46: Days | D46: =IF(D45=0,0, ROUND(D42 * 1/D45* D$13,1)) -> 0 | E46: =IF(E45=0,0, ROUND(E42 * 1/E45* E$13,1)) -> 0 | F46: =IF(F45=0,0, ROUND(F42 * 1/F45* F$13,1)) -> 0 | G46: =IF(G45=0,0, ROUND(G42 * 1/G45* G$13,1)) -> 0 | H46: =IF(H45=0,0, ROUND(H42 * 1/H45* H$13,1)) -> 0 | I46: =IF(I45=0,0, ROUND(I42 * 1/I45* I$13,1)) -> 0 | J46: =IF(J45=0,0, ROUND(J42 * 1/J45* J$13,1)) -> 0 | K46: =IF(K45=0,0, ROUND(K42 * 1/K45* K$13,1)) -> 0 | ... CC46: =IF(CC45=0,0, ROUND(CC42 * 1/CC45* CC$13,1)) -> -417.5
A47: 22 | B47: 1 | C47: 5.99766 | D47: =D44/$B47 -> 0 | E47: =E44/$B47 -> 0 | F47: =F44/$B47 -> 0 | G47: =G44/$B47 -> 0 | H47: =H44/$B47 -> 0 | I47: =I44/$B47 -> 0 | J47: =J44/$B47 -> 0 | K47: =K44/$B47 -> 0 | ... CC47: =CC44/$B47 -> 0
B48: =SUM(D52:AJ52)/SUM($D$263:$AJ$263) -> 0.013672543 | C48: Shortage | D48: =D42-D45 -> 0 | E48: =E42-E45 -> 0 | F48: =F42-F45 -> 0 | G48: =G42-G45 -> 0 | H48: =H42-H45 -> 0 | I48: =I42-I45 -> 0 | J48: =J42-J45 -> 0 | K48: =K42-K45 -> 0 | ... CC48: =CC42-CC45 -> -169
A49: 4172800 | B49: C | C49: Invt Qty | D49: =IFERROR(VLOOKUP(A49,OS!$A:$B,2,0),0) -> 400 | E49: =(D49+D50-D52) -> 726 | F49: =(E49+E50-E52) -> 626 | G49: =(F49+F50-F52) -> 626 | H49: =(G49+G50-G52) -> 626 | I49: =(H49+H50-H52+D51) -> 626 | J49: =(I49+I50-I52+E51) -> 626 | K49: =(J49+J50-J52+F51) -> 526 | L49: =(K49+K50-K52+G51) -> 526 | M49: =(L49+L50-L52+H51) -> 426 | N49: =(M49+M50-M52+I51) -> 126 | O49: =(N49+N50-N52+J51) -> 126 | P49: =(O49+O50-O52+K51) -> 126 | ... CC49: =(CB49+CB50-CB52+BX51) -> -1984
A50: Tran. Pr. | B50: 5.94999 | C50: WIP | D50: =IFERROR(VLOOKUP(A49,WIP!$A:$B,2,0),0) -> 326 | E50: 0 | F50: 0 | G50: 0 | H50: 0 | I50: 0 | J50: 0 | K50: 0 | L50: 0 | M50: 0 | N50: 0 | O50: 0 | P50: 0 | Q50: 0 | R50: 0 | S50: 0 | T50: 0 | U50: 0 | V50: 0 | W50: 0 | X50: 0 | Y50: 0 | Z50: 0 | AA50: 0 | AB50: 0 | AC50: 0 | AD50: 0 | AE50: 0 | AF50: 0 | AG50: 0 | AH50: 0 | AI50: 0 | AJ50: 0 | AK50: 0 | AL50: 0 | AM50: 0 | AN50: 0 | AO50: 0 | AP50: 0 | AQ50: 0 | AR50: 0 | AS50: 0 | AT50: 0 | AU50: 0 | AV50: 0 | AW50: 0 | AX50: 0 | AY50: 0 | AZ50: 0 | BA50: 0 | BB50: 0 | BC50: 0 | BD50: 0 | BE50: 0 | BF50: 0 | BG50: 0 | BH50: 0 | BI50: 0 | BJ50: 0 | BK50: 0 | BL50: 0 | BM50: 0 | BN50: 0 | BO50: 0 | BP50: 0 | BQ50: 0 | BR50: 0 | BS50: 0 | BT50: 0 | BU50: 0 | BV50: 0 | BW50: 0 | BX50: 0 | BY50: 0 | BZ50: 0 | CA50: 0 | CB50: 0 | CC50: 0
A51: Assy ST. | B51: 0.193 | C51: Plan | D51: =IFERROR(VLOOKUP($A49,Plan!$A:B,D$4,0),0) -> 0 | E51: =IFERROR(VLOOKUP($A49,Plan!$A:C,E$4,0),0) -> 0 | F51: =IFERROR(VLOOKUP($A49,Plan!$A:D,F$4,0),0) -> 0 | G51: 0 | H51: 0 | I51: 0 | J51: 0 | K51: 0 | L51: 0 | M51: 0 | N51: 0 | O51: 0 | P51: 0 | Q51: 0 | R51: 0 | S51: 0 | T51: 0 | U51: 0 | V51: 0 | W51: 0 | X51: 0 | Y51: 0 | Z51: 0 | AA51: 0 | AB51: 0 | AC51: 0 | AD51: 0 | AE51: 0 | AF51: 0 | AG51: 0 | AH51: 0 | AI51: 0 | AJ51: 0 | AK51: 0 | AL51: 0 | AM51: 0 | AN51: 0 | AO51: 0 | AP51: 0 | AQ51: 0 | AR51: 0 | AS51: 0 | AT51: 0 | AU51: 0 | AV51: 0 | AW51: 0 | AX51: 0 | AY51: 0 | AZ51: 0 | BA51: 0 | BB51: 0 | BC51: 0 | BD51: 0 | BE51: 0 | BF51: 0 | BG51: 0 | BH51: 0 | BI51: 0 | BJ51: 0 | BK51: 0 | BL51: 0 | BM51: 0 | BN51: 0 | BO51: 0 | BP51: 0 | BQ51: 0 | BR51: 0 | BS51: 0 | BT51: 0 | BU51: 0 | BV51: 0 | BW51: 0 | BX51: 0 | BY51: 0 | BZ51: 0 | CA51: 0 | CB51: 0 | CC51: 0
A52: Lead Prep ST. | B52: 0.026 | C52: Sales | D52: =IFERROR(VLOOKUP($A49,Sales!$A:B,D$2,0),0) -> 0 | E52: =IFERROR(VLOOKUP($A49,Sales!$A:C,E$2,0),0) -> 100 | F52: =IFERROR(VLOOKUP($A49,Sales!$A:D,F$2,0),0) -> 0 | G52: =IFERROR(VLOOKUP($A49,Sales!$A:E,G$2,0),0) -> 0 | H52: =IFERROR(VLOOKUP($A49,Sales!$A:F,H$2,0),0) -> 0 | I52: =IFERROR(VLOOKUP($A49,Sales!$A:G,I$2,0),0) -> 0 | J52: =IFERROR(VLOOKUP($A49,Sales!$A:H,J$2,0),0) -> 100 | K52: =IFERROR(VLOOKUP($A49,Sales!$A:I,K$2,0),0) -> 0 | L52: =IFERROR(VLOOKUP($A49,Sales!$A:J,L$2,0),0) -> 100 | M52: =IFERROR(VLOOKUP($A49,Sales!$A:K,M$2,0),0) -> 300 | N52: =IFERROR(VLOOKUP($A49,Sales!$A:L,N$2,0),0) -> 0 | O52: =IFERROR(VLOOKUP($A49,Sales!$A:M,O$2,0),0) -> 0 | P52: =IFERROR(VLOOKUP($A49,Sales!$A:N,P$2,0),0) -> 0 | Q52: =IFERROR(VLOOKUP($A49,Sales!$A:O,Q$2,0),0) -> 0 | R52: =IFERROR(VLOOKUP($A49,Sales!$A:P,R$2,0),0) -> 100 | S52: =IFERROR(VLOOKUP($A49,Sales!$A:Q,S$2,0),0) -> 0 | T52: =IFERROR(VLOOKUP($A49,Sales!$A:R,T$2,0),0) -> 100 | U52: =IFERROR(VLOOKUP($A49,Sales!$A:S,U$2,0),0) -> 80 | V52: =IFERROR(VLOOKUP($A49,Sales!$A:T,V$2,0),0) -> 80 | W52: =IFERROR(VLOOKUP($A49,Sales!$A:U,W$2,0),0) -> 80 | X52: =IFERROR(VLOOKUP($A49,Sales!$A:V,X$2,0),0) -> 60 | Y52: =IFERROR(VLOOKUP($A49,Sales!$A:W,Y$2,0),0) -> 80 | Z52: =IFERROR(VLOOKUP($A49,Sales!$A:X,Z$2,0),0) -> 80 | AA52: =IFERROR(VLOOKUP($A49,Sales!$A:Y,AA$2,0),0) -> 80 | AB52: =IFERROR(VLOOKUP($A49,Sales!$A:Z,AB$2,0),0) -> 60 | AC52: =IFERROR(VLOOKUP($A49,Sales!$A:AA,AC$2,0),0) -> 0 | AD52: =IFERROR(VLOOKUP($A49,Sales!$A:AB,AD$2,0),0) -> 0 | AE52: =IFERROR(VLOOKUP($A49,Sales!$A:AC,AE$2,0),0) -> 0 | AF52: =IFERROR(VLOOKUP($A49,Sales!$A:AD,AF$2,0),0) -> 0 | AG52: =IFERROR(VLOOKUP($A49,Sales!$A:AE,AG$2,0),0) -> 0 | AH52: =IFERROR(VLOOKUP($A49,Sales!$A:AF,AH$2,0),0) -> 0 | AI52: =IFERROR(VLOOKUP($A49,Sales!$A:AG,AI$2,0),0) -> 0 | AJ52: =IFERROR(VLOOKUP($A49,Sales!$A:AH,AJ$2,0),0) -> 0 | AK52: =CEILING(AK$5*$B48,1) -> 0 | AL52: =CEILING(AL$5*$B48,1) -> 0 | AM52: =CEILING(AM$5*$B48,1) -> 0 | AN52: =CEILING(AN$5*$B48,1) -> 38 | AO52: =CEILING(AO$5*$B48,1) -> 38 | AP52: =CEILING(AP$5*$B48,1) -> 38 | AQ52: =CEILING(AQ$5*$B48,1) -> 45 | AR52: =CEILING(AR$5*$B48,1) -> 45 | ... CC52: =CEILING(CC$5*$B48,1) -> 28
A53: Total ST. | B53: 0.219 | C53: Days | D53: =IF(D52=0,0, ROUND(D49 * 1/D52* D$13,1)) -> 0 | E53: =IF(E52=0,0, ROUND(E49 * 1/E52* E$13,1)) -> 36.3 | F53: =IF(F52=0,0, ROUND(F49 * 1/F52* F$13,1)) -> 0 | G53: =IF(G52=0,0, ROUND(G49 * 1/G52* G$13,1)) -> 0 | H53: =IF(H52=0,0, ROUND(H49 * 1/H52* H$13,1)) -> 0 | I53: =IF(I52=0,0, ROUND(I49 * 1/I52* I$13,1)) -> 0 | J53: =IF(J52=0,0, ROUND(J49 * 1/J52* J$13,1)) -> 31.3 | K53: =IF(K52=0,0, ROUND(K49 * 1/K52* K$13,1)) -> 0 | ... CC53: =IF(CC52=0,0, ROUND(CC49 * 1/CC52* CC$13,1)) -> -354.3
A54: 14 | B54: 1 | C54: 4.473 | D54: =D51/$B54 -> 0 | E54: =E51/$B54 -> 0 | F54: =F51/$B54 -> 0 | G54: =G51/$B54 -> 0 | H54: =H51/$B54 -> 0 | I54: =I51/$B54 -> 0 | J54: =J51/$B54 -> 0 | K54: =K51/$B54 -> 0 | ... CC54: =CC51/$B54 -> 0
B55: =SUM(D59:AJ59)/SUM($D$263:$AJ$263) -> 0.0048830509 | C55: Shortage | D55: =D49-D52 -> 400 | E55: =E49-E52 -> 626 | F55: =F49-F52 -> 626 | G55: =G49-G52 -> 626 | H55: =H49-H52 -> 626 | I55: =I49-I52 -> 626 | J55: =J49-J52 -> 526 | K55: =K49-K52 -> 526 | ... CC55: =CC49-CC52 -> -2012
A56: 4172806 | B56: C | C56: Invt Qty | D56: =IFERROR(VLOOKUP(A56,OS!$A:$B,2,0),0) -> 0 | E56: =(D56+D57-D59) -> 0 | F56: =(E56+E57-E59) -> 0 | G56: =(F56+F57-F59) -> 0 | H56: =(G56+G57-G59) -> 0 | I56: =(H56+H57-H59+D58) -> 0 | J56: =(I56+I57-I59+E58) -> 0 | K56: =(J56+J57-J59+F58) -> 0 | L56: =(K56+K57-K59+G58) -> 0 | M56: =(L56+L57-L59+H58) -> 0 | N56: =(M56+M57-M59+I58) -> 0 | O56: =(N56+N57-N59+J58) -> 0 | P56: =(O56+O57-O59+K58) -> 0 | ... CC56: =(CB56+CB57-CB59+BX58) -> -979
A57: Tran. Pr. | B57: 7.63435 | C57: WIP | D57: =IFERROR(VLOOKUP(A56,WIP!$A:$B,2,0),0) -> 0 | E57: 0 | F57: 0 | G57: 0 | H57: 0 | I57: 0 | J57: 0 | K57: 0 | L57: 0 | M57: 0 | N57: 0 | O57: 0 | P57: 0 | Q57: 0 | R57: 0 | S57: 0 | T57: 0 | U57: 0 | V57: 0 | W57: 0 | X57: 0 | Y57: 0 | Z57: 0 | AA57: 0 | AB57: 0 | AC57: 0 | AD57: 0 | AE57: 0 | AF57: 0 | AG57: 0 | AH57: 0 | AI57: 0 | AJ57: 0 | AK57: 0 | AL57: 0 | AM57: 0 | AN57: 0 | AO57: 0 | AP57: 0 | AQ57: 0 | AR57: 0 | AS57: 0 | AT57: 0 | AU57: 0 | AV57: 0 | AW57: 0 | AX57: 0 | AY57: 0 | AZ57: 0 | BA57: 0 | BB57: 0 | BC57: 0 | BD57: 0 | BE57: 0 | BF57: 0 | BG57: 0 | BH57: 0 | BI57: 0 | BJ57: 0 | BK57: 0 | BL57: 0 | BM57: 0 | BN57: 0 | BO57: 0 | BP57: 0 | BQ57: 0 | BR57: 0 | BS57: 0 | BT57: 0 | BU57: 0 | BV57: 0 | BW57: 0 | BX57: 0 | BY57: 0 | BZ57: 0 | CA57: 0 | CB57: 0 | CC57: 0
A58: Assy ST. | B58: 0.13914 | C58: Plan | D58: =IFERROR(VLOOKUP($A56,Plan!$A:B,D$4,0),0) -> 0 | E58: =IFERROR(VLOOKUP($A56,Plan!$A:C,E$4,0),0) -> 0 | F58: =IFERROR(VLOOKUP($A56,Plan!$A:D,F$4,0),0) -> 0 | G58: 0 | H58: 0 | I58: 0 | J58: 0 | K58: 0 | L58: 0 | M58: 0 | N58: 0 | O58: 0 | P58: 0 | Q58: 0 | R58: 0 | S58: 0 | T58: 0 | U58: 0 | V58: 0 | W58: 0 | X58: 0 | Y58: 0 | Z58: 0 | AA58: 0 | AB58: 0 | AC58: 0 | AD58: 0 | AE58: 0 | AF58: 0 | AG58: 0 | AH58: 0 | AI58: 0 | AJ58: 0 | AK58: 0 | AL58: 0 | AM58: 0 | AN58: 0 | AO58: 0 | AP58: 0 | AQ58: 0 | AR58: 0 | AS58: 0 | AT58: 0 | AU58: 0 | AV58: 0 | AW58: 0 | AX58: 0 | AY58: 0 | AZ58: 0 | BA58: 0 | BB58: 0 | BC58: 0 | BD58: 0 | BE58: 0 | BF58: 0 | BG58: 0 | BH58: 0 | BI58: 0 | BJ58: 0 | BK58: 0 | BL58: 0 | BM58: 0 | BN58: 0 | BO58: 0 | BP58: 0 | BQ58: 0 | BR58: 0 | BS58: 0 | BT58: 0 | BU58: 0 | BV58: 0 | BW58: 0 | BX58: 0 | BY58: 0 | BZ58: 0 | CA58: 0 | CB58: 0 | CC58: 0
A59: Lead Prep ST. | B59: 0.01175 | C59: Sales | D59: =IFERROR(VLOOKUP($A56,Sales!$A:B,D$2,0),0) -> 0 | E59: =IFERROR(VLOOKUP($A56,Sales!$A:C,E$2,0),0) -> 0 | F59: =IFERROR(VLOOKUP($A56,Sales!$A:D,F$2,0),0) -> 0 | G59: =IFERROR(VLOOKUP($A56,Sales!$A:E,G$2,0),0) -> 0 | H59: =IFERROR(VLOOKUP($A56,Sales!$A:F,H$2,0),0) -> 0 | I59: =IFERROR(VLOOKUP($A56,Sales!$A:G,I$2,0),0) -> 0 | J59: =IFERROR(VLOOKUP($A56,Sales!$A:H,J$2,0),0) -> 0 | K59: =IFERROR(VLOOKUP($A56,Sales!$A:I,K$2,0),0) -> 0 | L59: =IFERROR(VLOOKUP($A56,Sales!$A:J,L$2,0),0) -> 0 | M59: =IFERROR(VLOOKUP($A56,Sales!$A:K,M$2,0),0) -> 0 | N59: =IFERROR(VLOOKUP($A56,Sales!$A:L,N$2,0),0) -> 0 | O59: =IFERROR(VLOOKUP($A56,Sales!$A:M,O$2,0),0) -> 0 | P59: =IFERROR(VLOOKUP($A56,Sales!$A:N,P$2,0),0) -> 0 | Q59: =IFERROR(VLOOKUP($A56,Sales!$A:O,Q$2,0),0) -> 0 | R59: =IFERROR(VLOOKUP($A56,Sales!$A:P,R$2,0),0) -> 0 | S59: =IFERROR(VLOOKUP($A56,Sales!$A:Q,S$2,0),0) -> 0 | T59: =IFERROR(VLOOKUP($A56,Sales!$A:R,T$2,0),0) -> 0 | U59: =IFERROR(VLOOKUP($A56,Sales!$A:S,U$2,0),0) -> 0 | V59: =IFERROR(VLOOKUP($A56,Sales!$A:T,V$2,0),0) -> 0 | W59: =IFERROR(VLOOKUP($A56,Sales!$A:U,W$2,0),0) -> 0 | X59: =IFERROR(VLOOKUP($A56,Sales!$A:V,X$2,0),0) -> 0 | Y59: =IFERROR(VLOOKUP($A56,Sales!$A:W,Y$2,0),0) -> 30 | Z59: =IFERROR(VLOOKUP($A56,Sales!$A:X,Z$2,0),0) -> 30 | AA59: =IFERROR(VLOOKUP($A56,Sales!$A:Y,AA$2,0),0) -> 30 | AB59: =IFERROR(VLOOKUP($A56,Sales!$A:Z,AB$2,0),0) -> 10 | AC59: =IFERROR(VLOOKUP($A56,Sales!$A:AA,AC$2,0),0) -> 60 | AD59: =IFERROR(VLOOKUP($A56,Sales!$A:AB,AD$2,0),0) -> 60 | AE59: =IFERROR(VLOOKUP($A56,Sales!$A:AC,AE$2,0),0) -> 60 | AF59: =IFERROR(VLOOKUP($A56,Sales!$A:AD,AF$2,0),0) -> 60 | AG59: =IFERROR(VLOOKUP($A56,Sales!$A:AE,AG$2,0),0) -> 60 | AH59: =IFERROR(VLOOKUP($A56,Sales!$A:AF,AH$2,0),0) -> 50 | AI59: =IFERROR(VLOOKUP($A56,Sales!$A:AG,AI$2,0),0) -> 50 | AJ59: =IFERROR(VLOOKUP($A56,Sales!$A:AH,AJ$2,0),0) -> 0 | AK59: =CEILING(AK$5*$B55,1) -> 0 | AL59: =CEILING(AL$5*$B55,1) -> 0 | AM59: =CEILING(AM$5*$B55,1) -> 0 | AN59: =CEILING(AN$5*$B55,1) -> 14 | AO59: =CEILING(AO$5*$B55,1) -> 14 | AP59: =CEILING(AP$5*$B55,1) -> 14 | AQ59: =CEILING(AQ$5*$B55,1) -> 16 | AR59: =CEILING(AR$5*$B55,1) -> 16 | ... CC59: =CEILING(CC$5*$B55,1) -> 10
A60: Total ST. | B60: 0.15089 | C60: Days | D60: =IF(D59=0,0, ROUND(D56 * 1/D59* D$13,1)) -> 0 | E60: =IF(E59=0,0, ROUND(E56 * 1/E59* E$13,1)) -> 0 | F60: =IF(F59=0,0, ROUND(F56 * 1/F59* F$13,1)) -> 0 | G60: =IF(G59=0,0, ROUND(G56 * 1/G59* G$13,1)) -> 0 | H60: =IF(H59=0,0, ROUND(H56 * 1/H59* H$13,1)) -> 0 | I60: =IF(I59=0,0, ROUND(I56 * 1/I59* I$13,1)) -> 0 | J60: =IF(J59=0,0, ROUND(J56 * 1/J59* J$13,1)) -> 0 | K60: =IF(K59=0,0, ROUND(K56 * 1/K59* K$13,1)) -> 0 | ... CC60: =IF(CC59=0,0, ROUND(CC56 * 1/CC59* CC$13,1)) -> -489.5
A61: 6 | B61: 1 | C61: 3.13154 | D61: =D58/$B61 -> 0 | E61: =E58/$B61 -> 0 | F61: =F58/$B61 -> 0 | G61: =G58/$B61 -> 0 | H61: =H58/$B61 -> 0 | I61: =I58/$B61 -> 0 | J61: =J58/$B61 -> 0 | K61: =K58/$B61 -> 0 | ... CC61: =CC58/$B61 -> 0
B62: =SUM(D66:AJ66)/SUM($D$263:$AJ$263) -> 0.00078128815 | C62: Shortage | D62: =D56-D59 -> 0 | E62: =E56-E59 -> 0 | F62: =F56-F59 -> 0 | G62: =G56-G59 -> 0 | H62: =H56-H59 -> 0 | I62: =I56-I59 -> 0 | J62: =J56-J59 -> 0 | K62: =K56-K59 -> 0 | ... CC62: =CC56-CC59 -> -989
A63: 4172820 | B63: C | C63: Invt Qty | D63: =IFERROR(VLOOKUP(A63,OS!$A:$B,2,0),0) -> 340 | E63: =(D63+D64-D66) -> 340 | F63: =(E63+E64-E66) -> 340 | G63: =(F63+F64-F66) -> 340 | H63: =(G63+G64-G66) -> 340 | I63: =(H63+H64-H66+D65) -> 340 | J63: =(I63+I64-I66+E65) -> 340 | K63: =(J63+J64-J66+F65) -> 340 | L63: =(K63+K64-K66+G65) -> 340 | M63: =(L63+L64-L66+H65) -> 340 | N63: =(M63+M64-M66+I65) -> 340 | O63: =(N63+N64-N66+J65) -> 340 | P63: =(O63+O64-O66+K65) -> 340 | ... CC63: =(CB63+CB64-CB66+BX65) -> 173
A64: Tran. Pr. | B64: 8.46016 | C64: WIP | D64: =IFERROR(VLOOKUP(A63,WIP!$A:$B,2,0),0) -> 0 | E64: 0 | F64: 0 | G64: 0 | H64: 0 | I64: 0 | J64: 0 | K64: 0 | L64: 0 | M64: 0 | N64: 0 | O64: 0 | P64: 0 | Q64: 0 | R64: 0 | S64: 0 | T64: 0 | U64: 0 | V64: 0 | W64: 0 | X64: 0 | Y64: 0 | Z64: 0 | AA64: 0 | AB64: 0 | AC64: 0 | AD64: 0 | AE64: 0 | AF64: 0 | AG64: 0 | AH64: 0 | AI64: 0 | AJ64: 0 | AK64: 0 | AL64: 0 | AM64: 0 | AN64: 0 | AO64: 0 | AP64: 0 | AQ64: 0 | AR64: 0 | AS64: 0 | AT64: 0 | AU64: 0 | AV64: 0 | AW64: 0 | AX64: 0 | AY64: 0 | AZ64: 0 | BA64: 0 | BB64: 0 | BC64: 0 | BD64: 0 | BE64: 0 | BF64: 0 | BG64: 0 | BH64: 0 | BI64: 0 | BJ64: 0 | BK64: 0 | BL64: 0 | BM64: 0 | BN64: 0 | BO64: 0 | BP64: 0 | BQ64: 0 | BR64: 0 | BS64: 0 | BT64: 0 | BU64: 0 | BV64: 0 | BW64: 0 | BX64: 0 | BY64: 0 | BZ64: 0 | CA64: 0 | CB64: 0 | CC64: 0
A65: Assy ST. | B65: 0.264 | C65: Plan | D65: =IFERROR(VLOOKUP($A63,Plan!$A:B,D$4,0),0) -> 0 | E65: =IFERROR(VLOOKUP($A63,Plan!$A:C,E$4,0),0) -> 0 | F65: =IFERROR(VLOOKUP($A63,Plan!$A:D,F$4,0),0) -> 0 | G65: 0 | H65: 0 | I65: 0 | J65: 0 | K65: 0 | L65: 0 | M65: 0 | N65: 0 | O65: 0 | P65: 0 | Q65: 0 | R65: 0 | S65: 0 | T65: 0 | U65: 0 | V65: 0 | W65: 0 | X65: 0 | Y65: 0 | Z65: 0 | AA65: 0 | AB65: 0 | AC65: 0 | AD65: 0 | AE65: 0 | AF65: 0 | AG65: 0 | AH65: 0 | AI65: 0 | AJ65: 0 | AK65: 0 | AL65: 0 | AM65: 0 | AN65: 0 | AO65: 0 | AP65: 0 | AQ65: 0 | AR65: 0 | AS65: 0 | AT65: 0 | AU65: 0 | AV65: 0 | AW65: 0 | AX65: 0 | AY65: 0 | AZ65: 0 | BA65: 0 | BB65: 0 | BC65: 0 | BD65: 0 | BE65: 0 | BF65: 0 | BG65: 0 | BH65: 0 | BI65: 0 | BJ65: 0 | BK65: 0 | BL65: 0 | BM65: 0 | BN65: 0 | BO65: 0 | BP65: 0 | BQ65: 0 | BR65: 0 | BS65: 0 | BT65: 0 | BU65: 0 | BV65: 0 | BW65: 0 | BX65: 0 | BY65: 0 | BZ65: 0 | CA65: 0 | CB65: 0 | CC65: 0
A66: Lead Prep ST. | B66: 0.039 | C66: Sales | D66: =IFERROR(VLOOKUP($A63,Sales!$A:B,D$2,0),0) -> 0 | E66: =IFERROR(VLOOKUP($A63,Sales!$A:C,E$2,0),0) -> 0 | F66: =IFERROR(VLOOKUP($A63,Sales!$A:D,F$2,0),0) -> 0 | G66: =IFERROR(VLOOKUP($A63,Sales!$A:E,G$2,0),0) -> 0 | H66: =IFERROR(VLOOKUP($A63,Sales!$A:F,H$2,0),0) -> 0 | I66: =IFERROR(VLOOKUP($A63,Sales!$A:G,I$2,0),0) -> 0 | J66: =IFERROR(VLOOKUP($A63,Sales!$A:H,J$2,0),0) -> 0 | K66: =IFERROR(VLOOKUP($A63,Sales!$A:I,K$2,0),0) -> 0 | L66: =IFERROR(VLOOKUP($A63,Sales!$A:J,L$2,0),0) -> 0 | M66: =IFERROR(VLOOKUP($A63,Sales!$A:K,M$2,0),0) -> 0 | N66: =IFERROR(VLOOKUP($A63,Sales!$A:L,N$2,0),0) -> 0 | O66: =IFERROR(VLOOKUP($A63,Sales!$A:M,O$2,0),0) -> 0 | P66: =IFERROR(VLOOKUP($A63,Sales!$A:N,P$2,0),0) -> 0 | Q66: =IFERROR(VLOOKUP($A63,Sales!$A:O,Q$2,0),0) -> 0 | R66: =IFERROR(VLOOKUP($A63,Sales!$A:P,R$2,0),0) -> 0 | S66: =IFERROR(VLOOKUP($A63,Sales!$A:Q,S$2,0),0) -> 0 | T66: =IFERROR(VLOOKUP($A63,Sales!$A:R,T$2,0),0) -> 80 | U66: =IFERROR(VLOOKUP($A63,Sales!$A:S,U$2,0),0) -> 0 | V66: =IFERROR(VLOOKUP($A63,Sales!$A:T,V$2,0),0) -> 0 | W66: =IFERROR(VLOOKUP($A63,Sales!$A:U,W$2,0),0) -> 0 | X66: =IFERROR(VLOOKUP($A63,Sales!$A:V,X$2,0),0) -> 0 | Y66: =IFERROR(VLOOKUP($A63,Sales!$A:W,Y$2,0),0) -> 0 | Z66: =IFERROR(VLOOKUP($A63,Sales!$A:X,Z$2,0),0) -> 0 | AA66: =IFERROR(VLOOKUP($A63,Sales!$A:Y,AA$2,0),0) -> 0 | AB66: =IFERROR(VLOOKUP($A63,Sales!$A:Z,AB$2,0),0) -> 0 | AC66: =IFERROR(VLOOKUP($A63,Sales!$A:AA,AC$2,0),0) -> 0 | AD66: =IFERROR(VLOOKUP($A63,Sales!$A:AB,AD$2,0),0) -> 0 | AE66: =IFERROR(VLOOKUP($A63,Sales!$A:AC,AE$2,0),0) -> 0 | AF66: =IFERROR(VLOOKUP($A63,Sales!$A:AD,AF$2,0),0) -> 0 | AG66: =IFERROR(VLOOKUP($A63,Sales!$A:AE,AG$2,0),0) -> 0 | AH66: =IFERROR(VLOOKUP($A63,Sales!$A:AF,AH$2,0),0) -> 0 | AI66: =IFERROR(VLOOKUP($A63,Sales!$A:AG,AI$2,0),0) -> 0 | AJ66: =IFERROR(VLOOKUP($A63,Sales!$A:AH,AJ$2,0),0) -> 0 | AK66: =CEILING(AK$5*$B62,1) -> 0 | AL66: =CEILING(AL$5*$B62,1) -> 0 | AM66: =CEILING(AM$5*$B62,1) -> 0 | AN66: =CEILING(AN$5*$B62,1) -> 3 | AO66: =CEILING(AO$5*$B62,1) -> 3 | AP66: =CEILING(AP$5*$B62,1) -> 3 | AQ66: =CEILING(AQ$5*$B62,1) -> 3 | AR66: =CEILING(AR$5*$B62,1) -> 3 | ... CC66: =CEILING(CC$5*$B62,1) -> 2
A67: Total ST. | B67: 0.303 | C67: Days | D67: =IF(D66=0,0, ROUND(D63 * 1/D66* D$13,1)) -> 0 | E67: =IF(E66=0,0, ROUND(E63 * 1/E66* E$13,1)) -> 0 | F67: =IF(F66=0,0, ROUND(F63 * 1/F66* F$13,1)) -> 0 | G67: =IF(G66=0,0, ROUND(G63 * 1/G66* G$13,1)) -> 0 | H67: =IF(H66=0,0, ROUND(H63 * 1/H66* H$13,1)) -> 0 | I67: =IF(I66=0,0, ROUND(I63 * 1/I66* I$13,1)) -> 0 | J67: =IF(J66=0,0, ROUND(J63 * 1/J66* J$13,1)) -> 0 | K67: =IF(K66=0,0, ROUND(K63 * 1/K66* K$13,1)) -> 0 | ... CC67: =IF(CC66=0,0, ROUND(CC63 * 1/CC66* CC$13,1)) -> 432.5
A68: 24 | B68: 1 | C68: 6.4057 | D68: =D65/$B68 -> 0 | E68: =E65/$B68 -> 0 | F68: =F65/$B68 -> 0 | G68: =G65/$B68 -> 0 | H68: =H65/$B68 -> 0 | I68: =I65/$B68 -> 0 | J68: =J65/$B68 -> 0 | K68: =K65/$B68 -> 0 | ... CC68: =CC65/$B68 -> 0
B69: =SUM(D73:AJ73)/SUM($D$263:$AJ$263) -> 0.00097661019 | C69: Shortage | D69: =D63-D66 -> 340 | E69: =E63-E66 -> 340 | F69: =F63-F66 -> 340 | G69: =G63-G66 -> 340 | H69: =H63-H66 -> 340 | I69: =I63-I66 -> 340 | J69: =J63-J66 -> 340 | K69: =K63-K66 -> 340 | ... CC69: =CC63-CC66 -> 171
A70: 4172821 | B70: C | C70: Invt Qty | D70: =IFERROR(VLOOKUP(A70,OS!$A:$B,2,0),0) -> 125 | E70: =(D70+D71-D73) -> 125 | F70: =(E70+E71-E73) -> 125 | G70: =(F70+F71-F73) -> 125 | H70: =(G70+G71-G73) -> 125 | I70: =(H70+H71-H73+D72) -> 125 | J70: =(I70+I71-I73+E72) -> 125 | K70: =(J70+J71-J73+F72) -> 125 | L70: =(K70+K71-K73+G72) -> 125 | M70: =(L70+L71-L73+H72) -> 25 | N70: =(M70+M71-M73+I72) -> 25 | O70: =(N70+N71-N73+J72) -> 25 | P70: =(O70+O71-O73+K72) -> 25 | ... CC70: =(CB70+CB71-CB73+BX72) -> -85
A71: Tran. Pr. | B71: 6.51422 | C71: WIP | D71: =IFERROR(VLOOKUP(A70,WIP!$A:$B,2,0),0) -> 0 | E71: 0 | F71: 0 | G71: 0 | H71: 0 | I71: 0 | J71: 0 | K71: 0 | L71: 0 | M71: 0 | N71: 0 | O71: 0 | P71: 0 | Q71: 0 | R71: 0 | S71: 0 | T71: 0 | U71: 0 | V71: 0 | W71: 0 | X71: 0 | Y71: 0 | Z71: 0 | AA71: 0 | AB71: 0 | AC71: 0 | AD71: 0 | AE71: 0 | AF71: 0 | AG71: 0 | AH71: 0 | AI71: 0 | AJ71: 0 | AK71: 0 | AL71: 0 | AM71: 0 | AN71: 0 | AO71: 0 | AP71: 0 | AQ71: 0 | AR71: 0 | AS71: 0 | AT71: 0 | AU71: 0 | AV71: 0 | AW71: 0 | AX71: 0 | AY71: 0 | AZ71: 0 | BA71: 0 | BB71: 0 | BC71: 0 | BD71: 0 | BE71: 0 | BF71: 0 | BG71: 0 | BH71: 0 | BI71: 0 | BJ71: 0 | BK71: 0 | BL71: 0 | BM71: 0 | BN71: 0 | BO71: 0 | BP71: 0 | BQ71: 0 | BR71: 0 | BS71: 0 | BT71: 0 | BU71: 0 | BV71: 0 | BW71: 0 | BX71: 0 | BY71: 0 | BZ71: 0 | CA71: 0 | CB71: 0 | CC71: 0
A72: Assy ST. | B72: 0.213 | C72: Plan | D72: =IFERROR(VLOOKUP($A70,Plan!$A:B,D$4,0),0) -> 0 | E72: =IFERROR(VLOOKUP($A70,Plan!$A:C,E$4,0),0) -> 0 | F72: =IFERROR(VLOOKUP($A70,Plan!$A:D,F$4,0),0) -> 0 | G72: 0 | H72: 0 | I72: 0 | J72: 0 | K72: 0 | L72: 0 | M72: 0 | N72: 0 | O72: 0 | P72: 0 | Q72: 0 | R72: 0 | S72: 0 | T72: 0 | U72: 0 | V72: 0 | W72: 0 | X72: 0 | Y72: 0 | Z72: 0 | AA72: 0 | AB72: 0 | AC72: 0 | AD72: 0 | AE72: 0 | AF72: 0 | AG72: 0 | AH72: 0 | AI72: 0 | AJ72: 0 | AK72: 0 | AL72: 0 | AM72: 0 | AN72: 0 | AO72: 0 | AP72: 0 | AQ72: 0 | AR72: 0 | AS72: 0 | AT72: 0 | AU72: 0 | AV72: 0 | AW72: 0 | AX72: 0 | AY72: 0 | AZ72: 0 | BA72: 0 | BB72: 0 | BC72: 0 | BD72: 0 | BE72: 0 | BF72: 0 | BG72: 0 | BH72: 0 | BI72: 0 | BJ72: 0 | BK72: 0 | BL72: 0 | BM72: 0 | BN72: 0 | BO72: 0 | BP72: 0 | BQ72: 0 | BR72: 0 | BS72: 0 | BT72: 0 | BU72: 0 | BV72: 0 | BW72: 0 | BX72: 0 | BY72: 0 | BZ72: 0 | CA72: 0 | CB72: 0 | CC72: 0
A73: Lead Prep ST. | B73: 0.031 | C73: Sales | D73: =IFERROR(VLOOKUP($A70,Sales!$A:B,D$2,0),0) -> 0 | E73: =IFERROR(VLOOKUP($A70,Sales!$A:C,E$2,0),0) -> 0 | F73: =IFERROR(VLOOKUP($A70,Sales!$A:D,F$2,0),0) -> 0 | G73: =IFERROR(VLOOKUP($A70,Sales!$A:E,G$2,0),0) -> 0 | H73: =IFERROR(VLOOKUP($A70,Sales!$A:F,H$2,0),0) -> 0 | I73: =IFERROR(VLOOKUP($A70,Sales!$A:G,I$2,0),0) -> 0 | J73: =IFERROR(VLOOKUP($A70,Sales!$A:H,J$2,0),0) -> 0 | K73: =IFERROR(VLOOKUP($A70,Sales!$A:I,K$2,0),0) -> 0 | L73: =IFERROR(VLOOKUP($A70,Sales!$A:J,L$2,0),0) -> 100 | M73: =IFERROR(VLOOKUP($A70,Sales!$A:K,M$2,0),0) -> 0 | N73: =IFERROR(VLOOKUP($A70,Sales!$A:L,N$2,0),0) -> 0 | O73: =IFERROR(VLOOKUP($A70,Sales!$A:M,O$2,0),0) -> 0 | P73: =IFERROR(VLOOKUP($A70,Sales!$A:N,P$2,0),0) -> 0 | Q73: =IFERROR(VLOOKUP($A70,Sales!$A:O,Q$2,0),0) -> 0 | R73: =IFERROR(VLOOKUP($A70,Sales!$A:P,R$2,0),0) -> 0 | S73: =IFERROR(VLOOKUP($A70,Sales!$A:Q,S$2,0),0) -> 0 | T73: =IFERROR(VLOOKUP($A70,Sales!$A:R,T$2,0),0) -> 0 | U73: =IFERROR(VLOOKUP($A70,Sales!$A:S,U$2,0),0) -> 0 | V73: =IFERROR(VLOOKUP($A70,Sales!$A:T,V$2,0),0) -> 0 | W73: =IFERROR(VLOOKUP($A70,Sales!$A:U,W$2,0),0) -> 0 | X73: =IFERROR(VLOOKUP($A70,Sales!$A:V,X$2,0),0) -> 0 | Y73: =IFERROR(VLOOKUP($A70,Sales!$A:W,Y$2,0),0) -> 0 | Z73: =IFERROR(VLOOKUP($A70,Sales!$A:X,Z$2,0),0) -> 0 | AA73: =IFERROR(VLOOKUP($A70,Sales!$A:Y,AA$2,0),0) -> 0 | AB73: =IFERROR(VLOOKUP($A70,Sales!$A:Z,AB$2,0),0) -> 0 | AC73: =IFERROR(VLOOKUP($A70,Sales!$A:AA,AC$2,0),0) -> 0 | AD73: =IFERROR(VLOOKUP($A70,Sales!$A:AB,AD$2,0),0) -> 0 | AE73: =IFERROR(VLOOKUP($A70,Sales!$A:AC,AE$2,0),0) -> 0 | AF73: =IFERROR(VLOOKUP($A70,Sales!$A:AD,AF$2,0),0) -> 0 | AG73: =IFERROR(VLOOKUP($A70,Sales!$A:AE,AG$2,0),0) -> 0 | AH73: =IFERROR(VLOOKUP($A70,Sales!$A:AF,AH$2,0),0) -> 0 | AI73: =IFERROR(VLOOKUP($A70,Sales!$A:AG,AI$2,0),0) -> 0 | AJ73: =IFERROR(VLOOKUP($A70,Sales!$A:AH,AJ$2,0),0) -> 0 | AK73: =CEILING(AK$5*$B69,1) -> 0 | AL73: =CEILING(AL$5*$B69,1) -> 0 | AM73: =CEILING(AM$5*$B69,1) -> 0 | AN73: =CEILING(AN$5*$B69,1) -> 3 | AO73: =CEILING(AO$5*$B69,1) -> 3 | AP73: =CEILING(AP$5*$B69,1) -> 3 | AQ73: =CEILING(AQ$5*$B69,1) -> 4 | AR73: =CEILING(AR$5*$B69,1) -> 4 | ... CC73: =CEILING(CC$5*$B69,1) -> 2
A74: Total ST. | B74: 0.244 | C74: Days | D74: =IF(D73=0,0, ROUND(D70 * 1/D73* D$13,1)) -> 0 | E74: =IF(E73=0,0, ROUND(E70 * 1/E73* E$13,1)) -> 0 | F74: =IF(F73=0,0, ROUND(F70 * 1/F73* F$13,1)) -> 0 | G74: =IF(G73=0,0, ROUND(G70 * 1/G73* G$13,1)) -> 0 | H74: =IF(H73=0,0, ROUND(H70 * 1/H73* H$13,1)) -> 0 | I74: =IF(I73=0,0, ROUND(I70 * 1/I73* I$13,1)) -> 0 | J74: =IF(J73=0,0, ROUND(J70 * 1/J73* J$13,1)) -> 0 | K74: =IF(K73=0,0, ROUND(K70 * 1/K73* K$13,1)) -> 0 | ... CC74: =IF(CC73=0,0, ROUND(CC70 * 1/CC73* CC$13,1)) -> -212.5
A75: 16 | B75: 1 | C75: 4.88121 | D75: =D72/$B75 -> 0 | E75: =E72/$B75 -> 0 | F75: =F72/$B75 -> 0 | G75: =G72/$B75 -> 0 | H75: =H72/$B75 -> 0 | I75: =I72/$B75 -> 0 | J75: =J72/$B75 -> 0 | K75: =K72/$B75 -> 0 | ... CC75: =CC72/$B75 -> 0
B76: =SUM(D80:AJ80)/SUM($D$263:$AJ$263) -> 0.11094292 | C76: Shortage | D76: =D70-D73 -> 125 | E76: =E70-E73 -> 125 | F76: =F70-F73 -> 125 | G76: =G70-G73 -> 125 | H76: =H70-H73 -> 125 | I76: =I70-I73 -> 125 | J76: =J70-J73 -> 125 | K76: =K70-K73 -> 125 | ... CC76: =CC70-CC73 -> -87
A77: 4172825 | B77: C | C77: Invt Qty | D77: =IFERROR(VLOOKUP(A77,OS!$A:$B,2,0),0) -> 3380 | E77: =(D77+D78-D80) -> 3660 | F77: =(E77+E78-E80) -> 2940 | G77: =(F77+F78-F80) -> 2300 | H77: =(G77+G78-G80) -> 1740 | I77: =(H77+H78-H80+D79) -> 1180 | J77: =(I77+I78-I80+E79) -> 1380 | K77: =(J77+J78-J80+F79) -> 1300 | L77: =(K77+K78-K80+G79) -> 900 | M77: =(L77+L78-L80+H79) -> 340 | N77: =(M77+M78-M80+I79) -> -380 | O77: =(N77+N78-N80+J79) -> -380 | P77: =(O77+O78-O80+K79) -> -380 | ... CC77: =(CB77+CB78-CB80+BX79) -> -17262
A78: Tran. Pr. | B78: 6.78338 | C78: WIP | D78: =IFERROR(VLOOKUP(A77,WIP!$A:$B,2,0),0) -> 360 | E78: 0 | F78: 0 | G78: 0 | H78: 0 | I78: 0 | J78: 0 | K78: 0 | L78: 0 | M78: 0 | N78: 0 | O78: 0 | P78: 0 | Q78: 0 | R78: 0 | S78: 0 | T78: 0 | U78: 0 | V78: 0 | W78: 0 | X78: 0 | Y78: 0 | Z78: 0 | AA78: 0 | AB78: 0 | AC78: 0 | AD78: 0 | AE78: 0 | AF78: 0 | AG78: 0 | AH78: 0 | AI78: 0 | AJ78: 0 | AK78: 0 | AL78: 0 | AM78: 0 | AN78: 0 | AO78: 0 | AP78: 0 | AQ78: 0 | AR78: 0 | AS78: 0 | AT78: 0 | AU78: 0 | AV78: 0 | AW78: 0 | AX78: 0 | AY78: 0 | AZ78: 0 | BA78: 0 | BB78: 0 | BC78: 0 | BD78: 0 | BE78: 0 | BF78: 0 | BG78: 0 | BH78: 0 | BI78: 0 | BJ78: 0 | BK78: 0 | BL78: 0 | BM78: 0 | BN78: 0 | BO78: 0 | BP78: 0 | BQ78: 0 | BR78: 0 | BS78: 0 | BT78: 0 | BU78: 0 | BV78: 0 | BW78: 0 | BX78: 0 | BY78: 0 | BZ78: 0 | CA78: 0 | CB78: 0 | CC78: 0
A79: Assy ST. | B79: 0.212 | C79: Plan | D79: =IFERROR(VLOOKUP($A77,Plan!$A:B,D$4,0),0) -> 0 | E79: =IFERROR(VLOOKUP($A77,Plan!$A:C,E$4,0),0) -> 600 | F79: =IFERROR(VLOOKUP($A77,Plan!$A:D,F$4,0),0) -> 240 | G79: 0 | H79: 0 | I79: 0 | J79: 0 | K79: 0 | L79: 0 | M79: 0 | N79: 0 | O79: 0 | P79: 0 | Q79: 0 | R79: 0 | S79: 0 | T79: 0 | U79: 0 | V79: 0 | W79: 0 | X79: 0 | Y79: 0 | Z79: 0 | AA79: 0 | AB79: 0 | AC79: 0 | AD79: 0 | AE79: 0 | AF79: 0 | AG79: 0 | AH79: 0 | AI79: 0 | AJ79: 0 | AK79: 0 | AL79: 0 | AM79: 0 | AN79: 0 | AO79: 0 | AP79: 0 | AQ79: 0 | AR79: 0 | AS79: 0 | AT79: 0 | AU79: 0 | AV79: 0 | AW79: 0 | AX79: 0 | AY79: 0 | AZ79: 0 | BA79: 0 | BB79: 0 | BC79: 0 | BD79: 0 | BE79: 0 | BF79: 0 | BG79: 0 | BH79: 0 | BI79: 0 | BJ79: 0 | BK79: 0 | BL79: 0 | BM79: 0 | BN79: 0 | BO79: 0 | BP79: 0 | BQ79: 0 | BR79: 0 | BS79: 0 | BT79: 0 | BU79: 0 | BV79: 0 | BW79: 0 | BX79: 0 | BY79: 0 | BZ79: 0 | CA79: 0 | CB79: 0 | CC79: 0
A80: Lead Prep ST. | B80: 0.033 | C80: Sales | D80: =IFERROR(VLOOKUP($A77,Sales!$A:B,D$2,0),0) -> 80 | E80: =IFERROR(VLOOKUP($A77,Sales!$A:C,E$2,0),0) -> 720 | F80: =IFERROR(VLOOKUP($A77,Sales!$A:D,F$2,0),0) -> 640 | G80: =IFERROR(VLOOKUP($A77,Sales!$A:E,G$2,0),0) -> 560 | H80: =IFERROR(VLOOKUP($A77,Sales!$A:F,H$2,0),0) -> 560 | I80: =IFERROR(VLOOKUP($A77,Sales!$A:G,I$2,0),0) -> 400 | J80: =IFERROR(VLOOKUP($A77,Sales!$A:H,J$2,0),0) -> 320 | K80: =IFERROR(VLOOKUP($A77,Sales!$A:I,K$2,0),0) -> 400 | L80: =IFERROR(VLOOKUP($A77,Sales!$A:J,L$2,0),0) -> 560 | M80: =IFERROR(VLOOKUP($A77,Sales!$A:K,M$2,0),0) -> 720 | N80: =IFERROR(VLOOKUP($A77,Sales!$A:L,N$2,0),0) -> 0 | O80: =IFERROR(VLOOKUP($A77,Sales!$A:M,O$2,0),0) -> 0 | P80: =IFERROR(VLOOKUP($A77,Sales!$A:N,P$2,0),0) -> 0 | Q80: =IFERROR(VLOOKUP($A77,Sales!$A:O,Q$2,0),0) -> 0 | R80: =IFERROR(VLOOKUP($A77,Sales!$A:P,R$2,0),0) -> 480 | S80: =IFERROR(VLOOKUP($A77,Sales!$A:Q,S$2,0),0) -> 400 | T80: =IFERROR(VLOOKUP($A77,Sales!$A:R,T$2,0),0) -> 400 | U80: =IFERROR(VLOOKUP($A77,Sales!$A:S,U$2,0),0) -> 420 | V80: =IFERROR(VLOOKUP($A77,Sales!$A:T,V$2,0),0) -> 420 | W80: =IFERROR(VLOOKUP($A77,Sales!$A:U,W$2,0),0) -> 420 | X80: =IFERROR(VLOOKUP($A77,Sales!$A:V,X$2,0),0) -> 420 | Y80: =IFERROR(VLOOKUP($A77,Sales!$A:W,Y$2,0),0) -> 260 | Z80: =IFERROR(VLOOKUP($A77,Sales!$A:X,Z$2,0),0) -> 260 | AA80: =IFERROR(VLOOKUP($A77,Sales!$A:Y,AA$2,0),0) -> 260 | AB80: =IFERROR(VLOOKUP($A77,Sales!$A:Z,AB$2,0),0) -> 260 | AC80: =IFERROR(VLOOKUP($A77,Sales!$A:AA,AC$2,0),0) -> 360 | AD80: =IFERROR(VLOOKUP($A77,Sales!$A:AB,AD$2,0),0) -> 360 | AE80: =IFERROR(VLOOKUP($A77,Sales!$A:AC,AE$2,0),0) -> 360 | AF80: =IFERROR(VLOOKUP($A77,Sales!$A:AD,AF$2,0),0) -> 360 | AG80: =IFERROR(VLOOKUP($A77,Sales!$A:AE,AG$2,0),0) -> 320 | AH80: =IFERROR(VLOOKUP($A77,Sales!$A:AF,AH$2,0),0) -> 320 | AI80: =IFERROR(VLOOKUP($A77,Sales!$A:AG,AI$2,0),0) -> 320 | AJ80: =IFERROR(VLOOKUP($A77,Sales!$A:AH,AJ$2,0),0) -> 0 | AK80: =CEILING(AK$5*$B76,1) -> 0 | AL80: =CEILING(AL$5*$B76,1) -> 0 | AM80: =CEILING(AM$5*$B76,1) -> 0 | AN80: =CEILING(AN$5*$B76,1) -> 301 | AO80: =CEILING(AO$5*$B76,1) -> 301 | AP80: =CEILING(AP$5*$B76,1) -> 301 | AQ80: =CEILING(AQ$5*$B76,1) -> 363 | AR80: =CEILING(AR$5*$B76,1) -> 363 | ... CC80: =CEILING(CC$5*$B76,1) -> 227
A81: Total ST. | B81: 0.245 | C81: Days | D81: =IF(D80=0,0, ROUND(D77 * 1/D80* D$13,1)) -> 211.3 | E81: =IF(E80=0,0, ROUND(E77 * 1/E80* E$13,1)) -> 25.4 | F81: =IF(F80=0,0, ROUND(F77 * 1/F80* F$13,1)) -> 23 | G81: =IF(G80=0,0, ROUND(G77 * 1/G80* G$13,1)) -> 20.5 | H81: =IF(H80=0,0, ROUND(H77 * 1/H80* H$13,1)) -> 15.5 | I81: =IF(I80=0,0, ROUND(I77 * 1/I80* I$13,1)) -> 14.8 | J81: =IF(J80=0,0, ROUND(J77 * 1/J80* J$13,1)) -> 21.6 | K81: =IF(K80=0,0, ROUND(K77 * 1/K80* K$13,1)) -> 16.3 | ... CC81: =IF(CC80=0,0, ROUND(CC77 * 1/CC80* CC$13,1)) -> -380.2
A82: 17 | B82: 1 | C82: 5.12212 | D82: =D79/$B82 -> 0 | E82: =E79/$B82 -> 600 | F82: =F79/$B82 -> 240 | G82: =G79/$B82 -> 0 | H82: =H79/$B82 -> 0 | I82: =I79/$B82 -> 0 | J82: =J79/$B82 -> 0 | K82: =K79/$B82 -> 0 | ... CC82: =CC79/$B82 -> 0
B83: =SUM(D87:AJ87)/SUM($D$263:$AJ$263) -> 0.068362713 | C83: Shortage | D83: =D77-D80 -> 3300 | E83: =E77-E80 -> 2940 | F83: =F77-F80 -> 2300 | G83: =G77-G80 -> 1740 | H83: =H77-H80 -> 1180 | I83: =I77-I80 -> 780 | J83: =J77-J80 -> 1060 | K83: =K77-K80 -> 900 | ... CC83: =CC77-CC80 -> -17489
A84: 4172826 | B84: C | C84: Invt Qty | D84: =IFERROR(VLOOKUP(A84,OS!$A:$B,2,0),0) -> 1600 | E84: =(D84+D85-D87) -> 2225 | F84: =(E84+E85-E87) -> 1825 | G84: =(F84+F85-F87) -> 1425 | H84: =(G84+G85-G87) -> 1125 | I84: =(H84+H85-H87+D86) -> 1171 | J84: =(I84+I85-I87+E86) -> 1271 | K84: =(J84+J85-J87+F86) -> 1311 | L84: =(K84+K85-K87+G86) -> 1011 | M84: =(L84+L85-L87+H86) -> 711 | N84: =(M84+M85-M87+I86) -> 311 | O84: =(N84+N85-N87+J86) -> 311 | P84: =(O84+O85-O87+K86) -> 311 | ... CC84: =(CB84+CB85-CB87+BX86) -> -10065
A85: Tran. Pr. | B85: 4.71966 | C85: WIP | D85: =IFERROR(VLOOKUP(A84,WIP!$A:$B,2,0),0) -> 625 | E85: 0 | F85: 0 | G85: 0 | H85: 0 | I85: 0 | J85: 0 | K85: 0 | L85: 0 | M85: 0 | N85: 0 | O85: 0 | P85: 0 | Q85: 0 | R85: 0 | S85: 0 | T85: 0 | U85: 0 | V85: 0 | W85: 0 | X85: 0 | Y85: 0 | Z85: 0 | AA85: 0 | AB85: 0 | AC85: 0 | AD85: 0 | AE85: 0 | AF85: 0 | AG85: 0 | AH85: 0 | AI85: 0 | AJ85: 0 | AK85: 0 | AL85: 0 | AM85: 0 | AN85: 0 | AO85: 0 | AP85: 0 | AQ85: 0 | AR85: 0 | AS85: 0 | AT85: 0 | AU85: 0 | AV85: 0 | AW85: 0 | AX85: 0 | AY85: 0 | AZ85: 0 | BA85: 0 | BB85: 0 | BC85: 0 | BD85: 0 | BE85: 0 | BF85: 0 | BG85: 0 | BH85: 0 | BI85: 0 | BJ85: 0 | BK85: 0 | BL85: 0 | BM85: 0 | BN85: 0 | BO85: 0 | BP85: 0 | BQ85: 0 | BR85: 0 | BS85: 0 | BT85: 0 | BU85: 0 | BV85: 0 | BW85: 0 | BX85: 0 | BY85: 0 | BZ85: 0 | CA85: 0 | CB85: 0 | CC85: 0
A86: Assy ST. | B86: 0.159 | C86: Plan | D86: =IFERROR(VLOOKUP($A84,Plan!$A:B,D$4,0),0) -> 346 | E86: =IFERROR(VLOOKUP($A84,Plan!$A:C,E$4,0),0) -> 600 | F86: =IFERROR(VLOOKUP($A84,Plan!$A:D,F$4,0),0) -> 240 | G86: 0 | H86: 0 | I86: 0 | J86: 0 | K86: 0 | L86: 0 | M86: 0 | N86: 0 | O86: 0 | P86: 0 | Q86: 0 | R86: 0 | S86: 0 | T86: 0 | U86: 0 | V86: 0 | W86: 0 | X86: 0 | Y86: 0 | Z86: 0 | AA86: 0 | AB86: 0 | AC86: 0 | AD86: 0 | AE86: 0 | AF86: 0 | AG86: 0 | AH86: 0 | AI86: 0 | AJ86: 0 | AK86: 0 | AL86: 0 | AM86: 0 | AN86: 0 | AO86: 0 | AP86: 0 | AQ86: 0 | AR86: 0 | AS86: 0 | AT86: 0 | AU86: 0 | AV86: 0 | AW86: 0 | AX86: 0 | AY86: 0 | AZ86: 0 | BA86: 0 | BB86: 0 | BC86: 0 | BD86: 0 | BE86: 0 | BF86: 0 | BG86: 0 | BH86: 0 | BI86: 0 | BJ86: 0 | BK86: 0 | BL86: 0 | BM86: 0 | BN86: 0 | BO86: 0 | BP86: 0 | BQ86: 0 | BR86: 0 | BS86: 0 | BT86: 0 | BU86: 0 | BV86: 0 | BW86: 0 | BX86: 0 | BY86: 0 | BZ86: 0 | CA86: 0 | CB86: 0 | CC86: 0
A87: Lead Prep ST. | B87: 0.016 | C87: Sales | D87: =IFERROR(VLOOKUP($A84,Sales!$A:B,D$2,0),0) -> 0 | E87: =IFERROR(VLOOKUP($A84,Sales!$A:C,E$2,0),0) -> 400 | F87: =IFERROR(VLOOKUP($A84,Sales!$A:D,F$2,0),0) -> 400 | G87: =IFERROR(VLOOKUP($A84,Sales!$A:E,G$2,0),0) -> 300 | H87: =IFERROR(VLOOKUP($A84,Sales!$A:F,H$2,0),0) -> 300 | I87: =IFERROR(VLOOKUP($A84,Sales!$A:G,I$2,0),0) -> 500 | J87: =IFERROR(VLOOKUP($A84,Sales!$A:H,J$2,0),0) -> 200 | K87: =IFERROR(VLOOKUP($A84,Sales!$A:I,K$2,0),0) -> 300 | L87: =IFERROR(VLOOKUP($A84,Sales!$A:J,L$2,0),0) -> 300 | M87: =IFERROR(VLOOKUP($A84,Sales!$A:K,M$2,0),0) -> 400 | N87: =IFERROR(VLOOKUP($A84,Sales!$A:L,N$2,0),0) -> 0 | O87: =IFERROR(VLOOKUP($A84,Sales!$A:M,O$2,0),0) -> 0 | P87: =IFERROR(VLOOKUP($A84,Sales!$A:N,P$2,0),0) -> 0 | Q87: =IFERROR(VLOOKUP($A84,Sales!$A:O,Q$2,0),0) -> 0 | R87: =IFERROR(VLOOKUP($A84,Sales!$A:P,R$2,0),0) -> 200 | S87: =IFERROR(VLOOKUP($A84,Sales!$A:Q,S$2,0),0) -> 200 | T87: =IFERROR(VLOOKUP($A84,Sales!$A:R,T$2,0),0) -> 200 | U87: =IFERROR(VLOOKUP($A84,Sales!$A:S,U$2,0),0) -> 200 | V87: =IFERROR(VLOOKUP($A84,Sales!$A:T,V$2,0),0) -> 200 | W87: =IFERROR(VLOOKUP($A84,Sales!$A:U,W$2,0),0) -> 200 | X87: =IFERROR(VLOOKUP($A84,Sales!$A:V,X$2,0),0) -> 200 | Y87: =IFERROR(VLOOKUP($A84,Sales!$A:W,Y$2,0),0) -> 180 | Z87: =IFERROR(VLOOKUP($A84,Sales!$A:X,Z$2,0),0) -> 180 | AA87: =IFERROR(VLOOKUP($A84,Sales!$A:Y,AA$2,0),0) -> 180 | AB87: =IFERROR(VLOOKUP($A84,Sales!$A:Z,AB$2,0),0) -> 160 | AC87: =IFERROR(VLOOKUP($A84,Sales!$A:AA,AC$2,0),0) -> 280 | AD87: =IFERROR(VLOOKUP($A84,Sales!$A:AB,AD$2,0),0) -> 280 | AE87: =IFERROR(VLOOKUP($A84,Sales!$A:AC,AE$2,0),0) -> 280 | AF87: =IFERROR(VLOOKUP($A84,Sales!$A:AD,AF$2,0),0) -> 280 | AG87: =IFERROR(VLOOKUP($A84,Sales!$A:AE,AG$2,0),0) -> 280 | AH87: =IFERROR(VLOOKUP($A84,Sales!$A:AF,AH$2,0),0) -> 200 | AI87: =IFERROR(VLOOKUP($A84,Sales!$A:AG,AI$2,0),0) -> 200 | AJ87: =IFERROR(VLOOKUP($A84,Sales!$A:AH,AJ$2,0),0) -> 0 | AK87: =CEILING(AK$5*$B83,1) -> 0 | AL87: =CEILING(AL$5*$B83,1) -> 0 | AM87: =CEILING(AM$5*$B83,1) -> 0 | AN87: =CEILING(AN$5*$B83,1) -> 186 | AO87: =CEILING(AO$5*$B83,1) -> 186 | AP87: =CEILING(AP$5*$B83,1) -> 186 | AQ87: =CEILING(AQ$5*$B83,1) -> 224 | AR87: =CEILING(AR$5*$B83,1) -> 224 | ... CC87: =CEILING(CC$5*$B83,1) -> 140
A88: Total ST. | B88: 0.175 | C88: Days | D88: =IF(D87=0,0, ROUND(D84 * 1/D87* D$13,1)) -> 0 | E88: =IF(E87=0,0, ROUND(E84 * 1/E87* E$13,1)) -> 27.8 | F88: =IF(F87=0,0, ROUND(F84 * 1/F87* F$13,1)) -> 22.8 | G88: =IF(G87=0,0, ROUND(G84 * 1/G87* G$13,1)) -> 23.8 | H88: =IF(H87=0,0, ROUND(H84 * 1/H87* H$13,1)) -> 18.8 | I88: =IF(I87=0,0, ROUND(I84 * 1/I87* I$13,1)) -> 11.7 | J88: =IF(J87=0,0, ROUND(J84 * 1/J87* J$13,1)) -> 31.8 | K88: =IF(K87=0,0, ROUND(K84 * 1/K87* K$13,1)) -> 21.9 | ... CC88: =IF(CC87=0,0, ROUND(CC84 * 1/CC87* CC$13,1)) -> -359.5
A89: 8 | B89: 1 | C89: 3.54038 | D89: =D86/$B89 -> 346 | E89: =E86/$B89 -> 600 | F89: =F86/$B89 -> 240 | G89: =G86/$B89 -> 0 | H89: =H86/$B89 -> 0 | I89: =I86/$B89 -> 0 | J89: =J86/$B89 -> 0 | K89: =K86/$B89 -> 0 | ... CC89: =CC86/$B89 -> 0
B90: =SUM(D94:AJ94)/SUM($D$263:$AJ$263) -> 0.02109478 | C90: Shortage | D90: =D84-D87 -> 1600 | E90: =E84-E87 -> 1825 | F90: =F84-F87 -> 1425 | G90: =G84-G87 -> 1125 | H90: =H84-H87 -> 825 | I90: =I84-I87 -> 671 | J90: =J84-J87 -> 1071 | K90: =K84-K87 -> 1011 | ... CC90: =CC84-CC87 -> -10205
A91: 4264989 | B91: C | C91: Invt Qty | D91: =IFERROR(VLOOKUP(A91,OS!$A:$B,2,0),0) -> 620 | E91: =(D91+D92-D94) -> 760 | F91: =(E91+E92-E94) -> 600 | G91: =(F91+F92-F94) -> 600 | H91: =(G91+G92-G94) -> 520 | I91: =(H91+H92-H94+D93) -> 360 | J91: =(I91+I92-I94+E93) -> 200 | K91: =(J91+J92-J94+F93) -> 360 | L91: =(K91+K92-K94+G93) -> 200 | M91: =(L91+L92-L94+H93) -> 120 | N91: =(M91+M92-M94+I93) -> -120 | O91: =(N91+N92-N94+J93) -> -120 | P91: =(O91+O92-O94+K93) -> -120 | ... CC91: =(CB91+CB92-CB94+BX93) -> -3177
A92: Tran. Pr. | B92: 9.25822 | C92: WIP | D92: =IFERROR(VLOOKUP(A91,WIP!$A:$B,2,0),0) -> 140 | E92: 0 | F92: 0 | G92: 0 | H92: 0 | I92: 0 | J92: 0 | K92: 0 | L92: 0 | M92: 0 | N92: 0 | O92: 0 | P92: 0 | Q92: 0 | R92: 0 | S92: 0 | T92: 0 | U92: 0 | V92: 0 | W92: 0 | X92: 0 | Y92: 0 | Z92: 0 | AA92: 0 | AB92: 0 | AC92: 0 | AD92: 0 | AE92: 0 | AF92: 0 | AG92: 0 | AH92: 0 | AI92: 0 | AJ92: 0 | AK92: 0 | AL92: 0 | AM92: 0 | AN92: 0 | AO92: 0 | AP92: 0 | AQ92: 0 | AR92: 0 | AS92: 0 | AT92: 0 | AU92: 0 | AV92: 0 | AW92: 0 | AX92: 0 | AY92: 0 | AZ92: 0 | BA92: 0 | BB92: 0 | BC92: 0 | BD92: 0 | BE92: 0 | BF92: 0 | BG92: 0 | BH92: 0 | BI92: 0 | BJ92: 0 | BK92: 0 | BL92: 0 | BM92: 0 | BN92: 0 | BO92: 0 | BP92: 0 | BQ92: 0 | BR92: 0 | BS92: 0 | BT92: 0 | BU92: 0 | BV92: 0 | BW92: 0 | BX92: 0 | BY92: 0 | BZ92: 0 | CA92: 0 | CB92: 0 | CC92: 0
A93: Assy ST. | B93: 0.264 | C93: Plan | D93: =IFERROR(VLOOKUP($A91,Plan!$A:B,D$4,0),0) -> 0 | E93: =IFERROR(VLOOKUP($A91,Plan!$A:C,E$4,0),0) -> 0 | F93: =IFERROR(VLOOKUP($A91,Plan!$A:D,F$4,0),0) -> 240 | G93: 0 | H93: 0 | I93: 0 | J93: 0 | K93: 0 | L93: 0 | M93: 0 | N93: 0 | O93: 0 | P93: 0 | Q93: 0 | R93: 0 | S93: 0 | T93: 0 | U93: 0 | V93: 0 | W93: 0 | X93: 0 | Y93: 0 | Z93: 0 | AA93: 0 | AB93: 0 | AC93: 0 | AD93: 0 | AE93: 0 | AF93: 0 | AG93: 0 | AH93: 0 | AI93: 0 | AJ93: 0 | AK93: 0 | AL93: 0 | AM93: 0 | AN93: 0 | AO93: 0 | AP93: 0 | AQ93: 0 | AR93: 0 | AS93: 0 | AT93: 0 | AU93: 0 | AV93: 0 | AW93: 0 | AX93: 0 | AY93: 0 | AZ93: 0 | BA93: 0 | BB93: 0 | BC93: 0 | BD93: 0 | BE93: 0 | BF93: 0 | BG93: 0 | BH93: 0 | BI93: 0 | BJ93: 0 | BK93: 0 | BL93: 0 | BM93: 0 | BN93: 0 | BO93: 0 | BP93: 0 | BQ93: 0 | BR93: 0 | BS93: 0 | BT93: 0 | BU93: 0 | BV93: 0 | BW93: 0 | BX93: 0 | BY93: 0 | BZ93: 0 | CA93: 0 | CB93: 0 | CC93: 0
A94: Lead Prep ST. | B94: 0.046 | C94: Sales | D94: =IFERROR(VLOOKUP($A91,Sales!$A:B,D$2,0),0) -> 0 | E94: =IFERROR(VLOOKUP($A91,Sales!$A:C,E$2,0),0) -> 160 | F94: =IFERROR(VLOOKUP($A91,Sales!$A:D,F$2,0),0) -> 0 | G94: =IFERROR(VLOOKUP($A91,Sales!$A:E,G$2,0),0) -> 80 | H94: =IFERROR(VLOOKUP($A91,Sales!$A:F,H$2,0),0) -> 160 | I94: =IFERROR(VLOOKUP($A91,Sales!$A:G,I$2,0),0) -> 160 | J94: =IFERROR(VLOOKUP($A91,Sales!$A:H,J$2,0),0) -> 80 | K94: =IFERROR(VLOOKUP($A91,Sales!$A:I,K$2,0),0) -> 160 | L94: =IFERROR(VLOOKUP($A91,Sales!$A:J,L$2,0),0) -> 80 | M94: =IFERROR(VLOOKUP($A91,Sales!$A:K,M$2,0),0) -> 240 | N94: =IFERROR(VLOOKUP($A91,Sales!$A:L,N$2,0),0) -> 0 | O94: =IFERROR(VLOOKUP($A91,Sales!$A:M,O$2,0),0) -> 0 | P94: =IFERROR(VLOOKUP($A91,Sales!$A:N,P$2,0),0) -> 0 | Q94: =IFERROR(VLOOKUP($A91,Sales!$A:O,Q$2,0),0) -> 0 | R94: =IFERROR(VLOOKUP($A91,Sales!$A:P,R$2,0),0) -> 160 | S94: =IFERROR(VLOOKUP($A91,Sales!$A:Q,S$2,0),0) -> 80 | T94: =IFERROR(VLOOKUP($A91,Sales!$A:R,T$2,0),0) -> 80 | U94: =IFERROR(VLOOKUP($A91,Sales!$A:S,U$2,0),0) -> 120 | V94: =IFERROR(VLOOKUP($A91,Sales!$A:T,V$2,0),0) -> 120 | W94: =IFERROR(VLOOKUP($A91,Sales!$A:U,W$2,0),0) -> 120 | X94: =IFERROR(VLOOKUP($A91,Sales!$A:V,X$2,0),0) -> 120 | Y94: =IFERROR(VLOOKUP($A91,Sales!$A:W,Y$2,0),0) -> 60 | Z94: =IFERROR(VLOOKUP($A91,Sales!$A:X,Z$2,0),0) -> 60 | AA94: =IFERROR(VLOOKUP($A91,Sales!$A:Y,AA$2,0),0) -> 60 | AB94: =IFERROR(VLOOKUP($A91,Sales!$A:Z,AB$2,0),0) -> 60 | AC94: =IFERROR(VLOOKUP($A91,Sales!$A:AA,AC$2,0),0) -> 0 | AD94: =IFERROR(VLOOKUP($A91,Sales!$A:AB,AD$2,0),0) -> 0 | AE94: =IFERROR(VLOOKUP($A91,Sales!$A:AC,AE$2,0),0) -> 0 | AF94: =IFERROR(VLOOKUP($A91,Sales!$A:AD,AF$2,0),0) -> 0 | AG94: =IFERROR(VLOOKUP($A91,Sales!$A:AE,AG$2,0),0) -> 0 | AH94: =IFERROR(VLOOKUP($A91,Sales!$A:AF,AH$2,0),0) -> 0 | AI94: =IFERROR(VLOOKUP($A91,Sales!$A:AG,AI$2,0),0) -> 0 | AJ94: =IFERROR(VLOOKUP($A91,Sales!$A:AH,AJ$2,0),0) -> 0 | AK94: =CEILING(AK$5*$B90,1) -> 0 | AL94: =CEILING(AL$5*$B90,1) -> 0 | AM94: =CEILING(AM$5*$B90,1) -> 0 | AN94: =CEILING(AN$5*$B90,1) -> 58 | AO94: =CEILING(AO$5*$B90,1) -> 58 | AP94: =CEILING(AP$5*$B90,1) -> 58 | AQ94: =CEILING(AQ$5*$B90,1) -> 70 | AR94: =CEILING(AR$5*$B90,1) -> 70 | ... CC94: =CEILING(CC$5*$B90,1) -> 44
A95: Total ST. | B95: 0.31 | C95: Days | D95: =IF(D94=0,0, ROUND(D91 * 1/D94* D$13,1)) -> 0 | E95: =IF(E94=0,0, ROUND(E91 * 1/E94* E$13,1)) -> 23.8 | F95: =IF(F94=0,0, ROUND(F91 * 1/F94* F$13,1)) -> 0 | G95: =IF(G94=0,0, ROUND(G91 * 1/G94* G$13,1)) -> 37.5 | H95: =IF(H94=0,0, ROUND(H91 * 1/H94* H$13,1)) -> 16.3 | I95: =IF(I94=0,0, ROUND(I91 * 1/I94* I$13,1)) -> 11.3 | J95: =IF(J94=0,0, ROUND(J91 * 1/J94* J$13,1)) -> 12.5 | K95: =IF(K94=0,0, ROUND(K91 * 1/K94* K$13,1)) -> 11.3 | ... CC95: =IF(CC94=0,0, ROUND(CC91 * 1/CC94* CC$13,1)) -> -361
A96: 25 | B96: 1 | C96: 7.10556 | D96: =D93/$B96 -> 0 | E96: =E93/$B96 -> 0 | F96: =F93/$B96 -> 240 | G96: =G93/$B96 -> 0 | H96: =H93/$B96 -> 0 | I96: =I93/$B96 -> 0 | J96: =J93/$B96 -> 0 | K96: =K93/$B96 -> 0 | ... CC96: =CC93/$B96 -> 0
B97: =SUM(D101:AJ101)/SUM($D$263:$AJ$263) -> 0.0039064407 | C97: Shortage | D97: =D91-D94 -> 620 | E97: =E91-E94 -> 600 | F97: =F91-F94 -> 600 | G97: =G91-G94 -> 520 | H97: =H91-H94 -> 360 | I97: =I91-I94 -> 200 | J97: =J91-J94 -> 120 | K97: =K91-K94 -> 200 | ... CC97: =CC91-CC94 -> -3221
A98: 4264994 | B98: C | C98: Invt Qty | D98: =IFERROR(VLOOKUP(A98,OS!$A:$B,2,0),0) -> 100 | E98: =(D98+D99-D101) -> 20 | F98: =(E98+E99-E101) -> 20 | G98: =(F98+F99-F101) -> 20 | H98: =(G98+G99-G101) -> 20 | I98: =(H98+H99-H101+D100) -> 20 | J98: =(I98+I99-I101+E100) -> 20 | K98: =(J98+J99-J101+F100) -> 20 | L98: =(K98+K99-K101+G100) -> 20 | M98: =(L98+L99-L101+H100) -> 20 | N98: =(M98+M99-M101+I100) -> 20 | O98: =(N98+N99-N101+J100) -> 20 | P98: =(O98+O99-O101+K100) -> 20 | ... CC98: =(CB98+CB99-CB101+BX100) -> -680
A99: Tran. Pr. | B99: 7.58096 | C99: WIP | D99: =IFERROR(VLOOKUP(A98,WIP!$A:$B,2,0),0) -> 0 | E99: 0 | F99: 0 | G99: 0 | H99: 0 | I99: 0 | J99: 0 | K99: 0 | L99: 0 | M99: 0 | N99: 0 | O99: 0 | P99: 0 | Q99: 0 | R99: 0 | S99: 0 | T99: 0 | U99: 0 | V99: 0 | W99: 0 | X99: 0 | Y99: 0 | Z99: 0 | AA99: 0 | AB99: 0 | AC99: 0 | AD99: 0 | AE99: 0 | AF99: 0 | AG99: 0 | AH99: 0 | AI99: 0 | AJ99: 0 | AK99: 0 | AL99: 0 | AM99: 0 | AN99: 0 | AO99: 0 | AP99: 0 | AQ99: 0 | AR99: 0 | AS99: 0 | AT99: 0 | AU99: 0 | AV99: 0 | AW99: 0 | AX99: 0 | AY99: 0 | AZ99: 0 | BA99: 0 | BB99: 0 | BC99: 0 | BD99: 0 | BE99: 0 | BF99: 0 | BG99: 0 | BH99: 0 | BI99: 0 | BJ99: 0 | BK99: 0 | BL99: 0 | BM99: 0 | BN99: 0 | BO99: 0 | BP99: 0 | BQ99: 0 | BR99: 0 | BS99: 0 | BT99: 0 | BU99: 0 | BV99: 0 | BW99: 0 | BX99: 0 | BY99: 0 | BZ99: 0 | CA99: 0 | CB99: 0 | CC99: 0
A100: Assy ST. | B100: 0.212 | C100: Plan | D100: =IFERROR(VLOOKUP($A98,Plan!$A:B,D$4,0),0) -> 0 | E100: =IFERROR(VLOOKUP($A98,Plan!$A:C,E$4,0),0) -> 0 | F100: =IFERROR(VLOOKUP($A98,Plan!$A:D,F$4,0),0) -> 0 | G100: 0 | H100: 0 | I100: 0 | J100: 0 | K100: 0 | L100: 0 | M100: 0 | N100: 0 | O100: 0 | P100: 0 | Q100: 0 | R100: 0 | S100: 0 | T100: 0 | U100: 0 | V100: 0 | W100: 0 | X100: 0 | Y100: 0 | Z100: 0 | AA100: 0 | AB100: 0 | AC100: 0 | AD100: 0 | AE100: 0 | AF100: 0 | AG100: 0 | AH100: 0 | AI100: 0 | AJ100: 0 | AK100: 0 | AL100: 0 | AM100: 0 | AN100: 0 | AO100: 0 | AP100: 0 | AQ100: 0 | AR100: 0 | AS100: 0 | AT100: 0 | AU100: 0 | AV100: 0 | AW100: 0 | AX100: 0 | AY100: 0 | AZ100: 0 | BA100: 0 | BB100: 0 | BC100: 0 | BD100: 0 | BE100: 0 | BF100: 0 | BG100: 0 | BH100: 0 | BI100: 0 | BJ100: 0 | BK100: 0 | BL100: 0 | BM100: 0 | BN100: 0 | BO100: 0 | BP100: 0 | BQ100: 0 | BR100: 0 | BS100: 0 | BT100: 0 | BU100: 0 | BV100: 0 | BW100: 0 | BX100: 0 | BY100: 0 | BZ100: 0 | CA100: 0 | CB100: 0 | CC100: 0
...

Sheet T-JCI2 LH
B1: Screen Id | D1: PPSP0020 | F1: Machine Name | H1: EGPSPC024 | J1: Printed On | L1: 2026-05-10 11:00:59
B3: MPS Plan - Customer:[JCI]
B5: Section Code | D5: PORT SAID MANUFACTURING(SAID)
B6: MPS ID | D6: JCI2 LH_VOLVO LH_W20/26_W44/27_01 | J6: MPS Type | L6: Oblige | N6: Target Efficiency | P6: 0.92
B7: Facility | D7: JCI2 LH | J7: Car Model | L7: VOLVO LH | N7: Working Hours | P7: 7
B8: From Date | D8: 2026/05/11 | E8: To Date | G8: 2027/11/07 | J8: Total Weeks | L8: 78 | N8: offset Weeks | P8: 4
B9: Facility (DOS) | D9: 10 | E9: Plan Suggestion By | G9: OPERATOR_EFFICIENCY | J9: Week Plan Offset | L9: 99 | N9: Assy Std.Hr. | P9: 0.3052
S10: JCI2 LH(Shift 1) | W10: JCI2 LH(Shift 2) | AA10: JCI2 LH(Shift 3)
B11: Month | C11: Plan Date | D11: Week No | E11: SEWS-E WD | F11: Cust WD | G11: Invt Qty | H11: WIP | I11: Sales Qty | J11: Avg Days | K11: Plan Qty | L11: Bottom P/Qty | M11: Assy Std.Hr. | N11: GPTC Tm. | O11: Cust P.P. | P11: Comments | Q11: Customer Plan | R11: Cust. Avg. Daily Build | S11: Heads | T11: Eff % | U11: Week/Hrs | V11: Team Qty | W11: Heads | X11: Eff % | Y11: Week/Hrs | Z11: Team Qty | AA11: Heads | AB11: Eff % | AC11: Week/Hrs | AD11: Team Qty | AE11: Total Op. | AF11: Car %age | AG11: TotStdTm | AH11: Clock Hours | AI11: Eff %
B12: May | C12: 46153 | D12: 20 | E12: 6 | F12: 5 | G12: ='B-JCI2 LH'!D260 -> 23160 | H12: ='B-JCI2 LH'!D261 -> 4541 | I12: ='B-JCI2 LH'!D263 -> 240 | J12: =IF(I12=0,"N/S",ROUND( ( ((G12) * 1)/I12)*F12,1)) -> 482.5 | K12: =V12+Z12+AD12 -> 5800 | L12: {=TRANSPOSE('B-JCI2 LH'!D262:CC262)} -> 5680 | M12: ='B-JCI2 LH'!$D$295 -> 0.294 | N12: 0 | O12: 5 | Q12: 0 | R12: =IF(F12=0,0,ROUND(I12/F12,0)) -> 48 | S12: 29 | T12: 0.7 | U12: =E12*7-N12 -> 42 | V12: =ROUND(((S12*T12*U12)/M12),0) -> 2900 | W12: =S12 -> 29 | X12: 0.7 | Y12: =U12 -> 42 | Z12: =ROUND(((W12*X12*Y12)/M12),0) -> 2900 | AA12: 0 | AB12: 0 | AC12: =E12*7-N12 -> 42 | AD12: =ROUND(((AA12*AB12*AC12)/M12),0) -> 0 | AE12: =S12+W12+AA12 -> 58 | AG12: =K12*M12 -> 1705.2 | AH12: =S12*U12+W12*Y12+AA12*AC12 -> 2436 | AI12: =IF(AH12=0,0,AG12/AH12) -> 0.7
B13: May | C13: 46160 | D13: 21 | E13: 6 | F13: 10 | G13: =(G12+H12-I12) -> 27461 | H13: 0 | I13: ='B-JCI2 LH'!E263 -> 5960 | J13: =IF(I13=0,"N/S",ROUND( ( ((G13) * 1)/I13)*F13,1)) -> 46.1 | K13: =V13+Z13+AD13 -> 3300 | L13: 3476 | M13: ='B-JCI2 LH'!$D$295 -> 0.294 | N13: 0 | O13: 5 | Q13: 0 | R13: =IF(F13=0,0,ROUND(I13/F13,0)) -> 596 | S13: 15 | T13: 0.77 | U13: =E13*7-N13 -> 42 | V13: =ROUND(((S13*T13*U13)/M13),0) -> 1650 | W13: =S13 -> 15 | X13: 0.77 | Y13: =U13 -> 42 | Z13: =ROUND(((W13*X13*Y13)/M13),0) -> 1650 | AA13: 0 | AB13: 0 | AC13: =E13*7-N13 -> 42 | AD13: =ROUND(((AA13*AB13*AC13)/M13),0) -> 0 | AE13: =S13+W13+AA13 -> 30 | AG13: =K13*M13 -> 970.2 | AH13: =S13*U13+W13*Y13+AA13*AC13 -> 1260 | AI13: =IF(AH13=0,0,AG13/AH13) -> 0.77
B14: May | C14: 46167 | D14: 22 | E14: 3 | F14: 5 | G14: =(G13+H13-I13) -> 21501 | H14: 0 | I14: ='B-JCI2 LH'!F263 -> 3400 | J14: =IF(I14=0,"N/S",ROUND( ( ((G14) * 1)/I14)*F14,1)) -> 31.6 | K14: =V14+Z14+AD14 -> 1650 | L14: 1720 | M14: ='B-JCI2 LH'!$D$295 -> 0.294 | N14: 0 | O14: 5 | Q14: 0 | R14: =IF(F14=0,0,ROUND(I14/F14,0)) -> 680 | S14: 15 | T14: 0.77 | U14: =E14*7-N14 -> 21 | V14: =ROUND(((S14*T14*U14)/M14),0) -> 825 | W14: =S14 -> 15 | X14: 0.77 | Y14: =U14 -> 21 | Z14: =ROUND(((W14*X14*Y14)/M14),0) -> 825 | AA14: 0 | AB14: 0 | AC14: =E14*7-N14 -> 21 | AD14: =ROUND(((AA14*AB14*AC14)/M14),0) -> 0 | AE14: =S14+W14+AA14 -> 30 | AG14: =K14*M14 -> 485.1 | AH14: =S14*U14+W14*Y14+AA14*AC14 -> 630 | AI14: =IF(AH14=0,0,AG14/AH14) -> 0.77
B15: Jun | C15: 46174 | D15: 23 | E15: 5 | F15: 5 | G15: =(G14+H14-I14) -> 18101 | H15: 0 | I15: ='B-JCI2 LH'!G263 -> 3900 | J15: =IF(I15=0,"N/S",ROUND( ( ((G15) * 1)/I15)*F15,1)) -> 23.2 | K15: =V15+Z15+AD15 -> 2750 | L15: 0 | M15: ='B-JCI2 LH'!$D$295 -> 0.294 | N15: 0 | O15: 6 | Q15: 0 | R15: =IF(F15=0,0,ROUND(I15/F15,0)) -> 780 | S15: 15 | T15: 0.77 | U15: =E15*7-N15 -> 35 | V15: =ROUND(((S15*T15*U15)/M15),0) -> 1375 | W15: =S15 -> 15 | X15: 0.77 | Y15: =U15 -> 35 | Z15: =ROUND(((W15*X15*Y15)/M15),0) -> 1375 | AA15: 0 | AB15: 0 | AC15: =E15*7-N15 -> 35 | AD15: =ROUND(((AA15*AB15*AC15)/M15),0) -> 0 | AE15: =S15+W15+AA15 -> 30 | AG15: =K15*M15 -> 808.5 | AH15: =S15*U15+W15*Y15+AA15*AC15 -> 1050 | AI15: =IF(AH15=0,0,AG15/AH15) -> 0.77
B16: Jun | C16: 46181 | D16: 24 | E16: 6 | F16: 5 | G16: =(G15+H15-I15) -> 14201 | H16: 0 | I16: ='B-JCI2 LH'!H263 -> 4116 | J16: =IF(I16=0,"N/S",ROUND( ( ((G16) * 1)/I16)*F16,1)) -> 17.3 | K16: =V16+Z16+AD16 -> 3300 | L16: 0 | M16: ='B-JCI2 LH'!$D$295 -> 0.294 | N16: 0 | O16: 6 | Q16: 0 | R16: =IF(F16=0,0,ROUND(I16/F16,0)) -> 823 | S16: 15 | T16: 0.77 | U16: =E16*7-N16 -> 42 | V16: =ROUND(((S16*T16*U16)/M16),0) -> 1650 | W16: =S16 -> 15 | X16: 0.77 | Y16: =U16 -> 42 | Z16: =ROUND(((W16*X16*Y16)/M16),0) -> 1650 | AA16: 0 | AB16: 0 | AC16: =E16*7-N16 -> 42 | AD16: =ROUND(((AA16*AB16*AC16)/M16),0) -> 0 | AE16: =S16+W16+AA16 -> 30 | AG16: =K16*M16 -> 970.2 | AH16: =S16*U16+W16*Y16+AA16*AC16 -> 1260 | AI16: =IF(AH16=0,0,AG16/AH16) -> 0.77
B17: Jun | C17: 46188 | D17: 25 | E17: 3 | F17: 5 | G17: =(G16+H16-I16+K12) -> 15885 | H17: 0 | I17: ='B-JCI2 LH'!I263 -> 4260 | J17: =IF(I17=0,"N/S",ROUND( ( ((G17) * 1)/I17)*F17,1)) -> 18.6 | K17: =V17+Z17+AD17 -> 1650 | L17: 0 | M17: ='B-JCI2 LH'!$D$295 -> 0.294 | N17: 0 | O17: 6 | P17: Move to Posa.3 | Q17: 0 | R17: =IF(F17=0,0,ROUND(I17/F17,0)) -> 852 | S17: 15 | T17: 0.77 | U17: =E17*7-N17 -> 21 | V17: =ROUND(((S17*T17*U17)/M17),0) -> 825 | W17: =S17 -> 15 | X17: 0.77 | Y17: =U17 -> 21 | Z17: =ROUND(((W17*X17*Y17)/M17),0) -> 825 | AA17: 0 | AB17: 0 | AC17: =E17*7-N17 -> 21 | AD17: =ROUND(((AA17*AB17*AC17)/M17),0) -> 0 | AE17: =S17+W17+AA17 -> 30 | AG17: =K17*M17 -> 485.1 | AH17: =S17*U17+W17*Y17+AA17*AC17 -> 630 | AI17: =IF(AH17=0,0,AG17/AH17) -> 0.77
B18: Jun | C18: 46195 | D18: 26 | E18: 6 | F18: 5 | G18: =(G17+H17-I17+K13) -> 14925 | H18: 0 | I18: ='B-JCI2 LH'!J263 -> 3560 | J18: =IF(I18=0,"N/S",ROUND( ( ((G18) * 1)/I18)*F18,1)) -> 21 | K18: =V18+Z18+AD18 -> 3300 | L18: 0 | M18: ='B-JCI2 LH'!$D$295 -> 0.294 | N18: 0 | O18: 6 | Q18: 0 | R18: =IF(F18=0,0,ROUND(I18/F18,0)) -> 712 | S18: 15 | T18: 0.77 | U18: =E18*7-N18 -> 42 | V18: =ROUND(((S18*T18*U18)/M18),0) -> 1650 | W18: =S18 -> 15 | X18: 0.77 | Y18: =U18 -> 42 | Z18: =ROUND(((W18*X18*Y18)/M18),0) -> 1650 | AA18: 0 | AB18: 0 | AC18: =E18*7-N18 -> 42 | AD18: =ROUND(((AA18*AB18*AC18)/M18),0) -> 0 | AE18: =S18+W18+AA18 -> 30 | AG18: =K18*M18 -> 970.2 | AH18: =S18*U18+W18*Y18+AA18*AC18 -> 1260 | AI18: =IF(AH18=0,0,AG18/AH18) -> 0.77
B19: Jun | C19: 46202 | D19: 27 | E19: 5 | F19: 5 | G19: =(G18+H18-I18+K14) -> 13015 | H19: 0 | I19: ='B-JCI2 LH'!K263 -> 3720 | J19: =IF(I19=0,"N/S",ROUND( ( ((G19) * 1)/I19)*F19,1)) -> 17.5 | K19: =V19+Z19+AD19 -> 2750 | L19: 0 | M19: ='B-JCI2 LH'!$D$295 -> 0.294 | N19: 0 | O19: 6 | Q19: 0 | R19: =IF(F19=0,0,ROUND(I19/F19,0)) -> 744 | S19: 15 | T19: 0.77 | U19: =E19*7-N19 -> 35 | V19: =ROUND(((S19*T19*U19)/M19),0) -> 1375 | W19: =S19 -> 15 | X19: 0.77 | Y19: =U19 -> 35 | Z19: =ROUND(((W19*X19*Y19)/M19),0) -> 1375 | AA19: 0 | AB19: 0 | AC19: =E19*7-N19 -> 35 | AD19: =ROUND(((AA19*AB19*AC19)/M19),0) -> 0 | AE19: =S19+W19+AA19 -> 30 | AG19: =K19*M19 -> 808.5 | AH19: =S19*U19+W19*Y19+AA19*AC19 -> 1050 | AI19: =IF(AH19=0,0,AG19/AH19) -> 0.77
B20: Jul | C20: 46209 | D20: 28 | E20: 6 | F20: 5 | G20: =(G19+H19-I19+K15) -> 12045 | H20: 0 | I20: ='B-JCI2 LH'!L263 -> 5120 | J20: =IF(I20=0,"N/S",ROUND( ( ((G20) * 1)/I20)*F20,1)) -> 11.8 | K20: =V20+Z20+AD20 -> 3300 | L20: 0 | M20: ='B-JCI2 LH'!$D$295 -> 0.294 | N20: 0 | O20: 7 | Q20: 0 | R20: =IF(F20=0,0,ROUND(I20/F20,0)) -> 1024 | S20: 15 | T20: 0.77 | U20: =E20*7-N20 -> 42 | V20: =ROUND(((S20*T20*U20)/M20),0) -> 1650 | W20: =S20 -> 15 | X20: 0.77 | Y20: =U20 -> 42 | Z20: =ROUND(((W20*X20*Y20)/M20),0) -> 1650 | AA20: 0 | AB20: 0 | AC20: =E20*7-N20 -> 42 | AD20: =ROUND(((AA20*AB20*AC20)/M20),0) -> 0 | AE20: =S20+W20+AA20 -> 30 | AG20: =K20*M20 -> 970.2 | AH20: =S20*U20+W20*Y20+AA20*AC20 -> 1260 | AI20: =IF(AH20=0,0,AG20/AH20) -> 0.77
B21: Jul | C21: 46216 | D21: 29 | E21: 0 | F21: 10 | G21: =(G20+H20-I20+K16) -> 10225 | H21: 0 | I21: ='B-JCI2 LH'!M263 -> 6500 | J21: =IF(I21=0,"N/S",ROUND( ( ((G21) * 1)/I21)*F21,1)) -> 15.7 | K21: =V21+Z21+AD21 -> 0 | L21: 0 | M21: ='B-JCI2 LH'!$D$295 -> 0.294 | N21: 0 | O21: 7 | Q21: 0 | R21: =IF(F21=0,0,ROUND(I21/F21,0)) -> 650 | S21: 15 | T21: 0.77 | U21: =E21*7-N21 -> 0 | V21: =ROUND(((S21*T21*U21)/M21),0) -> 0 | W21: =S21 -> 15 | X21: 0.77 | Y21: =U21 -> 0 | Z21: =ROUND(((W21*X21*Y21)/M21),0) -> 0 | AA21: 0 | AB21: 0 | AC21: =E21*7-N21 -> 0 | AD21: =ROUND(((AA21*AB21*AC21)/M21),0) -> 0 | AE21: =S21+W21+AA21 -> 30 | AG21: =K21*M21 -> 0 | AH21: =S21*U21+W21*Y21+AA21*AC21 -> 0 | AI21: =IF(AH21=0,0,AG21/AH21) -> 0
B22: Jul | C22: 46223 | D22: 30 | E22: 0 | F22: 5 | G22: =(G21+H21-I21+K17) -> 5375 | H22: 0 | I22: ='B-JCI2 LH'!N263 -> 0 | J22: =IF(I22=0,"N/S",ROUND( ( ((G22) * 1)/I22)*F22,1)) -> N/S | K22: =V22+Z22+AD22 -> 0 | L22: 0 | M22: ='B-JCI2 LH'!$D$295 -> 0.294 | N22: 0 | O22: 7 | Q22: 0 | R22: =IF(F22=0,0,ROUND(I22/F22,0)) -> 0 | S22: 15 | T22: 0.77 | U22: =E22*7-N22 -> 0 | V22: =ROUND(((S22*T22*U22)/M22),0) -> 0 | W22: =S22 -> 15 | X22: 0.77 | Y22: =U22 -> 0 | Z22: =ROUND(((W22*X22*Y22)/M22),0) -> 0 | AA22: 0 | AB22: 0 | AC22: =E22*7-N22 -> 0 | AD22: =ROUND(((AA22*AB22*AC22)/M22),0) -> 0 | AE22: =S22+W22+AA22 -> 30 | AG22: =K22*M22 -> 0 | AH22: =S22*U22+W22*Y22+AA22*AC22 -> 0 | AI22: =IF(AH22=0,0,AG22/AH22) -> 0
B23: Jul | C23: 46230 | D23: 31 | E23: 6 | F23: 5 | G23: =(G22+H22-I22+K18) -> 8675 | H23: 0 | I23: ='B-JCI2 LH'!O263 -> 0 | J23: =IF(I23=0,"N/S",ROUND( ( ((G23) * 1)/I23)*F23,1)) -> N/S | K23: =V23+Z23+AD23 -> 3300 | L23: 0 | M23: ='B-JCI2 LH'!$D$295 -> 0.294 | N23: 0 | O23: 7 | Q23: 0 | R23: =IF(F23=0,0,ROUND(I23/F23,0)) -> 0 | S23: 15 | T23: 0.77 | U23: =E23*7-N23 -> 42 | V23: =ROUND(((S23*T23*U23)/M23),0) -> 1650 | W23: =S23 -> 15 | X23: 0.77 | Y23: =U23 -> 42 | Z23: =ROUND(((W23*X23*Y23)/M23),0) -> 1650 | AA23: 0 | AB23: 0 | AC23: =E23*7-N23 -> 42 | AD23: =ROUND(((AA23*AB23*AC23)/M23),0) -> 0 | AE23: =S23+W23+AA23 -> 30 | AF23: =ROUND( ((SUM(I22:I23)*1)/SUM(Q22:Q23)*100),1) -> #DIV/0! | AG23: =K23*M23 -> 970.2 | AH23: =S23*U23+W23*Y23+AA23*AC23 -> 1260 | AI23: =IF(AH23=0,0,AG23/AH23) -> 0.77
B24: Aug | C24: 46237 | D24: 32 | E24: 6 | F24: 5 | G24: =(G23+H23-I23+K19) -> 11425 | H24: 0 | I24: ='B-JCI2 LH'!P263 -> 0 | J24: =IF(I24=0,"N/S",ROUND( ( ((G24) * 1)/I24)*F24,1)) -> N/S | K24: =V24+Z24+AD24 -> 3300 | L24: 0 | M24: ='B-JCI2 LH'!$D$295 -> 0.294 | N24: 0 | O24: 8 | Q24: 0 | R24: =IF(F24=0,0,ROUND(I24/F24,0)) -> 0 | S24: 15 | T24: 0.77 | U24: =E24*7-N24 -> 42 | V24: =ROUND(((S24*T24*U24)/M24),0) -> 1650 | W24: =S24 -> 15 | X24: 0.77 | Y24: =U24 -> 42 | Z24: =ROUND(((W24*X24*Y24)/M24),0) -> 1650 | AA24: 0 | AB24: 0 | AC24: =E24*7-N24 -> 42 | AD24: =ROUND(((AA24*AB24*AC24)/M24),0) -> 0 | AE24: =S24+W24+AA24 -> 30 | AF24: =ROUND( ((SUM(I23:I24)*1)/SUM(Q23:Q24)*100),1) -> #DIV/0! | AG24: =K24*M24 -> 970.2 | AH24: =S24*U24+W24*Y24+AA24*AC24 -> 1260 | AI24: =IF(AH24=0,0,AG24/AH24) -> 0.77
B25: Aug | C25: 46244 | D25: 33 | E25: 6 | F25: 4 | G25: =(G24+H24-I24+K20) -> 14725 | H25: 0 | I25: ='B-JCI2 LH'!Q263 -> 0 | J25: =IF(I25=0,"N/S",ROUND( ( ((G25) * 1)/I25)*F25,1)) -> N/S | K25: =V25+Z25+AD25 -> 3300 | L25: 0 | M25: ='B-JCI2 LH'!$D$295 -> 0.294 | N25: 0 | O25: 8 | Q25: 0 | R25: =IF(F25=0,0,ROUND(I25/F25,0)) -> 0 | S25: 15 | T25: 0.77 | U25: =E25*7-N25 -> 42 | V25: =ROUND(((S25*T25*U25)/M25),0) -> 1650 | W25: =S25 -> 15 | X25: 0.77 | Y25: =U25 -> 42 | Z25: =ROUND(((W25*X25*Y25)/M25),0) -> 1650 | AA25: 0 | AB25: 0 | AC25: =E25*7-N25 -> 42 | AD25: =ROUND(((AA25*AB25*AC25)/M25),0) -> 0 | AE25: =S25+W25+AA25 -> 30 | AF25: =ROUND( ((SUM(I24:I25)*1)/SUM(Q24:Q25)*100),1) -> #DIV/0! | AG25: =K25*M25 -> 970.2 | AH25: =S25*U25+W25*Y25+AA25*AC25 -> 1260 | AI25: =IF(AH25=0,0,AG25/AH25) -> 0.77
B26: Aug | C26: 46251 | D26: 34 | E26: 6 | F26: 5 | G26: =(G25+H25-I25+K21) -> 14725 | H26: 0 | I26: ='B-JCI2 LH'!R263 -> 3840 | J26: =IF(I26=0,"N/S",ROUND( ( ((G26) * 1)/I26)*F26,1)) -> 19.2 | K26: =V26+Z26+AD26 -> 3300 | L26: 0 | M26: ='B-JCI2 LH'!$D$295 -> 0.294 | N26: 0 | O26: 8 | Q26: 0 | R26: =IF(F26=0,0,ROUND(I26/F26,0)) -> 768 | S26: 15 | T26: 0.77 | U26: =E26*7-N26 -> 42 | V26: =ROUND(((S26*T26*U26)/M26),0) -> 1650 | W26: =S26 -> 15 | X26: 0.77 | Y26: =U26 -> 42 | Z26: =ROUND(((W26*X26*Y26)/M26),0) -> 1650 | AA26: 0 | AB26: 0 | AC26: =E26*7-N26 -> 42 | AD26: =ROUND(((AA26*AB26*AC26)/M26),0) -> 0 | AE26: =S26+W26+AA26 -> 30 | AF26: =ROUND( ((SUM(I25:I26)*1)/SUM(Q25:Q26)*100),1) -> #DIV/0! | AG26: =K26*M26 -> 970.2 | AH26: =S26*U26+W26*Y26+AA26*AC26 -> 1260 | AI26: =IF(AH26=0,0,AG26/AH26) -> 0.77
B27: Aug | C27: 46258 | D27: 35 | E27: 5 | F27: 5 | G27: =(G26+H26-I26+K22) -> 10885 | H27: 0 | I27: ='B-JCI2 LH'!S263 -> 3080 | J27: =IF(I27=0,"N/S",ROUND( ( ((G27) * 1)/I27)*F27,1)) -> 17.7 | K27: =V27+Z27+AD27 -> 2750 | L27: 0 | M27: ='B-JCI2 LH'!$D$295 -> 0.294 | N27: 0 | O27: 8 | Q27: 0 | R27: =IF(F27=0,0,ROUND(I27/F27,0)) -> 616 | S27: 15 | T27: 0.77 | U27: =E27*7-N27 -> 35 | V27: =ROUND(((S27*T27*U27)/M27),0) -> 1375 | W27: =S27 -> 15 | X27: 0.77 | Y27: =U27 -> 35 | Z27: =ROUND(((W27*X27*Y27)/M27),0) -> 1375 | AA27: 0 | AB27: 0 | AC27: =E27*7-N27 -> 35 | AD27: =ROUND(((AA27*AB27*AC27)/M27),0) -> 0 | AE27: =S27+W27+AA27 -> 30 | AF27: =ROUND( ((SUM(I26:I27)*1)/SUM(Q26:Q27)*100),1) -> #DIV/0! | AG27: =K27*M27 -> 808.5 | AH27: =S27*U27+W27*Y27+AA27*AC27 -> 1050 | AI27: =IF(AH27=0,0,AG27/AH27) -> 0.77
B28: Aug | C28: 46265 | D28: 36 | E28: 6 | F28: 5 | G28: =(G27+H27-I27+K23) -> 11105 | H28: 0 | I28: ='B-JCI2 LH'!T263 -> 3660 | J28: =IF(I28=0,"N/S",ROUND( ( ((G28) * 1)/I28)*F28,1)) -> 15.2 | K28: =V28+Z28+AD28 -> 3080 | L28: 0 | M28: ='B-JCI2 LH'!$D$295 -> 0.294 | N28: 0 | O28: 8 | Q28: 0 | R28: =IF(F28=0,0,ROUND(I28/F28,0)) -> 732 | S28: 14 | T28: 0.77 | U28: =E28*7-N28 -> 42 | V28: =ROUND(((S28*T28*U28)/M28),0) -> 1540 | W28: =S28 -> 14 | X28: 0.77 | Y28: =U28 -> 42 | Z28: =ROUND(((W28*X28*Y28)/M28),0) -> 1540 | AA28: 0 | AB28: 0 | AC28: =E28*7-N28 -> 42 | AD28: =ROUND(((AA28*AB28*AC28)/M28),0) -> 0 | AE28: =S28+W28+AA28 -> 28 | AF28: =ROUND( ((SUM(I27:I28)*1)/SUM(Q27:Q28)*100),1) -> #DIV/0! | AG28: =K28*M28 -> 905.52 | AH28: =S28*U28+W28*Y28+AA28*AC28 -> 1176 | AI28: =IF(AH28=0,0,AG28/AH28) -> 0.77
B29: Sep | C29: 46272 | D29: 37 | E29: 6 | F29: 5 | G29: =(G28+H28-I28+K24) -> 10745 | H29: 0 | I29: ='B-JCI2 LH'!U263 -> 3640 | J29: =IF(I29=0,"N/S",ROUND( ( ((G29) * 1)/I29)*F29,1)) -> 14.8 | K29: =V29+Z29+AD29 -> 3080 | L29: 0 | M29: ='B-JCI2 LH'!$D$295 -> 0.294 | N29: 0 | O29: 9 | Q29: 0 | R29: =IF(F29=0,0,ROUND(I29/F29,0)) -> 728 | S29: 14 | T29: 0.77 | U29: =E29*7-N29 -> 42 | V29: =ROUND(((S29*T29*U29)/M29),0) -> 1540 | W29: =S29 -> 14 | X29: 0.77 | Y29: =U29 -> 42 | Z29: =ROUND(((W29*X29*Y29)/M29),0) -> 1540 | AA29: 0 | AB29: 0 | AC29: =E29*7-N29 -> 42 | AD29: =ROUND(((AA29*AB29*AC29)/M29),0) -> 0 | AE29: =S29+W29+AA29 -> 28 | AF29: =ROUND( ((SUM(I28:I29)*1)/SUM(Q28:Q29)*100),1) -> #DIV/0! | AG29: =K29*M29 -> 905.52 | AH29: =S29*U29+W29*Y29+AA29*AC29 -> 1176 | AI29: =IF(AH29=0,0,AG29/AH29) -> 0.77
B30: Sep | C30: 46279 | D30: 38 | E30: 6 | F30: 5 | G30: =(G29+H29-I29+K25) -> 10405 | H30: 0 | I30: ='B-JCI2 LH'!V263 -> 3640 | J30: =IF(I30=0,"N/S",ROUND( ( ((G30) * 1)/I30)*F30,1)) -> 14.3 | K30: =V30+Z30+AD30 -> 3080 | L30: 0 | M30: ='B-JCI2 LH'!$D$295 -> 0.294 | N30: 0 | O30: 9 | Q30: 0 | R30: =IF(F30=0,0,ROUND(I30/F30,0)) -> 728 | S30: 14 | T30: 0.77 | U30: =E30*7-N30 -> 42 | V30: =ROUND(((S30*T30*U30)/M30),0) -> 1540 | W30: =S30 -> 14 | X30: 0.77 | Y30: =U30 -> 42 | Z30: =ROUND(((W30*X30*Y30)/M30),0) -> 1540 | AA30: 0 | AB30: 0 | AC30: =E30*7-N30 -> 42 | AD30: =ROUND(((AA30*AB30*AC30)/M30),0) -> 0 | AE30: =S30+W30+AA30 -> 28 | AF30: =ROUND( ((SUM(I29:I30)*1)/SUM(Q29:Q30)*100),1) -> #DIV/0! | AG30: =K30*M30 -> 905.52 | AH30: =S30*U30+W30*Y30+AA30*AC30 -> 1176 | AI30: =IF(AH30=0,0,AG30/AH30) -> 0.77
B31: Sep | C31: 46286 | D31: 39 | E31: 4 | F31: 5 | G31: =(G30+H30-I30+K26) -> 10065 | H31: 0 | I31: ='B-JCI2 LH'!W263 -> 3640 | J31: =IF(I31=0,"N/S",ROUND( ( ((G31) * 1)/I31)*F31,1)) -> 13.8 | K31: =V31+Z31+AD31 -> 2054 | L31: 0 | M31: ='B-JCI2 LH'!$D$295 -> 0.294 | N31: 0 | O31: 9 | Q31: 0 | R31: =IF(F31=0,0,ROUND(I31/F31,0)) -> 728 | S31: 14 | T31: 0.77 | U31: =E31*7-N31 -> 28 | V31: =ROUND(((S31*T31*U31)/M31),0) -> 1027 | W31: =S31 -> 14 | X31: 0.77 | Y31: =U31 -> 28 | Z31: =ROUND(((W31*X31*Y31)/M31),0) -> 1027 | AA31: 0 | AB31: 0 | AC31: =E31*7-N31 -> 28 | AD31: =ROUND(((AA31*AB31*AC31)/M31),0) -> 0 | AE31: =S31+W31+AA31 -> 28 | AF31: =ROUND( ((SUM(I30:I31)*1)/SUM(Q30:Q31)*100),1) -> #DIV/0! | AG31: =K31*M31 -> 603.876 | AH31: =S31*U31+W31*Y31+AA31*AC31 -> 784 | AI31: =IF(AH31=0,0,AG31/AH31) -> 0.77025
B32: Sep | C32: 46293 | D32: 40 | E32: 5 | F32: 5 | G32: =(G31+H31-I31+K27) -> 9175 | H32: 0 | I32: ='B-JCI2 LH'!X263 -> 3600 | J32: =IF(I32=0,"N/S",ROUND( ( ((G32) * 1)/I32)*F32,1)) -> 12.7 | K32: =V32+Z32+AD32 -> 2566 | L32: 0 | M32: ='B-JCI2 LH'!$D$295 -> 0.294 | N32: 0 | O32: 9 | Q32: 0 | R32: =IF(F32=0,0,ROUND(I32/F32,0)) -> 720 | S32: 14 | T32: 0.77 | U32: =E32*7-N32 -> 35 | V32: =ROUND(((S32*T32*U32)/M32),0) -> 1283 | W32: =S32 -> 14 | X32: 0.77 | Y32: =U32 -> 35 | Z32: =ROUND(((W32*X32*Y32)/M32),0) -> 1283 | AA32: 0 | AB32: 0 | AC32: =E32*7-N32 -> 35 | AD32: =ROUND(((AA32*AB32*AC32)/M32),0) -> 0 | AE32: =S32+W32+AA32 -> 28 | AF32: =ROUND( ((SUM(I31:I32)*1)/SUM(Q31:Q32)*100),1) -> #DIV/0! | AG32: =K32*M32 -> 754.404 | AH32: =S32*U32+W32*Y32+AA32*AC32 -> 980 | AI32: =IF(AH32=0,0,AG32/AH32) -> 0.7698
B33: Oct | C33: 46300 | D33: 41 | E33: 5 | F33: 5 | G33: =(G32+H32-I32+K28) -> 8655 | H33: 0 | I33: ='B-JCI2 LH'!Y263 -> 2570 | J33: =IF(I33=0,"N/S",ROUND( ( ((G33) * 1)/I33)*F33,1)) -> 16.8 | K33: =V33+Z33+AD33 -> 2566 | L33: 0 | M33: ='B-JCI2 LH'!$D$295 -> 0.294 | N33: 0 | O33: 10 | Q33: 0 | R33: =IF(F33=0,0,ROUND(I33/F33,0)) -> 514 | S33: 14 | T33: 0.77 | U33: =E33*7-N33 -> 35 | V33: =ROUND(((S33*T33*U33)/M33),0) -> 1283 | W33: =S33 -> 14 | X33: 0.77 | Y33: =U33 -> 35 | Z33: =ROUND(((W33*X33*Y33)/M33),0) -> 1283 | AA33: 0 | AB33: 0 | AC33: =E33*7-N33 -> 35 | AD33: =ROUND(((AA33*AB33*AC33)/M33),0) -> 0 | AE33: =S33+W33+AA33 -> 28 | AF33: =ROUND( ((SUM(I32:I33)*1)/SUM(Q32:Q33)*100),1) -> #DIV/0! | AG33: =K33*M33 -> 754.404 | AH33: =S33*U33+W33*Y33+AA33*AC33 -> 980 | AI33: =IF(AH33=0,0,AG33/AH33) -> 0.7698
B34: Oct | C34: 46307 | D34: 42 | E34: 6 | F34: 5 | G34: =(G33+H33-I33+K29) -> 9165 | H34: 0 | I34: ='B-JCI2 LH'!Z263 -> 2570 | J34: =IF(I34=0,"N/S",ROUND( ( ((G34) * 1)/I34)*F34,1)) -> 17.8 | K34: =V34+Z34+AD34 -> 3080 | L34: 0 | M34: ='B-JCI2 LH'!$D$295 -> 0.294 | N34: 0 | O34: 10 | Q34: 0 | R34: =IF(F34=0,0,ROUND(I34/F34,0)) -> 514 | S34: 14 | T34: 0.77 | U34: =E34*7-N34 -> 42 | V34: =ROUND(((S34*T34*U34)/M34),0) -> 1540 | W34: =S34 -> 14 | X34: 0.77 | Y34: =U34 -> 42 | Z34: =ROUND(((W34*X34*Y34)/M34),0) -> 1540 | AA34: 0 | AB34: 0 | AC34: =E34*7-N34 -> 42 | AD34: =ROUND(((AA34*AB34*AC34)/M34),0) -> 0 | AE34: =S34+W34+AA34 -> 28 | AF34: =ROUND( ((SUM(I33:I34)*1)/SUM(Q33:Q34)*100),1) -> #DIV/0! | AG34: =K34*M34 -> 905.52 | AH34: =S34*U34+W34*Y34+AA34*AC34 -> 1176 | AI34: =IF(AH34=0,0,AG34/AH34) -> 0.77
B35: Oct | C35: 46314 | D35: 43 | E35: 6 | F35: 5 | G35: =(G34+H34-I34+K30) -> 9675 | H35: 0 | I35: ='B-JCI2 LH'!AA263 -> 2570 | J35: =IF(I35=0,"N/S",ROUND( ( ((G35) * 1)/I35)*F35,1)) -> 18.8 | K35: =V35+Z35+AD35 -> 3080 | L35: 0 | M35: ='B-JCI2 LH'!$D$295 -> 0.294 | N35: 0 | O35: 10 | Q35: 0 | R35: =IF(F35=0,0,ROUND(I35/F35,0)) -> 514 | S35: 14 | T35: 0.77 | U35: =E35*7-N35 -> 42 | V35: =ROUND(((S35*T35*U35)/M35),0) -> 1540 | W35: =S35 -> 14 | X35: 0.77 | Y35: =U35 -> 42 | Z35: =ROUND(((W35*X35*Y35)/M35),0) -> 1540 | AA35: 0 | AB35: 0 | AC35: =E35*7-N35 -> 42 | AD35: =ROUND(((AA35*AB35*AC35)/M35),0) -> 0 | AE35: =S35+W35+AA35 -> 28 | AF35: =ROUND( ((SUM(I34:I35)*1)/SUM(Q34:Q35)*100),1) -> #DIV/0! | AG35: =K35*M35 -> 905.52 | AH35: =S35*U35+W35*Y35+AA35*AC35 -> 1176 | AI35: =IF(AH35=0,0,AG35/AH35) -> 0.77
B36: Oct | C36: 46321 | D36: 44 | E36: 6 | F36: 5 | G36: =(G35+H35-I35+K31) -> 9159 | H36: 0 | I36: ='B-JCI2 LH'!AB263 -> 2550 | J36: =IF(I36=0,"N/S",ROUND( ( ((G36) * 1)/I36)*F36,1)) -> 18 | K36: =V36+Z36+AD36 -> 3080 | L36: 0 | M36: ='B-JCI2 LH'!$D$295 -> 0.294 | N36: 0 | O36: 10 | Q36: 0 | R36: =IF(F36=0,0,ROUND(I36/F36,0)) -> 510 | S36: 14 | T36: 0.77 | U36: =E36*7-N36 -> 42 | V36: =ROUND(((S36*T36*U36)/M36),0) -> 1540 | W36: =S36 -> 14 | X36: 0.77 | Y36: =U36 -> 42 | Z36: =ROUND(((W36*X36*Y36)/M36),0) -> 1540 | AA36: 0 | AB36: 0 | AC36: =E36*7-N36 -> 42 | AD36: =ROUND(((AA36*AB36*AC36)/M36),0) -> 0 | AE36: =S36+W36+AA36 -> 28 | AF36: =ROUND( ((SUM(I35:I36)*1)/SUM(Q35:Q36)*100),1) -> #DIV/0! | AG36: =K36*M36 -> 905.52 | AH36: =S36*U36+W36*Y36+AA36*AC36 -> 1176 | AI36: =IF(AH36=0,0,AG36/AH36) -> 0.77
B37: Nov | C37: 46328 | D37: 45 | E37: 6 | F37: 5 | G37: =(G36+H36-I36+K32) -> 9175 | H37: 0 | I37: ='B-JCI2 LH'!AC263 -> 3740 | J37: =IF(I37=0,"N/S",ROUND( ( ((G37) * 1)/I37)*F37,1)) -> 12.3 | K37: =V37+Z37+AD37 -> 3080 | L37: 0 | M37: ='B-JCI2 LH'!$D$295 -> 0.294 | N37: 0 | O37: 11 | Q37: 0 | R37: =IF(F37=0,0,ROUND(I37/F37,0)) -> 748 | S37: 14 | T37: 0.77 | U37: =E37*7-N37 -> 42 | V37: =ROUND(((S37*T37*U37)/M37),0) -> 1540 | W37: =S37 -> 14 | X37: 0.77 | Y37: =U37 -> 42 | Z37: =ROUND(((W37*X37*Y37)/M37),0) -> 1540 | AA37: 0 | AB37: 0 | AC37: =E37*7-N37 -> 42 | AD37: =ROUND(((AA37*AB37*AC37)/M37),0) -> 0 | AE37: =S37+W37+AA37 -> 28 | AF37: =ROUND( ((SUM(I36:I37)*1)/SUM(Q36:Q37)*100),1) -> #DIV/0! | AG37: =K37*M37 -> 905.52 | AH37: =S37*U37+W37*Y37+AA37*AC37 -> 1176 | AI37: =IF(AH37=0,0,AG37/AH37) -> 0.77
B38: Nov | C38: 46335 | D38: 46 | E38: 6 | F38: 4 | G38: =(G37+H37-I37+K33) -> 8001 | H38: 0 | I38: ='B-JCI2 LH'!AD263 -> 3740 | J38: =IF(I38=0,"N/S",ROUND( ( ((G38) * 1)/I38)*F38,1)) -> 8.6 | K38: =V38+Z38+AD38 -> 3080 | L38: 0 | M38: ='B-JCI2 LH'!$D$295 -> 0.294 | N38: 0 | O38: 11 | Q38: 0 | R38: =IF(F38=0,0,ROUND(I38/F38,0)) -> 935 | S38: 14 | T38: 0.77 | U38: =E38*7-N38 -> 42 | V38: =ROUND(((S38*T38*U38)/M38),0) -> 1540 | W38: =S38 -> 14 | X38: 0.77 | Y38: =U38 -> 42 | Z38: =ROUND(((W38*X38*Y38)/M38),0) -> 1540 | AA38: 0 | AB38: 0 | AC38: =E38*7-N38 -> 42 | AD38: =ROUND(((AA38*AB38*AC38)/M38),0) -> 0 | AE38: =S38+W38+AA38 -> 28 | AF38: =ROUND( ((SUM(I37:I38)*1)/SUM(Q37:Q38)*100),1) -> #DIV/0! | AG38: =K38*M38 -> 905.52 | AH38: =S38*U38+W38*Y38+AA38*AC38 -> 1176 | AI38: =IF(AH38=0,0,AG38/AH38) -> 0.77
B39: Nov | C39: 46342 | D39: 47 | E39: 6 | F39: 5 | G39: =(G38+H38-I38+K34) -> 7341 | H39: 0 | I39: ='B-JCI2 LH'!AE263 -> 3740 | J39: =IF(I39=0,"N/S",ROUND( ( ((G39) * 1)/I39)*F39,1)) -> 9.8 | K39: =V39+Z39+AD39 -> 3080 | L39: 0 | M39: ='B-JCI2 LH'!$D$295 -> 0.294 | N39: 0 | O39: 11 | Q39: 0 | R39: =IF(F39=0,0,ROUND(I39/F39,0)) -> 748 | S39: 14 | T39: 0.77 | U39: =E39*7-N39 -> 42 | V39: =ROUND(((S39*T39*U39)/M39),0) -> 1540 | W39: =S39 -> 14 | X39: 0.77 | Y39: =U39 -> 42 | Z39: =ROUND(((W39*X39*Y39)/M39),0) -> 1540 | AA39: 0 | AB39: 0 | AC39: =E39*7-N39 -> 42 | AD39: =ROUND(((AA39*AB39*AC39)/M39),0) -> 0 | AE39: =S39+W39+AA39 -> 28 | AF39: =ROUND( ((SUM(I38:I39)*1)/SUM(Q38:Q39)*100),1) -> #DIV/0! | AG39: =K39*M39 -> 905.52 | AH39: =S39*U39+W39*Y39+AA39*AC39 -> 1176 | AI39: =IF(AH39=0,0,AG39/AH39) -> 0.77
B40: Nov | C40: 46349 | D40: 48 | E40: 6 | F40: 5 | G40: =(G39+H39-I39+K35) -> 6681 | H40: 0 | I40: ='B-JCI2 LH'!AF263 -> 3740 | J40: =IF(I40=0,"N/S",ROUND( ( ((G40) * 1)/I40)*F40,1)) -> 8.9 | K40: =V40+Z40+AD40 -> 3080 | L40: 0 | M40: ='B-JCI2 LH'!$D$295 -> 0.294 | N40: 0 | O40: 11 | Q40: 0 | R40: =IF(F40=0,0,ROUND(I40/F40,0)) -> 748 | S40: 14 | T40: 0.77 | U40: =E40*7-N40 -> 42 | V40: =ROUND(((S40*T40*U40)/M40),0) -> 1540 | W40: =S40 -> 14 | X40: 0.77 | Y40: =U40 -> 42 | Z40: =ROUND(((W40*X40*Y40)/M40),0) -> 1540 | AA40: 0 | AB40: 0 | AC40: =E40*7-N40 -> 42 | AD40: =ROUND(((AA40*AB40*AC40)/M40),0) -> 0 | AE40: =S40+W40+AA40 -> 28 | AF40: =ROUND( ((SUM(I39:I40)*1)/SUM(Q39:Q40)*100),1) -> #DIV/0! | AG40: =K40*M40 -> 905.52 | AH40: =S40*U40+W40*Y40+AA40*AC40 -> 1176 | AI40: =IF(AH40=0,0,AG40/AH40) -> 0.77
B41: Nov | C41: 46356 | D41: 49 | E41: 6 | F41: 5 | G41: =(G40+H40-I40+K36) -> 6021 | H41: 0 | I41: ='B-JCI2 LH'!AG263 -> 3380 | J41: =IF(I41=0,"N/S",ROUND( ( ((G41) * 1)/I41)*F41,1)) -> 8.9 | K41: =V41+Z41+AD41 -> 3080 | L41: 0 | M41: ='B-JCI2 LH'!$D$295 -> 0.294 | N41: 0 | O41: 11 | Q41: 0 | R41: =IF(F41=0,0,ROUND(I41/F41,0)) -> 676 | S41: 14 | T41: 0.77 | U41: =E41*7-N41 -> 42 | V41: =ROUND(((S41*T41*U41)/M41),0) -> 1540 | W41: =S41 -> 14 | X41: 0.77 | Y41: =U41 -> 42 | Z41: =ROUND(((W41*X41*Y41)/M41),0) -> 1540 | AA41: 0 | AB41: 0 | AC41: =E41*7-N41 -> 42 | AD41: =ROUND(((AA41*AB41*AC41)/M41),0) -> 0 | AE41: =S41+W41+AA41 -> 28 | AF41: =ROUND( ((SUM(I40:I41)*1)/SUM(Q40:Q41)*100),1) -> #DIV/0! | AG41: =K41*M41 -> 905.52 | AH41: =S41*U41+W41*Y41+AA41*AC41 -> 1176 | AI41: =IF(AH41=0,0,AG41/AH41) -> 0.77
B42: Dec | C42: 46363 | D42: 50 | E42: 6 | F42: 5 | G42: =(G41+H41-I41+K37) -> 5721 | H42: 0 | I42: ='B-JCI2 LH'!AH263 -> 3870 | J42: =IF(I42=0,"N/S",ROUND( ( ((G42) * 1)/I42)*F42,1)) -> 7.4 | K42: =V42+Z42+AD42 -> 3080 | L42: 0 | M42: ='B-JCI2 LH'!$D$295 -> 0.294 | N42: 0 | O42: 12 | Q42: 0 | R42: =IF(F42=0,0,ROUND(I42/F42,0)) -> 774 | S42: 14 | T42: 0.77 | U42: =E42*7-N42 -> 42 | V42: =ROUND(((S42*T42*U42)/M42),0) -> 1540 | W42: =S42 -> 14 | X42: 0.77 | Y42: =U42 -> 42 | Z42: =ROUND(((W42*X42*Y42)/M42),0) -> 1540 | AA42: 0 | AB42: 0 | AC42: =E42*7-N42 -> 42 | AD42: =ROUND(((AA42*AB42*AC42)/M42),0) -> 0 | AE42: =S42+W42+AA42 -> 28 | AF42: =ROUND( ((SUM(I41:I42)*1)/SUM(Q41:Q42)*100),1) -> #DIV/0! | AG42: =K42*M42 -> 905.52 | AH42: =S42*U42+W42*Y42+AA42*AC42 -> 1176 | AI42: =IF(AH42=0,0,AG42/AH42) -> 0.77
B43: Dec | C43: 46370 | D43: 51 | E43: 6 | F43: 10 | G43: =(G42+H42-I42+K38) -> 4931 | H43: 0 | I43: ='B-JCI2 LH'!AI263 -> 3870 | J43: =IF(I43=0,"N/S",ROUND( ( ((G43) * 1)/I43)*F43,1)) -> 12.7 | K43: =V43+Z43+AD43 -> 3080 | L43: 0 | M43: ='B-JCI2 LH'!$D$295 -> 0.294 | N43: 0 | O43: 12 | Q43: 0 | R43: =IF(F43=0,0,ROUND(I43/F43,0)) -> 387 | S43: 14 | T43: 0.77 | U43: =E43*7-N43 -> 42 | V43: =ROUND(((S43*T43*U43)/M43),0) -> 1540 | W43: =S43 -> 14 | X43: 0.77 | Y43: =U43 -> 42 | Z43: =ROUND(((W43*X43*Y43)/M43),0) -> 1540 | AA43: 0 | AB43: 0 | AC43: =E43*7-N43 -> 42 | AD43: =ROUND(((AA43*AB43*AC43)/M43),0) -> 0 | AE43: =S43+W43+AA43 -> 28 | AF43: =ROUND( ((SUM(I42:I43)*1)/SUM(Q42:Q43)*100),1) -> #DIV/0! | AG43: =K43*M43 -> 905.52 | AH43: =S43*U43+W43*Y43+AA43*AC43 -> 1176 | AI43: =IF(AH43=0,0,AG43/AH43) -> 0.77
B44: Dec | C44: 46377 | D44: 52 | E44: 6 | F44: 0 | G44: =(G43+H43-I43+K39) -> 4141 | H44: 0 | I44: ='B-JCI2 LH'!AJ263 -> 0 | J44: =IF(I44=0,"N/S",ROUND( ( ((G44) * 1)/I44)*F44,1)) -> N/S | K44: =V44+Z44+AD44 -> 3080 | L44: 0 | M44: ='B-JCI2 LH'!$D$295 -> 0.294 | N44: 0 | O44: 12 | Q44: 0 | R44: =IF(F44=0,0,ROUND(I44/F44,0)) -> 0 | S44: 14 | T44: 0.77 | U44: =E44*7-N44 -> 42 | V44: =ROUND(((S44*T44*U44)/M44),0) -> 1540 | W44: =S44 -> 14 | X44: 0.77 | Y44: =U44 -> 42 | Z44: =ROUND(((W44*X44*Y44)/M44),0) -> 1540 | AA44: 0 | AB44: 0 | AC44: =E44*7-N44 -> 42 | AD44: =ROUND(((AA44*AB44*AC44)/M44),0) -> 0 | AE44: =S44+W44+AA44 -> 28 | AF44: =ROUND( ((SUM(I43:I44)*1)/SUM(Q43:Q44)*100),1) -> #DIV/0! | AG44: =K44*M44 -> 905.52 | AH44: =S44*U44+W44*Y44+AA44*AC44 -> 1176 | AI44: =IF(AH44=0,0,AG44/AH44) -> 0.77
B45: Dec | C45: 46384 | D45: 53 | E45: 0 | F45: 0 | G45: =(G44+H44-I44+K40) -> 7221 | H45: 0 | I45: ='B-JCI2 LH'!AK263 -> 0 | J45: =IF(I45=0,"N/S",ROUND( ( ((G45) * 1)/I45)*F45,1)) -> N/S | K45: =V45+Z45+AD45 -> 0 | L45: 0 | M45: ='B-JCI2 LH'!$D$295 -> 0.294 | N45: 0 | O45: 12 | Q45: 0 | R45: =IF(F45=0,0,ROUND(I45/F45,0)) -> 0 | S45: 14 | T45: 0.77 | U45: =E45*7-N45 -> 0 | V45: =ROUND(((S45*T45*U45)/M45),0) -> 0 | W45: =S45 -> 14 | X45: 0.77 | Y45: =U45 -> 0 | Z45: =ROUND(((W45*X45*Y45)/M45),0) -> 0 | AA45: 0 | AB45: 0 | AC45: =E45*7-N45 -> 0 | AD45: =ROUND(((AA45*AB45*AC45)/M45),0) -> 0 | AE45: =S45+W45+AA45 -> 28 | AF45: =ROUND( ((SUM(I44:I45)*1)/SUM(Q44:Q45)*100),1) -> #DIV/0! | AG45: =K45*M45 -> 0 | AH45: =S45*U45+W45*Y45+AA45*AC45 -> 0 | AI45: =IF(AH45=0,0,AG45/AH45) -> 0
B46: Jan | C46: 46391 | D46: 1 | E46: 6 | F46: 0 | G46: =(G45+H45-I45+K41) -> 10301 | H46: 0 | I46: ='B-JCI2 LH'!AL263 -> 0 | J46: =IF(I46=0,"N/S",ROUND( ( ((G46) * 1)/I46)*F46,1)) -> N/S | K46: =V46+Z46+AD46 -> 3080 | L46: 0 | M46: ='B-JCI2 LH'!$D$295 -> 0.294 | N46: 0 | O46: 1 | Q46: 0 | R46: =IF(F46=0,0,ROUND(I46/F46,0)) -> 0 | S46: 14 | T46: 0.77 | U46: =E46*7-N46 -> 42 | V46: =ROUND(((S46*T46*U46)/M46),0) -> 1540 | W46: =S46 -> 14 | X46: 0.77 | Y46: =U46 -> 42 | Z46: =ROUND(((W46*X46*Y46)/M46),0) -> 1540 | AA46: 0 | AB46: 0 | AC46: =E46*7-N46 -> 42 | AD46: =ROUND(((AA46*AB46*AC46)/M46),0) -> 0 | AE46: =S46+W46+AA46 -> 28 | AF46: =ROUND( ((SUM(I45:I46)*1)/SUM(Q45:Q46)*100),1) -> #DIV/0! | AG46: =K46*M46 -> 905.52 | AH46: =S46*U46+W46*Y46+AA46*AC46 -> 1176 | AI46: =IF(AH46=0,0,AG46/AH46) -> 0.77
B47: Jan | C47: 46398 | D47: 2 | E47: 4 | F47: 0 | G47: =(G46+H46-I46+K42) -> 13381 | H47: 0 | I47: ='B-JCI2 LH'!AM263 -> 0 | J47: =IF(I47=0,"N/S",ROUND( ( ((G47) * 1)/I47)*F47,1)) -> N/S | K47: =V47+Z47+AD47 -> 2054 | L47: 0 | M47: ='B-JCI2 LH'!$D$295 -> 0.294 | N47: 0 | O47: 1 | Q47: 0 | R47: =IF(F47=0,0,ROUND(I47/F47,0)) -> 0 | S47: 14 | T47: 0.77 | U47: =E47*7-N47 -> 28 | V47: =ROUND(((S47*T47*U47)/M47),0) -> 1027 | W47: =S47 -> 14 | X47: 0.77 | Y47: =U47 -> 28 | Z47: =ROUND(((W47*X47*Y47)/M47),0) -> 1027 | AA47: 0 | AB47: 0 | AC47: =E47*7-N47 -> 28 | AD47: =ROUND(((AA47*AB47*AC47)/M47),0) -> 0 | AE47: =S47+W47+AA47 -> 28 | AF47: =ROUND( ((SUM(I46:I47)*1)/SUM(Q46:Q47)*100),1) -> #DIV/0! | AG47: =K47*M47 -> 603.876 | AH47: =S47*U47+W47*Y47+AA47*AC47 -> 784 | AI47: =IF(AH47=0,0,AG47/AH47) -> 0.77025
B48: Jan | C48: 46405 | D48: 3 | E48: 6 | F48: 5 | G48: =(G47+H47-I47+K43) -> 16461 | H48: 0 | I48: ='B-JCI2 LH'!AN263 -> 2724 | J48: =IF(I48=0,"N/S",ROUND( ( ((G48) * 1)/I48)*F48,1)) -> 30.2 | K48: =V48+Z48+AD48 -> 3080 | L48: 0 | M48: ='B-JCI2 LH'!$D$295 -> 0.294 | N48: 0 | O48: 1 | Q48: 0 | R48: =IF(F48=0,0,ROUND(I48/F48,0)) -> 545 | S48: 14 | T48: 0.77 | U48: =E48*7-N48 -> 42 | V48: =ROUND(((S48*T48*U48)/M48),0) -> 1540 | W48: =S48 -> 14 | X48: 0.77 | Y48: =U48 -> 42 | Z48: =ROUND(((W48*X48*Y48)/M48),0) -> 1540 | AA48: 0 | AB48: 0 | AC48: =E48*7-N48 -> 42 | AD48: =ROUND(((AA48*AB48*AC48)/M48),0) -> 0 | AE48: =S48+W48+AA48 -> 28 | AF48: =ROUND( ((SUM(I47:I48)*1)/SUM(Q47:Q48)*100),1) -> #DIV/0! | AG48: =K48*M48 -> 905.52 | AH48: =S48*U48+W48*Y48+AA48*AC48 -> 1176 | AI48: =IF(AH48=0,0,AG48/AH48) -> 0.77
B49: Jan | C49: 46412 | D49: 4 | E49: 6 | F49: 5 | G49: =(G48+H48-I48+K44) -> 16817 | H49: 0 | I49: ='B-JCI2 LH'!AO263 -> 2724 | J49: =IF(I49=0,"N/S",ROUND( ( ((G49) * 1)/I49)*F49,1)) -> 30.9 | K49: =V49+Z49+AD49 -> 3080 | L49: 0 | M49: ='B-JCI2 LH'!$D$295 -> 0.294 | N49: 0 | O49: 1 | Q49: 0 | R49: =IF(F49=0,0,ROUND(I49/F49,0)) -> 545 | S49: 14 | T49: 0.77 | U49: =E49*7-N49 -> 42 | V49: =ROUND(((S49*T49*U49)/M49),0) -> 1540 | W49: =S49 -> 14 | X49: 0.77 | Y49: =U49 -> 42 | Z49: =ROUND(((W49*X49*Y49)/M49),0) -> 1540 | AA49: 0 | AB49: 0 | AC49: =E49*7-N49 -> 42 | AD49: =ROUND(((AA49*AB49*AC49)/M49),0) -> 0 | AE49: =S49+W49+AA49 -> 28 | AF49: =ROUND( ((SUM(I48:I49)*1)/SUM(Q48:Q49)*100),1) -> #DIV/0! | AG49: =K49*M49 -> 905.52 | AH49: =S49*U49+W49*Y49+AA49*AC49 -> 1176 | AI49: =IF(AH49=0,0,AG49/AH49) -> 0.77
B50: Feb | C50: 46419 | D50: 5 | E50: 5 | F50: 5 | G50: =(G49+H49-I49+K45) -> 14093 | H50: 0 | I50: ='B-JCI2 LH'!AP263 -> 2724 | J50: =IF(I50=0,"N/S",ROUND( ( ((G50) * 1)/I50)*F50,1)) -> 25.9 | K50: =V50+Z50+AD50 -> 2566 | L50: 0 | M50: ='B-JCI2 LH'!$D$295 -> 0.294 | N50: 0 | O50: 2 | Q50: 0 | R50: =IF(F50=0,0,ROUND(I50/F50,0)) -> 545 | S50: 14 | T50: 0.77 | U50: =E50*7-N50 -> 35 | V50: =ROUND(((S50*T50*U50)/M50),0) -> 1283 | W50: =S50 -> 14 | X50: 0.77 | Y50: =U50 -> 35 | Z50: =ROUND(((W50*X50*Y50)/M50),0) -> 1283 | AA50: 0 | AB50: 0 | AC50: =E50*7-N50 -> 35 | AD50: =ROUND(((AA50*AB50*AC50)/M50),0) -> 0 | AE50: =S50+W50+AA50 -> 28 | AF50: =ROUND( ((SUM(I49:I50)*1)/SUM(Q49:Q50)*100),1) -> #DIV/0! | AG50: =K50*M50 -> 754.404 | AH50: =S50*U50+W50*Y50+AA50*AC50 -> 980 | AI50: =IF(AH50=0,0,AG50/AH50) -> 0.7698
B51: Feb | C51: 46426 | D51: 6 | E51: 6 | F51: 5 | G51: =(G50+H50-I50+K46) -> 14449 | H51: 0 | I51: ='B-JCI2 LH'!AQ263 -> 3286 | J51: =IF(I51=0,"N/S",ROUND( ( ((G51) * 1)/I51)*F51,1)) -> 22 | K51: =V51+Z51+AD51 -> 3080 | L51: 0 | M51: ='B-JCI2 LH'!$D$295 -> 0.294 | N51: 0 | O51: 2 | Q51: 0 | R51: =IF(F51=0,0,ROUND(I51/F51,0)) -> 657 | S51: 14 | T51: 0.77 | U51: =E51*7-N51 -> 42 | V51: =ROUND(((S51*T51*U51)/M51),0) -> 1540 | W51: =S51 -> 14 | X51: 0.77 | Y51: =U51 -> 42 | Z51: =ROUND(((W51*X51*Y51)/M51),0) -> 1540 | AA51: 0 | AB51: 0 | AC51: =E51*7-N51 -> 42 | AD51: =ROUND(((AA51*AB51*AC51)/M51),0) -> 0 | AE51: =S51+W51+AA51 -> 28 | AF51: =ROUND( ((SUM(I50:I51)*1)/SUM(Q50:Q51)*100),1) -> #DIV/0! | AG51: =K51*M51 -> 905.52 | AH51: =S51*U51+W51*Y51+AA51*AC51 -> 1176 | AI51: =IF(AH51=0,0,AG51/AH51) -> 0.77
B52: Feb | C52: 46433 | D52: 7 | E52: 5 | F52: 5 | G52: =(G51+H51-I51+K47) -> 13217 | H52: 0 | I52: ='B-JCI2 LH'!AR263 -> 3286 | J52: =IF(I52=0,"N/S",ROUND( ( ((G52) * 1)/I52)*F52,1)) -> 20.1 | K52: =V52+Z52+AD52 -> 1284 | L52: 0 | M52: ='B-JCI2 LH'!$D$295 -> 0.294 | N52: 0 | O52: 2 | Q52: 0 | R52: =IF(F52=0,0,ROUND(I52/F52,0)) -> 657 | S52: 14 | T52: 0.77 | U52: =E52*3.5-N52 -> 17.5 | V52: =ROUND(((S52*T52*U52)/M52),0) -> 642 | W52: =S52 -> 14 | X52: 0.77 | Y52: =U52 -> 17.5 | Z52: =ROUND(((W52*X52*Y52)/M52),0) -> 642 | AA52: 0 | AB52: 0 | AC52: =E52*7-N52 -> 35 | AD52: =ROUND(((AA52*AB52*AC52)/M52),0) -> 0 | AE52: =S52+W52+AA52 -> 28 | AF52: =ROUND( ((SUM(I51:I52)*1)/SUM(Q51:Q52)*100),1) -> #DIV/0! | AG52: =K52*M52 -> 377.496 | AH52: =S52*U52+W52*Y52+AA52*AC52 -> 490 | AI52: =IF(AH52=0,0,AG52/AH52) -> 0.7704
B53: Feb | C53: 46440 | D53: 8 | E53: 6 | F53: 4 | G53: =(G52+H52-I52+K48) -> 13011 | H53: 0 | I53: ='B-JCI2 LH'!AS263 -> 2631 | J53: =IF(I53=0,"N/S",ROUND( ( ((G53) * 1)/I53)*F53,1)) -> 19.8 | K53: =V53+Z53+AD53 -> 1540 | L53: 0 | M53: ='B-JCI2 LH'!$D$295 -> 0.294 | N53: 0 | O53: 2 | Q53: 0 | R53: =IF(F53=0,0,ROUND(I53/F53,0)) -> 658 | S53: 14 | T53: 0.77 | U53: =E53*3.5-N53 -> 21 | V53: =ROUND(((S53*T53*U53)/M53),0) -> 770 | W53: =S53 -> 14 | X53: 0.77 | Y53: =U53 -> 21 | Z53: =ROUND(((W53*X53*Y53)/M53),0) -> 770 | AA53: 0 | AB53: 0 | AC53: =E53*7-N53 -> 42 | AD53: =ROUND(((AA53*AB53*AC53)/M53),0) -> 0 | AE53: =S53+W53+AA53 -> 28 | AF53: =ROUND( ((SUM(I52:I53)*1)/SUM(Q52:Q53)*100),1) -> #DIV/0! | AG53: =K53*M53 -> 452.76 | AH53: =S53*U53+W53*Y53+AA53*AC53 -> 588 | AI53: =IF(AH53=0,0,AG53/AH53) -> 0.77
B54: Mar | C54: 46447 | D54: 9 | E54: 6 | F54: 5 | G54: =(G53+H53-I53+K49) -> 13460 | H54: 0 | I54: ='B-JCI2 LH'!AT263 -> 3286 | J54: =IF(I54=0,"N/S",ROUND( ( ((G54) * 1)/I54)*F54,1)) -> 20.5 | K54: =V54+Z54+AD54 -> 1540 | L54: 0 | M54: ='B-JCI2 LH'!$D$295 -> 0.294 | N54: 0 | O54: 3 | Q54: 0 | R54: =IF(F54=0,0,ROUND(I54/F54,0)) -> 657 | S54: 14 | T54: 0.77 | U54: =E54*3.5-N54 -> 21 | V54: =ROUND(((S54*T54*U54)/M54),0) -> 770 | W54: =S54 -> 14 | X54: 0.77 | Y54: =U54 -> 21 | Z54: =ROUND(((W54*X54*Y54)/M54),0) -> 770 | AA54: 0 | AB54: 0 | AC54: =E54*7-N54 -> 42 | AD54: =ROUND(((AA54*AB54*AC54)/M54),0) -> 0 | AE54: =S54+W54+AA54 -> 28 | AF54: =ROUND( ((SUM(I53:I54)*1)/SUM(Q53:Q54)*100),1) -> #DIV/0! | AG54: =K54*M54 -> 452.76 | AH54: =S54*U54+W54*Y54+AA54*AC54 -> 588 | AI54: =IF(AH54=0,0,AG54/AH54) -> 0.77
B55: Mar | C55: 46454 | D55: 10 | E55: 6 | F55: 5 | G55: =(G54+H54-I54+K50) -> 12740 | H55: 0 | I55: ='B-JCI2 LH'!AU263 -> 3120 | J55: =IF(I55=0,"N/S",ROUND( ( ((G55) * 1)/I55)*F55,1)) -> 20.4 | K55: =V55+Z55+AD55 -> 1540 | L55: 0 | M55: ='B-JCI2 LH'!$D$295 -> 0.294 | N55: 0 | O55: 3 | Q55: 0 | R55: =IF(F55=0,0,ROUND(I55/F55,0)) -> 624 | S55: 14 | T55: 0.77 | U55: =E55*3.5-N55 -> 21 | V55: =ROUND(((S55*T55*U55)/M55),0) -> 770 | W55: =S55 -> 14 | X55: 0.77 | Y55: =U55 -> 21 | Z55: =ROUND(((W55*X55*Y55)/M55),0) -> 770 | AA55: 0 | AB55: 0 | AC55: =E55*7-N55 -> 42 | AD55: =ROUND(((AA55*AB55*AC55)/M55),0) -> 0 | AE55: =S55+W55+AA55 -> 28 | AF55: =ROUND( ((SUM(I54:I55)*1)/SUM(Q54:Q55)*100),1) -> #DIV/0! | AG55: =K55*M55 -> 452.76 | AH55: =S55*U55+W55*Y55+AA55*AC55 -> 588 | AI55: =IF(AH55=0,0,AG55/AH55) -> 0.77
B56: Mar | C56: 46461 | D56: 11 | E56: 3 | F56: 5 | G56: =(G55+H55-I55+K51) -> 12700 | H56: 0 | I56: ='B-JCI2 LH'!AV263 -> 3120 | J56: =IF(I56=0,"N/S",ROUND( ( ((G56) * 1)/I56)*F56,1)) -> 20.4 | K56: =V56+Z56+AD56 -> 770 | L56: 0 | M56: ='B-JCI2 LH'!$D$295 -> 0.294 | N56: 0 | O56: 3 | Q56: 0 | R56: =IF(F56=0,0,ROUND(I56/F56,0)) -> 624 | S56: 14 | T56: 0.77 | U56: =E56*3.5-N56 -> 10.5 | V56: =ROUND(((S56*T56*U56)/M56),0) -> 385 | W56: =S56 -> 14 | X56: 0.77 | Y56: =U56 -> 10.5 | Z56: =ROUND(((W56*X56*Y56)/M56),0) -> 385 | AA56: 0 | AB56: 0 | AC56: =E56*7-N56 -> 21 | AD56: =ROUND(((AA56*AB56*AC56)/M56),0) -> 0 | AE56: =S56+W56+AA56 -> 28 | AF56: =ROUND( ((SUM(I55:I56)*1)/SUM(Q55:Q56)*100),1) -> #DIV/0! | AG56: =K56*M56 -> 226.38 | AH56: =S56*U56+W56*Y56+AA56*AC56 -> 294 | AI56: =IF(AH56=0,0,AG56/AH56) -> 0.77
B57: Mar | C57: 46468 | D57: 12 | E57: 4 | F57: 5 | G57: =(G56+H56-I56+K52) -> 10864 | H57: 0 | I57: ='B-JCI2 LH'!AW263 -> 3120 | J57: =IF(I57=0,"N/S",ROUND( ( ((G57) * 1)/I57)*F57,1)) -> 17.4 | K57: =V57+Z57+AD57 -> 2054 | L57: 0 | M57: ='B-JCI2 LH'!$D$295 -> 0.294 | N57: 0 | O57: 3 | Q57: 0 | R57: =IF(F57=0,0,ROUND(I57/F57,0)) -> 624 | S57: 14 | T57: 0.77 | U57: =E57*7-N57 -> 28 | V57: =ROUND(((S57*T57*U57)/M57),0) -> 1027 | W57: =S57 -> 14 | X57: 0.77 | Y57: =U57 -> 28 | Z57: =ROUND(((W57*X57*Y57)/M57),0) -> 1027 | AA57: 0 | AB57: 0 | AC57: =E57*7-N57 -> 28 | AD57: =ROUND(((AA57*AB57*AC57)/M57),0) -> 0 | AE57: =S57+W57+AA57 -> 28 | AF57: =ROUND( ((SUM(I56:I57)*1)/SUM(Q56:Q57)*100),1) -> #DIV/0! | AG57: =K57*M57 -> 603.876 | AH57: =S57*U57+W57*Y57+AA57*AC57 -> 784 | AI57: =IF(AH57=0,0,AG57/AH57) -> 0.77025
B58: Mar | C58: 46475 | D58: 13 | E58: 6 | F58: 5 | G58: =(G57+H57-I57+K53) -> 9284 | H58: 0 | I58: ='B-JCI2 LH'!AX263 -> 3120 | J58: =IF(I58=0,"N/S",ROUND( ( ((G58) * 1)/I58)*F58,1)) -> 14.9 | K58: =V58+Z58+AD58 -> 3080 | L58: 0 | M58: ='B-JCI2 LH'!$D$295 -> 0.294 | N58: 0 | O58: 3 | Q58: 0 | R58: =IF(F58=0,0,ROUND(I58/F58,0)) -> 624 | S58: 14 | T58: 0.77 | U58: =E58*7-N58 -> 42 | V58: =ROUND(((S58*T58*U58)/M58),0) -> 1540 | W58: =S58 -> 14 | X58: 0.77 | Y58: =U58 -> 42 | Z58: =ROUND(((W58*X58*Y58)/M58),0) -> 1540 | AA58: 0 | AB58: 0 | AC58: =E58*7-N58 -> 42 | AD58: =ROUND(((AA58*AB58*AC58)/M58),0) -> 0 | AE58: =S58+W58+AA58 -> 28 | AF58: =ROUND( ((SUM(I57:I58)*1)/SUM(Q57:Q58)*100),1) -> #DIV/0! | AG58: =K58*M58 -> 905.52 | AH58: =S58*U58+W58*Y58+AA58*AC58 -> 1176 | AI58: =IF(AH58=0,0,AG58/AH58) -> 0.77
B59: Apr | C59: 46482 | D59: 14 | E59: 4 | F59: 4 | G59: =(G58+H58-I58+K54) -> 7704 | H59: 0 | I59: ='B-JCI2 LH'!AY263 -> 2495 | J59: =IF(I59=0,"N/S",ROUND( ( ((G59) * 1)/I59)*F59,1)) -> 12.4 | K59: =V59+Z59+AD59 -> 2054 | L59: 0 | M59: ='B-JCI2 LH'!$D$295 -> 0.294 | N59: 0 | O59: 4 | Q59: 0 | R59: =IF(F59=0,0,ROUND(I59/F59,0)) -> 624 | S59: 14 | T59: 0.77 | U59: =E59*7-N59 -> 28 | V59: =ROUND(((S59*T59*U59)/M59),0) -> 1027 | W59: =S59 -> 14 | X59: 0.77 | Y59: =U59 -> 28 | Z59: =ROUND(((W59*X59*Y59)/M59),0) -> 1027 | AA59: 0 | AB59: 0 | AC59: =E59*7-N59 -> 28 | AD59: =ROUND(((AA59*AB59*AC59)/M59),0) -> 0 | AE59: =S59+W59+AA59 -> 28 | AF59: =ROUND( ((SUM(I58:I59)*1)/SUM(Q58:Q59)*100),1) -> #DIV/0! | AG59: =K59*M59 -> 603.876 | AH59: =S59*U59+W59*Y59+AA59*AC59 -> 784 | AI59: =IF(AH59=0,0,AG59/AH59) -> 0.77025
B60: Apr | C60: 46489 | D60: 15 | E60: 6 | F60: 5 | G60: =(G59+H59-I59+K55) -> 6749 | H60: 0 | I60: ='B-JCI2 LH'!AZ263 -> 2224 | J60: =IF(I60=0,"N/S",ROUND( ( ((G60) * 1)/I60)*F60,1)) -> 15.2 | K60: =V60+Z60+AD60 -> 3080 | L60: 0 | M60: ='B-JCI2 LH'!$D$295 -> 0.294 | N60: 0 | O60: 4 | Q60: 0 | R60: =IF(F60=0,0,ROUND(I60/F60,0)) -> 445 | S60: 14 | T60: 0.77 | U60: =E60*7-N60 -> 42 | V60: =ROUND(((S60*T60*U60)/M60),0) -> 1540 | W60: =S60 -> 14 | X60: 0.77 | Y60: =U60 -> 42 | Z60: =ROUND(((W60*X60*Y60)/M60),0) -> 1540 | AA60: 0 | AB60: 0 | AC60: =E60*7-N60 -> 42 | AD60: =ROUND(((AA60*AB60*AC60)/M60),0) -> 0 | AE60: =S60+W60+AA60 -> 28 | AF60: =ROUND( ((SUM(I59:I60)*1)/SUM(Q59:Q60)*100),1) -> #DIV/0! | AG60: =K60*M60 -> 905.52 | AH60: =S60*U60+W60*Y60+AA60*AC60 -> 1176 | AI60: =IF(AH60=0,0,AG60/AH60) -> 0.77
B61: Apr | C61: 46496 | D61: 16 | E61: 6 | F61: 5 | G61: =(G60+H60-I60+K56) -> 5295 | H61: 0 | I61: ='B-JCI2 LH'!BA263 -> 2224 | J61: =IF(I61=0,"N/S",ROUND( ( ((G61) * 1)/I61)*F61,1)) -> 11.9 | K61: =V61+Z61+AD61 -> 3080 | L61: 0 | M61: ='B-JCI2 LH'!$D$295 -> 0.294 | N61: 0 | O61: 4 | Q61: 0 | R61: =IF(F61=0,0,ROUND(I61/F61,0)) -> 445 | S61: 14 | T61: 0.77 | U61: =E61*7-N61 -> 42 | V61: =ROUND(((S61*T61*U61)/M61),0) -> 1540 | W61: =S61 -> 14 | X61: 0.77 | Y61: =U61 -> 42 | Z61: =ROUND(((W61*X61*Y61)/M61),0) -> 1540 | AA61: 0 | AB61: 0 | AC61: =E61*7-N61 -> 42 | AD61: =ROUND(((AA61*AB61*AC61)/M61),0) -> 0 | AE61: =S61+W61+AA61 -> 28 | AF61: =ROUND( ((SUM(I60:I61)*1)/SUM(Q60:Q61)*100),1) -> #DIV/0! | AG61: =K61*M61 -> 905.52 | AH61: =S61*U61+W61*Y61+AA61*AC61 -> 1176 | AI61: =IF(AH61=0,0,AG61/AH61) -> 0.77
B62: Apr | C62: 46503 | D62: 17 | E62: 3 | F62: 5 | G62: =(G61+H61-I61+K57) -> 5125 | H62: 0 | I62: ='B-JCI2 LH'!BB263 -> 2224 | J62: =IF(I62=0,"N/S",ROUND( ( ((G62) * 1)/I62)*F62,1)) -> 11.5 | K62: =V62+Z62+AD62 -> 1540 | L62: 0 | M62: ='B-JCI2 LH'!$D$295 -> 0.294 | N62: 0 | O62: 4 | Q62: 0 | R62: =IF(F62=0,0,ROUND(I62/F62,0)) -> 445 | S62: 14 | T62: 0.77 | U62: =E62*7-N62 -> 21 | V62: =ROUND(((S62*T62*U62)/M62),0) -> 770 | W62: =S62 -> 14 | X62: 0.77 | Y62: =U62 -> 21 | Z62: =ROUND(((W62*X62*Y62)/M62),0) -> 770 | AA62: 0 | AB62: 0 | AC62: =E62*7-N62 -> 21 | AD62: =ROUND(((AA62*AB62*AC62)/M62),0) -> 0 | AE62: =S62+W62+AA62 -> 28 | AF62: =ROUND( ((SUM(I61:I62)*1)/SUM(Q61:Q62)*100),1) -> #DIV/0! | AG62: =K62*M62 -> 452.76 | AH62: =S62*U62+W62*Y62+AA62*AC62 -> 588 | AI62: =IF(AH62=0,0,AG62/AH62) -> 0.77
B63: May | C63: 46510 | D63: 18 | E63: 6 | F63: 4 | G63: =(G62+H62-I62+K58) -> 5981 | H63: 0 | I63: ='B-JCI2 LH'!BC263 -> 2495 | J63: =IF(I63=0,"N/S",ROUND( ( ((G63) * 1)/I63)*F63,1)) -> 9.6 | K63: =V63+Z63+AD63 -> 3080 | L63: 0 | M63: ='B-JCI2 LH'!$D$295 -> 0.294 | N63: 0 | O63: 5 | Q63: 0 | R63: =IF(F63=0,0,ROUND(I63/F63,0)) -> 624 | S63: 14 | T63: 0.77 | U63: =E63*7-N63 -> 42 | V63: =ROUND(((S63*T63*U63)/M63),0) -> 1540 | W63: =S63 -> 14 | X63: 0.77 | Y63: =U63 -> 42 | Z63: =ROUND(((W63*X63*Y63)/M63),0) -> 1540 | AA63: 0 | AB63: 0 | AC63: =E63*7-N63 -> 42 | AD63: =ROUND(((AA63*AB63*AC63)/M63),0) -> 0 | AE63: =S63+W63+AA63 -> 28 | AF63: =ROUND( ((SUM(I62:I63)*1)/SUM(Q62:Q63)*100),1) -> #DIV/0! | AG63: =K63*M63 -> 905.52 | AH63: =S63*U63+W63*Y63+AA63*AC63 -> 1176 | AI63: =IF(AH63=0,0,AG63/AH63) -> 0.77
B64: May | C64: 46517 | D64: 19 | E64: 3 | F64: 5 | G64: =(G63+H63-I63+K59) -> 5540 | H64: 0 | I64: ='B-JCI2 LH'!BD263 -> 2495 | J64: =IF(I64=0,"N/S",ROUND( ( ((G64) * 1)/I64)*F64,1)) -> 11.1 | K64: =V64+Z64+AD64 -> 1540 | L64: 0 | M64: ='B-JCI2 LH'!$D$295 -> 0.294 | N64: 0 | O64: 5 | Q64: 0 | R64: =IF(F64=0,0,ROUND(I64/F64,0)) -> 499 | S64: 14 | T64: 0.77 | U64: =E64*7-N64 -> 21 | V64: =ROUND(((S64*T64*U64)/M64),0) -> 770 | W64: =S64 -> 14 | X64: 0.77 | Y64: =U64 -> 21 | Z64: =ROUND(((W64*X64*Y64)/M64),0) -> 770 | AA64: 0 | AB64: 0 | AC64: =E64*7-N64 -> 21 | AD64: =ROUND(((AA64*AB64*AC64)/M64),0) -> 0 | AE64: =S64+W64+AA64 -> 28 | AF64: =ROUND( ((SUM(I63:I64)*1)/SUM(Q63:Q64)*100),1) -> #DIV/0! | AG64: =K64*M64 -> 452.76 | AH64: =S64*U64+W64*Y64+AA64*AC64 -> 588 | AI64: =IF(AH64=0,0,AG64/AH64) -> 0.77
B65: May | C65: 46524 | D65: 20 | E65: 6 | F65: 3 | G65: =(G64+H64-I64+K60) -> 6125 | H65: 0 | I65: ='B-JCI2 LH'!BE263 -> 2495 | J65: =IF(I65=0,"N/S",ROUND( ( ((G65) * 1)/I65)*F65,1)) -> 7.4 | K65: =V65+Z65+AD65 -> 3080 | L65: 0 | M65: ='B-JCI2 LH'!$D$295 -> 0.294 | N65: 0 | O65: 5 | Q65: 0 | R65: =IF(F65=0,0,ROUND(I65/F65,0)) -> 832 | S65: 14 | T65: 0.77 | U65: =E65*7-N65 -> 42 | V65: =ROUND(((S65*T65*U65)/M65),0) -> 1540 | W65: 14 | X65: 0.77 | Y65: =U65 -> 42 | Z65: =ROUND(((W65*X65*Y65)/M65),0) -> 1540 | AA65: 0 | AB65: 0 | AC65: =E65*7-N65 -> 42 | AD65: =ROUND(((AA65*AB65*AC65)/M65),0) -> 0 | AE65: =S65+W65+AA65 -> 28 | AF65: =ROUND( ((SUM(I64:I65)*1)/SUM(Q64:Q65)*100),1) -> #DIV/0! | AG65: =K65*M65 -> 905.52 | AH65: =S65*U65+W65*Y65+AA65*AC65 -> 1176 | AI65: =IF(AH65=0,0,AG65/AH65) -> 0.77
B66: May | C66: 46531 | D66: 21 | E66: 6 | F66: 5 | G66: =(G65+H65-I65+K61) -> 6710 | H66: 0 | I66: ='B-JCI2 LH'!BF263 -> 2495 | J66: =IF(I66=0,"N/S",ROUND( ( ((G66) * 1)/I66)*F66,1)) -> 13.4 | K66: =V66+Z66+AD66 -> 3080 | L66: 0 | M66: ='B-JCI2 LH'!$D$295 -> 0.294 | N66: 0 | O66: 5 | Q66: 0 | R66: =IF(F66=0,0,ROUND(I66/F66,0)) -> 499 | S66: 14 | T66: 0.77 | U66: =E66*7-N66 -> 42 | V66: =ROUND(((S66*T66*U66)/M66),0) -> 1540 | W66: 14 | X66: 0.77 | Y66: =U66 -> 42 | Z66: =ROUND(((W66*X66*Y66)/M66),0) -> 1540 | AA66: 0 | AB66: 0 | AC66: =E66*7-N66 -> 42 | AD66: =ROUND(((AA66*AB66*AC66)/M66),0) -> 0 | AE66: =S66+W66+AA66 -> 28 | AF66: =ROUND( ((SUM(I65:I66)*1)/SUM(Q65:Q66)*100),1) -> #DIV/0! | AG66: =K66*M66 -> 905.52 | AH66: =S66*U66+W66*Y66+AA66*AC66 -> 1176 | AI66: =IF(AH66=0,0,AG66/AH66) -> 0.77
B67: May | C67: 46538 | D67: 22 | E67: 6 | F67: 4 | G67: =(G66+H66-I66+K62) -> 5755 | H67: 0 | I67: ='B-JCI2 LH'!BG263 -> 2495 | J67: =IF(I67=0,"N/S",ROUND( ( ((G67) * 1)/I67)*F67,1)) -> 9.2 | K67: =V67+Z67+AD67 -> 3080 | L67: 0 | M67: ='B-JCI2 LH'!$D$295 -> 0.294 | N67: 0 | O67: 5 | Q67: 0 | R67: =IF(F67=0,0,ROUND(I67/F67,0)) -> 624 | S67: 14 | T67: 0.77 | U67: =E67*7-N67 -> 42 | V67: =ROUND(((S67*T67*U67)/M67),0) -> 1540 | W67: 14 | X67: 0.77 | Y67: =U67 -> 42 | Z67: =ROUND(((W67*X67*Y67)/M67),0) -> 1540 | AA67: 0 | AB67: 0 | AC67: =E67*7-N67 -> 42 | AD67: =ROUND(((AA67*AB67*AC67)/M67),0) -> 0 | AE67: =S67+W67+AA67 -> 28 | AF67: =ROUND( ((SUM(I66:I67)*1)/SUM(Q66:Q67)*100),1) -> #DIV/0! | AG67: =K67*M67 -> 905.52 | AH67: =S67*U67+W67*Y67+AA67*AC67 -> 1176 | AI67: =IF(AH67=0,0,AG67/AH67) -> 0.77
B68: Jun | C68: 46545 | D68: 23 | E68: 6 | F68: 5 | G68: =(G67+H67-I67+K63) -> 6340 | H68: 0 | I68: ='B-JCI2 LH'!BH263 -> 2495 | J68: =IF(I68=0,"N/S",ROUND( ( ((G68) * 1)/I68)*F68,1)) -> 12.7 | K68: =V68+Z68+AD68 -> 3080 | L68: 0 | M68: ='B-JCI2 LH'!$D$295 -> 0.294 | N68: 0 | O68: 6 | Q68: 0 | R68: =IF(F68=0,0,ROUND(I68/F68,0)) -> 499 | S68: 14 | T68: 0.77 | U68: =E68*7-N68 -> 42 | V68: =ROUND(((S68*T68*U68)/M68),0) -> 1540 | W68: 14 | X68: 0.77 | Y68: =U68 -> 42 | Z68: =ROUND(((W68*X68*Y68)/M68),0) -> 1540 | AA68: 0 | AB68: 0 | AC68: =E68*7-N68 -> 42 | AD68: =ROUND(((AA68*AB68*AC68)/M68),0) -> 0 | AE68: =S68+W68+AA68 -> 28 | AF68: =ROUND( ((SUM(I67:I68)*1)/SUM(Q67:Q68)*100),1) -> #DIV/0! | AG68: =K68*M68 -> 905.52 | AH68: =S68*U68+W68*Y68+AA68*AC68 -> 1176 | AI68: =IF(AH68=0,0,AG68/AH68) -> 0.77
B69: Jun | C69: 46552 | D69: 24 | E69: 5 | F69: 5 | G69: =(G68+H68-I68+K64) -> 5385 | H69: 0 | I69: ='B-JCI2 LH'!BI263 -> 2495 | J69: =IF(I69=0,"N/S",ROUND( ( ((G69) * 1)/I69)*F69,1)) -> 10.8 | K69: =V69+Z69+AD69 -> 2566 | L69: 0 | M69: ='B-JCI2 LH'!$D$295 -> 0.294 | N69: 0 | O69: 6 | Q69: 0 | R69: =IF(F69=0,0,ROUND(I69/F69,0)) -> 499 | S69: 14 | T69: 0.77 | U69: =E69*7-N69 -> 35 | V69: =ROUND(((S69*T69*U69)/M69),0) -> 1283 | W69: 14 | X69: 0.77 | Y69: =U69 -> 35 | Z69: =ROUND(((W69*X69*Y69)/M69),0) -> 1283 | AA69: 0 | AB69: 0 | AC69: =E69*7-N69 -> 35 | AD69: =ROUND(((AA69*AB69*AC69)/M69),0) -> 0 | AE69: =S69+W69+AA69 -> 28 | AF69: =ROUND( ((SUM(I68:I69)*1)/SUM(Q68:Q69)*100),1) -> #DIV/0! | AG69: =K69*M69 -> 754.404 | AH69: =S69*U69+W69*Y69+AA69*AC69 -> 980 | AI69: =IF(AH69=0,0,AG69/AH69) -> 0.7698
B70: Jun | C70: 46559 | D70: 25 | E70: 6 | F70: 5 | G70: =(G69+H69-I69+K65) -> 5970 | H70: 0 | I70: ='B-JCI2 LH'!BJ263 -> 2495 | J70: =IF(I70=0,"N/S",ROUND( ( ((G70) * 1)/I70)*F70,1)) -> 12 | K70: =V70+Z70+AD70 -> 3080 | L70: 0 | M70: ='B-JCI2 LH'!$D$295 -> 0.294 | N70: 0 | O70: 6 | Q70: 0 | R70: =IF(F70=0,0,ROUND(I70/F70,0)) -> 499 | S70: 14 | T70: 0.77 | U70: =E70*7-N70 -> 42 | V70: =ROUND(((S70*T70*U70)/M70),0) -> 1540 | W70: 14 | X70: 0.77 | Y70: =U70 -> 42 | Z70: =ROUND(((W70*X70*Y70)/M70),0) -> 1540 | AA70: 0 | AB70: 0 | AC70: =E70*7-N70 -> 42 | AD70: =ROUND(((AA70*AB70*AC70)/M70),0) -> 0 | AE70: =S70+W70+AA70 -> 28 | AF70: =ROUND( ((SUM(I69:I70)*1)/SUM(Q69:Q70)*100),1) -> #DIV/0! | AG70: =K70*M70 -> 905.52 | AH70: =S70*U70+W70*Y70+AA70*AC70 -> 1176 | AI70: =IF(AH70=0,0,AG70/AH70) -> 0.77
B71: Jun | C71: 46566 | D71: 26 | E71: 4 | F71: 5 | G71: =(G70+H70-I70+K66) -> 6555 | H71: 0 | I71: ='B-JCI2 LH'!BK263 -> 2495 | J71: =IF(I71=0,"N/S",ROUND( ( ((G71) * 1)/I71)*F71,1)) -> 13.1 | K71: =V71+Z71+AD71 -> 2054 | L71: 0 | M71: ='B-JCI2 LH'!$D$295 -> 0.294 | N71: 0 | O71: 6 | Q71: 0 | R71: =IF(F71=0,0,ROUND(I71/F71,0)) -> 499 | S71: 14 | T71: 0.77 | U71: =E71*7-N71 -> 28 | V71: =ROUND(((S71*T71*U71)/M71),0) -> 1027 | W71: 14 | X71: 0.77 | Y71: =U71 -> 28 | Z71: =ROUND(((W71*X71*Y71)/M71),0) -> 1027 | AA71: 0 | AB71: 0 | AC71: =E71*7-N71 -> 28 | AD71: =ROUND(((AA71*AB71*AC71)/M71),0) -> 0 | AE71: =S71+W71+AA71 -> 28 | AF71: =ROUND( ((SUM(I70:I71)*1)/SUM(Q70:Q71)*100),1) -> #DIV/0! | AG71: =K71*M71 -> 603.876 | AH71: =S71*U71+W71*Y71+AA71*AC71 -> 784 | AI71: =IF(AH71=0,0,AG71/AH71) -> 0.77025
B72: Jul | C72: 46573 | D72: 27 | E72: 1 | F72: 5 | G72: =(G71+H71-I71+K67) -> 7140 | H72: 0 | I72: ='B-JCI2 LH'!BL263 -> 2485 | J72: =IF(I72=0,"N/S",ROUND( ( ((G72) * 1)/I72)*F72,1)) -> 14.4 | K72: =V72+Z72+AD72 -> 257 | L72: 0 | M72: ='B-JCI2 LH'!$D$295 -> 0.294 | N72: 0 | O72: 7 | Q72: 0 | R72: =IF(F72=0,0,ROUND(I72/F72,0)) -> 497 | S72: 14 | T72: 0.77 | U72: =E72*7-N72 -> 7 | V72: =ROUND(((S72*T72*U72)/M72),0) -> 257 | W72: 0 | X72: 0.77 | Y72: =U72 -> 7 | Z72: =ROUND(((W72*X72*Y72)/M72),0) -> 0 | AA72: 0 | AB72: 0 | AC72: =E72*7-N72 -> 7 | AD72: =ROUND(((AA72*AB72*AC72)/M72),0) -> 0 | AE72: =S72+W72+AA72 -> 14 | AF72: =ROUND( ((SUM(I71:I72)*1)/SUM(Q71:Q72)*100),1) -> #DIV/0! | AG72: =K72*M72 -> 75.558 | AH72: =S72*U72+W72*Y72+AA72*AC72 -> 98 | AI72: =IF(AH72=0,0,AG72/AH72) -> 0.771
B73: Jul | C73: 46580 | D73: 28 | E73: 6 | F73: 5 | G73: =(G72+H72-I72+K68) -> 7735 | H73: 0 | I73: ='B-JCI2 LH'!BM263 -> 2485 | J73: =IF(I73=0,"N/S",ROUND( ( ((G73) * 1)/I73)*F73,1)) -> 15.6 | K73: =V73+Z73+AD73 -> 1540 | L73: 0 | M73: ='B-JCI2 LH'!$D$295 -> 0.294 | N73: 0 | O73: 7 | Q73: 0 | R73: =IF(F73=0,0,ROUND(I73/F73,0)) -> 497 | S73: 14 | T73: 0.77 | U73: =E73*7-N73 -> 42 | V73: =ROUND(((S73*T73*U73)/M73),0) -> 1540 | W73: 0 | X73: 0.77 | Y73: =U73 -> 42 | Z73: =ROUND(((W73*X73*Y73)/M73),0) -> 0 | AA73: 0 | AB73: 0 | AC73: =E73*7-N73 -> 42 | AD73: =ROUND(((AA73*AB73*AC73)/M73),0) -> 0 | AE73: =S73+W73+AA73 -> 14 | AF73: =ROUND( ((SUM(I72:I73)*1)/SUM(Q72:Q73)*100),1) -> #DIV/0! | AG73: =K73*M73 -> 452.76 | AH73: =S73*U73+W73*Y73+AA73*AC73 -> 588 | AI73: =IF(AH73=0,0,AG73/AH73) -> 0.77
B74: Jul | C74: 46587 | D74: 29 | E74: 6 | F74: 9 | G74: =(G73+H73-I73+K69) -> 7816 | H74: 0 | I74: ='B-JCI2 LH'!BN263 -> 4527 | J74: =IF(I74=0,"N/S",ROUND( ( ((G74) * 1)/I74)*F74,1)) -> 15.5 | K74: =V74+Z74+AD74 -> 1540 | L74: 0 | M74: ='B-JCI2 LH'!$D$295 -> 0.294 | N74: 0 | O74: 7 | Q74: 0 | R74: =IF(F74=0,0,ROUND(I74/F74,0)) -> 503 | S74: 14 | T74: 0.77 | U74: =E74*7-N74 -> 42 | V74: =ROUND(((S74*T74*U74)/M74),0) -> 1540 | W74: 0 | X74: 0.77 | Y74: =U74 -> 42 | Z74: =ROUND(((W74*X74*Y74)/M74),0) -> 0 | AA74: 0 | AB74: 0 | AC74: =E74*7-N74 -> 42 | AD74: =ROUND(((AA74*AB74*AC74)/M74),0) -> 0 | AE74: =S74+W74+AA74 -> 14 | AF74: =ROUND( ((SUM(I73:I74)*1)/SUM(Q73:Q74)*100),1) -> #DIV/0! | AG74: =K74*M74 -> 452.76 | AH74: =S74*U74+W74*Y74+AA74*AC74 -> 588 | AI74: =IF(AH74=0,0,AG74/AH74) -> 0.77
B75: Jul | C75: 46594 | D75: 30 | E75: 5 | F75: 0 | G75: =(G74+H74-I74+K70) -> 6369 | H75: 0 | I75: ='B-JCI2 LH'!BO263 -> 0 | J75: =IF(I75=0,"N/S",ROUND( ( ((G75) * 1)/I75)*F75,1)) -> N/S | K75: =V75+Z75+AD75 -> 1283 | L75: 0 | M75: ='B-JCI2 LH'!$D$295 -> 0.294 | N75: 0 | O75: 7 | Q75: 0 | R75: =IF(F75=0,0,ROUND(I75/F75,0)) -> 0 | S75: 14 | T75: 0.77 | U75: =E75*7-N75 -> 35 | V75: =ROUND(((S75*T75*U75)/M75),0) -> 1283 | W75: 0 | X75: 0.77 | Y75: =U75 -> 35 | Z75: =ROUND(((W75*X75*Y75)/M75),0) -> 0 | AA75: 0 | AB75: 0 | AC75: =E75*7-N75 -> 35 | AD75: =ROUND(((AA75*AB75*AC75)/M75),0) -> 0 | AE75: =S75+W75+AA75 -> 14 | AF75: =ROUND( ((SUM(I74:I75)*1)/SUM(Q74:Q75)*100),1) -> #DIV/0! | AG75: =K75*M75 -> 377.202 | AH75: =S75*U75+W75*Y75+AA75*AC75 -> 490 | AI75: =IF(AH75=0,0,AG75/AH75) -> 0.7698
B76: Aug | C76: 46601 | D76: 31 | E76: 6 | F76: 0 | G76: =(G75+H75-I75+K71) -> 8423 | H76: 0 | I76: ='B-JCI2 LH'!BP263 -> 0 | J76: =IF(I76=0,"N/S",ROUND( ( ((G76) * 1)/I76)*F76,1)) -> N/S | K76: =V76+Z76+AD76 -> 1540 | L76: 0 | M76: ='B-JCI2 LH'!$D$295 -> 0.294 | N76: 0 | O76: 8 | Q76: 0 | R76: =IF(F76=0,0,ROUND(I76/F76,0)) -> 0 | S76: 14 | T76: 0.77 | U76: =E76*7-N76 -> 42 | V76: =ROUND(((S76*T76*U76)/M76),0) -> 1540 | W76: 0 | X76: 0.77 | Y76: =U76 -> 42 | Z76: =ROUND(((W76*X76*Y76)/M76),0) -> 0 | AA76: 0 | AB76: 0 | AC76: =E76*7-N76 -> 42 | AD76: =ROUND(((AA76*AB76*AC76)/M76),0) -> 0 | AE76: =S76+W76+AA76 -> 14 | AF76: =ROUND( ((SUM(I75:I76)*1)/SUM(Q75:Q76)*100),1) -> #DIV/0! | AG76: =K76*M76 -> 452.76 | AH76: =S76*U76+W76*Y76+AA76*AC76 -> 588 | AI76: =IF(AH76=0,0,AG76/AH76) -> 0.77
B77: Aug | C77: 46608 | D77: 32 | E77: 0 | F77: 0 | G77: =(G76+H76-I76+K72) -> 8680 | H77: 0 | I77: ='B-JCI2 LH'!BQ263 -> 0 | J77: =IF(I77=0,"N/S",ROUND( ( ((G77) * 1)/I77)*F77,1)) -> N/S | K77: =V77+Z77+AD77 -> 0 | L77: 0 | M77: ='B-JCI2 LH'!$D$295 -> 0.294 | N77: 0 | O77: 8 | Q77: 0 | R77: =IF(F77=0,0,ROUND(I77/F77,0)) -> 0 | S77: 14 | T77: 0.77 | U77: =E77*7-N77 -> 0 | V77: =ROUND(((S77*T77*U77)/M77),0) -> 0 | W77: 0 | X77: 0.77 | Y77: =U77 -> 0 | Z77: =ROUND(((W77*X77*Y77)/M77),0) -> 0 | AA77: 0 | AB77: 0 | AC77: =E77*7-N77 -> 0 | AD77: =ROUND(((AA77*AB77*AC77)/M77),0) -> 0 | AE77: =S77+W77+AA77 -> 14 | AF77: =ROUND( ((SUM(I76:I77)*1)/SUM(Q76:Q77)*100),1) -> #DIV/0! | AG77: =K77*M77 -> 0 | AH77: =S77*U77+W77*Y77+AA77*AC77 -> 0 | AI77: =IF(AH77=0,0,AG77/AH77) -> 0
B78: Aug | C78: 46615 | D78: 33 | E78: 0 | F78: 0 | G78: =(G77+H77-I77+K73) -> 10220 | H78: 0 | I78: ='B-JCI2 LH'!BR263 -> 0 | J78: =IF(I78=0,"N/S",ROUND( ( ((G78) * 1)/I78)*F78,1)) -> N/S | K78: =V78+Z78+AD78 -> 0 | L78: 0 | M78: ='B-JCI2 LH'!$D$295 -> 0.294 | N78: 0 | O78: 8 | Q78: 0 | R78: =IF(F78=0,0,ROUND(I78/F78,0)) -> 0 | S78: 14 | T78: 0.77 | U78: =E78*7-N78 -> 0 | V78: =ROUND(((S78*T78*U78)/M78),0) -> 0 | W78: 0 | X78: 0.77 | Y78: =U78 -> 0 | Z78: =ROUND(((W78*X78*Y78)/M78),0) -> 0 | AA78: 0 | AB78: 0 | AC78: =E78*7-N78 -> 0 | AD78: =ROUND(((AA78*AB78*AC78)/M78),0) -> 0 | AE78: =S78+W78+AA78 -> 14 | AF78: =ROUND( ((SUM(I77:I78)*1)/SUM(Q77:Q78)*100),1) -> #DIV/0! | AG78: =K78*M78 -> 0 | AH78: =S78*U78+W78*Y78+AA78*AC78 -> 0 | AI78: =IF(AH78=0,0,AG78/AH78) -> 0
B79: Aug | C79: 46622 | D79: 34 | E79: 5 | F79: 5 | G79: =(G78+H78-I78+K74) -> 11760 | H79: 0 | I79: ='B-JCI2 LH'!BS263 -> 2052 | J79: =IF(I79=0,"N/S",ROUND( ( ((G79) * 1)/I79)*F79,1)) -> 28.7 | K79: =V79+Z79+AD79 -> 1283 | L79: 0 | M79: ='B-JCI2 LH'!$D$295 -> 0.294 | N79: 0 | O79: 8 | Q79: 0 | R79: =IF(F79=0,0,ROUND(I79/F79,0)) -> 410 | S79: 14 | T79: 0.77 | U79: =E79*7-N79 -> 35 | V79: =ROUND(((S79*T79*U79)/M79),0) -> 1283 | W79: 0 | X79: 0.77 | Y79: =U79 -> 35 | Z79: =ROUND(((W79*X79*Y79)/M79),0) -> 0 | AA79: 0 | AB79: 0 | AC79: =E79*7-N79 -> 35 | AD79: =ROUND(((AA79*AB79*AC79)/M79),0) -> 0 | AE79: =S79+W79+AA79 -> 14 | AF79: =ROUND( ((SUM(I78:I79)*1)/SUM(Q78:Q79)*100),1) -> #DIV/0! | AG79: =K79*M79 -> 377.202 | AH79: =S79*U79+W79*Y79+AA79*AC79 -> 490 | AI79: =IF(AH79=0,0,AG79/AH79) -> 0.7698
B80: Aug | C80: 46629 | D80: 35 | E80: 6 | F80: 5 | G80: =(G79+H79-I79+K75) -> 10991 | H80: 0 | I80: ='B-JCI2 LH'!BT263 -> 2052 | J80: =IF(I80=0,"N/S",ROUND( ( ((G80) * 1)/I80)*F80,1)) -> 26.8 | K80: =V80+Z80+AD80 -> 1540 | L80: 0 | M80: ='B-JCI2 LH'!$D$295 -> 0.294 | N80: 0 | O80: 8 | Q80: 0 | R80: =IF(F80=0,0,ROUND(I80/F80,0)) -> 410 | S80: 14 | T80: 0.77 | U80: =E80*7-N80 -> 42 | V80: =ROUND(((S80*T80*U80)/M80),0) -> 1540 | W80: 0 | X80: 0.77 | Y80: =U80 -> 42 | Z80: =ROUND(((W80*X80*Y80)/M80),0) -> 0 | AA80: 0 | AB80: 0 | AC80: =E80*7-N80 -> 42 | AD80: =ROUND(((AA80*AB80*AC80)/M80),0) -> 0 | AE80: =S80+W80+AA80 -> 14 | AF80: =ROUND( ((SUM(I79:I80)*1)/SUM(Q79:Q80)*100),1) -> #DIV/0! | AG80: =K80*M80 -> 452.76 | AH80: =S80*U80+W80*Y80+AA80*AC80 -> 588 | AI80: =IF(AH80=0,0,AG80/AH80) -> 0.77
B81: Sep | C81: 46636 | D81: 36 | E81: 6 | F81: 5 | G81: =(G80+H80-I80+K76) -> 10479 | H81: 0 | I81: ='B-JCI2 LH'!BU263 -> 2052 | J81: =IF(I81=0,"N/S",ROUND( ( ((G81) * 1)/I81)*F81,1)) -> 25.5 | K81: =V81+Z81+AD81 -> 1540 | L81: 0 | M81: ='B-JCI2 LH'!$D$295 -> 0.294 | N81: 0 | O81: 9 | Q81: 0 | R81: =IF(F81=0,0,ROUND(I81/F81,0)) -> 410 | S81: 14 | T81: 0.77 | U81: =E81*7-N81 -> 42 | V81: =ROUND(((S81*T81*U81)/M81),0) -> 1540 | W81: 0 | X81: 0.77 | Y81: =U81 -> 42 | Z81: =ROUND(((W81*X81*Y81)/M81),0) -> 0 | AA81: 0 | AB81: 0 | AC81: =E81*7-N81 -> 42 | AD81: =ROUND(((AA81*AB81*AC81)/M81),0) -> 0 | AE81: =S81+W81+AA81 -> 14 | AF81: =ROUND( ((SUM(I80:I81)*1)/SUM(Q80:Q81)*100),1) -> #DIV/0! | AG81: =K81*M81 -> 452.76 | AH81: =S81*U81+W81*Y81+AA81*AC81 -> 588 | AI81: =IF(AH81=0,0,AG81/AH81) -> 0.77
B82: Sep | C82: 46643 | D82: 37 | E82: 6 | F82: 5 | G82: =(G81+H81-I81+K77) -> 8427 | H82: 0 | I82: ='B-JCI2 LH'!BV263 -> 2052 | J82: =IF(I82=0,"N/S",ROUND( ( ((G82) * 1)/I82)*F82,1)) -> 20.5 | K82: =V82+Z82+AD82 -> 1540 | L82: 0 | M82: ='B-JCI2 LH'!$D$295 -> 0.294 | N82: 0 | O82: 9 | Q82: 0 | R82: =IF(F82=0,0,ROUND(I82/F82,0)) -> 410 | S82: 14 | T82: 0.77 | U82: =E82*7-N82 -> 42 | V82: =ROUND(((S82*T82*U82)/M82),0) -> 1540 | W82: 0 | X82: 0.77 | Y82: =U82 -> 42 | Z82: =ROUND(((W82*X82*Y82)/M82),0) -> 0 | AA82: 0 | AB82: 0 | AC82: =E82*7-N82 -> 42 | AD82: =ROUND(((AA82*AB82*AC82)/M82),0) -> 0 | AE82: =S82+W82+AA82 -> 14 | AF82: =ROUND( ((SUM(I81:I82)*1)/SUM(Q81:Q82)*100),1) -> #DIV/0! | AG82: =K82*M82 -> 452.76 | AH82: =S82*U82+W82*Y82+AA82*AC82 -> 588 | AI82: =IF(AH82=0,0,AG82/AH82) -> 0.77
B83: Sep | C83: 46650 | D83: 38 | E83: 6 | F83: 5 | G83: =(G82+H82-I82+K78) -> 6375 | H83: 0 | I83: ='B-JCI2 LH'!BW263 -> 2052 | J83: =IF(I83=0,"N/S",ROUND( ( ((G83) * 1)/I83)*F83,1)) -> 15.5 | K83: =V83+Z83+AD83 -> 1540 | L83: 0 | M83: ='B-JCI2 LH'!$D$295 -> 0.294 | N83: 0 | O83: 9 | Q83: 0 | R83: =IF(F83=0,0,ROUND(I83/F83,0)) -> 410 | S83: 14 | T83: 0.77 | U83: =E83*7-N83 -> 42 | V83: =ROUND(((S83*T83*U83)/M83),0) -> 1540 | W83: 0 | X83: 0.77 | Y83: =U83 -> 42 | Z83: =ROUND(((W83*X83*Y83)/M83),0) -> 0 | AA83: 0 | AB83: 0 | AC83: =E83*7-N83 -> 42 | AD83: =ROUND(((AA83*AB83*AC83)/M83),0) -> 0 | AE83: =S83+W83+AA83 -> 14 | AF83: =ROUND( ((SUM(I82:I83)*1)/SUM(Q82:Q83)*100),1) -> #DIV/0! | AG83: =K83*M83 -> 452.76 | AH83: =S83*U83+W83*Y83+AA83*AC83 -> 588 | AI83: =IF(AH83=0,0,AG83/AH83) -> 0.77
B84: Sep | C84: 46657 | D84: 39 | E84: 4 | F84: 5 | G84: =(G83+H83-I83+K79) -> 5606 | H84: 0 | I84: ='B-JCI2 LH'!BX263 -> 2052 | J84: =IF(I84=0,"N/S",ROUND( ( ((G84) * 1)/I84)*F84,1)) -> 13.7 | K84: =V84+Z84+AD84 -> 1027 | L84: 0 | M84: ='B-JCI2 LH'!$D$295 -> 0.294 | N84: 0 | O84: 9 | Q84: 0 | R84: =IF(F84=0,0,ROUND(I84/F84,0)) -> 410 | S84: 14 | T84: 0.77 | U84: =E84*7-N84 -> 28 | V84: =ROUND(((S84*T84*U84)/M84),0) -> 1027 | W84: 0 | X84: 0.77 | Y84: =U84 -> 28 | Z84: =ROUND(((W84*X84*Y84)/M84),0) -> 0 | AA84: 0 | AB84: 0 | AC84: =E84*7-N84 -> 28 | AD84: =ROUND(((AA84*AB84*AC84)/M84),0) -> 0 | AE84: =S84+W84+AA84 -> 14 | AF84: =ROUND( ((SUM(I83:I84)*1)/SUM(Q83:Q84)*100),1) -> #DIV/0! | AG84: =K84*M84 -> 301.938 | AH84: =S84*U84+W84*Y84+AA84*AC84 -> 392 | AI84: =IF(AH84=0,0,AG84/AH84) -> 0.77025
B85: Oct | C85: 46664 | D85: 40 | E85: 6 | F85: 5 | G85: =(G84+H84-I84+K80) -> 5094 | H85: 0 | I85: ='B-JCI2 LH'!BY263 -> 2052 | J85: =IF(I85=0,"N/S",ROUND( ( ((G85) * 1)/I85)*F85,1)) -> 12.4 | K85: =V85+Z85+AD85 -> 1540 | L85: 0 | M85: ='B-JCI2 LH'!$D$295 -> 0.294 | N85: 0 | O85: 10 | Q85: 0 | R85: =IF(F85=0,0,ROUND(I85/F85,0)) -> 410 | S85: 14 | T85: 0.77 | U85: =E85*7-N85 -> 42 | V85: =ROUND(((S85*T85*U85)/M85),0) -> 1540 | W85: 0 | X85: 0.77 | Y85: =U85 -> 42 | Z85: =ROUND(((W85*X85*Y85)/M85),0) -> 0 | AA85: 0 | AB85: 0 | AC85: =E85*7-N85 -> 42 | AD85: =ROUND(((AA85*AB85*AC85)/M85),0) -> 0 | AE85: =S85+W85+AA85 -> 14 | AF85: =ROUND( ((SUM(I84:I85)*1)/SUM(Q84:Q85)*100),1) -> #DIV/0! | AG85: =K85*M85 -> 452.76 | AH85: =S85*U85+W85*Y85+AA85*AC85 -> 588 | AI85: =IF(AH85=0,0,AG85/AH85) -> 0.77
B86: Oct | C86: 46671 | D86: 41 | E86: 5 | F86: 5 | G86: =(G85+H85-I85+K81) -> 4582 | H86: 0 | I86: ='B-JCI2 LH'!BZ263 -> 2052 | J86: =IF(I86=0,"N/S",ROUND( ( ((G86) * 1)/I86)*F86,1)) -> 11.2 | K86: =V86+Z86+AD86 -> 1283 | L86: 0 | M86: ='B-JCI2 LH'!$D$295 -> 0.294 | N86: 0 | O86: 10 | Q86: 0 | R86: =IF(F86=0,0,ROUND(I86/F86,0)) -> 410 | S86: 14 | T86: 0.77 | U86: =E86*7-N86 -> 35 | V86: =ROUND(((S86*T86*U86)/M86),0) -> 1283 | W86: 0 | X86: 0.77 | Y86: =U86 -> 35 | Z86: =ROUND(((W86*X86*Y86)/M86),0) -> 0 | AA86: 0 | AB86: 0 | AC86: =E86*7-N86 -> 35 | AD86: =ROUND(((AA86*AB86*AC86)/M86),0) -> 0 | AE86: =S86+W86+AA86 -> 14 | AF86: =ROUND( ((SUM(I85:I86)*1)/SUM(Q85:Q86)*100),1) -> #DIV/0! | AG86: =K86*M86 -> 377.202 | AH86: =S86*U86+W86*Y86+AA86*AC86 -> 490 | AI86: =IF(AH86=0,0,AG86/AH86) -> 0.7698
