Workbook

Sheet Adient Shortage report
A1: Prepared By: | B1: Mohamed Galal | D1: China | H1: 36 | I1: WK | J1: 2 | P1: =H1+1 -> 37 | Q1: WK | R1: =J1+1 -> 3 | X1: =P1+1 -> 38 | Y1: WK | Z1: =R1+1 -> 4 | AF1: =X1+1 -> 39 | AG1: WK | AH1: =Z1+1 -> 5 | AN1: =AF1+1 -> 40 | AO1: WK | AP1: =AH1+1 -> 6 | AW1: =AN1+1 -> 41 | AX1: WK | AY1: =AP1+1 -> 7 | BE1: =AW1+1 -> 42 | BF1: WK | BG1: =AY1+1 -> 8 | BO1: =BE1+1 -> 43 | BP1: WK | BQ1: =BG1+1 -> 9 | BZ1: =BO1+1 -> 44 | CA1: WK | CB1: =BQ1+1 -> 10 | CJ1: =BZ1+1 -> 45 | CK1: WK | CL1: =CB1+1 -> 11 | CS1: =CJ1+1 -> 46 | CT1: WK | CU1: =CL1+1 -> 12 | DC1: =CS1+1 -> 47 | DD1: WK | DE1: =CU1+1 -> 13 | DL1: =DC1+1 -> 48 | DM1: WK | DN1: =DE1+1 -> 14 | DT1: =DL1+1 -> 49 | DU1: WK | DV1: =DN1+1 -> 15 | ED1: =DT1+1 -> 50 | EE1: WK | EF1: =DV1+1 -> 16 | EM1: =ED1+1 -> 51 | EN1: WK | EO1: =EF1+1 -> 17 | EU1: =EM1+1 -> 52 | EV1: WK | EW1: =EO1+1 -> 18 | FC1: 1 | FD1: WK 0 | FE1: =EW1+1 -> 19 | FK1: =FC1+1 -> 2 | FL1: WK 0 | FM1: =FE1+1 -> 20 | FS1: =FK1+1 -> 3 | FT1: WK 0 | FU1: =FM1+1 -> 21 | GF1: =FS1+1 -> 4 | GG1: WK 0 | GH1: =FU1+1 -> 22 | GO1: =GF1+1 -> 5 | GP1: WK 0 | GQ1: =GH1+1 -> 23 | GX1: =GO1+1 -> 6 | GY1: WK 0 | GZ1: =GQ1+1 -> 24 | HG1: =GX1+1 -> 7 | HH1: WK 0 | HI1: =GZ1+1 -> 25 | HP1: =HG1+1 -> 8 | HQ1: WK 0 | HR1: =HI1+1 -> 26 | HY1: =HP1+1 -> 9 | HZ1: WK 0 | IA1: =HR1+1 -> 27 | IH1: =HY1+1 -> 10 | II1: WK | IJ1: =IA1+1 -> 28 | IP1: =IH1+1 -> 11 | IQ1: WK | IR1: =IJ1+1 -> 29 | IY1: =IP1+1 -> 12 | IZ1: WK | JA1: =IR1+1 -> 30 | JG1: =IY1+1 -> 13 | JH1: WK | JI1: =JA1+1 -> 31 | JP1: =JG1+1 -> 14 | JQ1: WK | JR1: =JI1+1 -> 32 | JX1: =JP1+1 -> 15 | JY1: WK | JZ1: =JR1+1 -> 33 | KF1: =JX1+1 -> 16 | KG1: WK | KH1: =JZ1+1 -> 34 | KO1: =KF1+1 -> 17 | KP1: WK | KQ1: =KH1+1 -> 35 | KX1: =KO1+1 -> 18 | KY1: WK | KZ1: =KQ1+1 -> 36 | LF1: =KX1+1 -> 19 | LG1: WK | LH1: =KZ1+1 -> 37 | LO1: =LF1+1 -> 20 | LP1: WK | LQ1: =LH1+1 -> 38 | LW1: =LO1+1 -> 21 | LX1: WK | LY1: =LQ1+1 -> 39 | ME1: =LW1+1 -> 22 | MF1: WK | MG1: =LY1+1 -> 40 | MM1: =ME1+1 -> 23 | MN1: WK | MO1: =MG1+1 -> 41 | MU1: =MM1+1 -> 24 | MV1: WK | MW1: =MO1+1 -> 42 | NC1: =MU1+1 -> 25 | ND1: WK | NE1: =MW1+1 -> 43 | NK1: =NC1+1 -> 26 | NL1: WK | NM1: =NE1+1 -> 44 | NS1: =NK1+1 -> 27 | NT1: WK | NU1: =NM1+1 -> 45 | OA1: =NS1+1 -> 28 | OB1: WK | OC1: =NU1+1 -> 46 | OI1: =OA1+1 -> 29 | OJ1: WK | OK1: =OC1+1 -> 47 | OQ1: =OI1+1 -> 30 | OR1: WK | OS1: =OK1+1 -> 48 | OY1: =OQ1+1 -> 31 | OZ1: WK | PA1: =OS1+1 -> 49 | PG1: =OY1+1 -> 32 | PH1: WK | PI1: =PA1+1 -> 50 | PO1: =PG1+1 -> 33 | PP1: WK | PQ1: =PI1+1 -> 51 | PW1: =PO1+1 -> 34 | PX1: WK | PY1: =PQ1+1 -> 52 | QE1: =PW1+1 -> 35 | QF1: WK | QG1: =PY1+1 -> 53 | QM1: =QE1+1 -> 36 | QN1: WK | QO1: =QG1+1 -> 54 | QU1: =QM1+1 -> 37 | QV1: WK | QW1: =QO1+1 -> 55 | RC1: =QU1+1 -> 38 | RD1: WK | RE1: =QW1+1 -> 56 | RK1: =RC1+1 -> 39 | RL1: WK | RM1: =RE1+1 -> 57 | RS1: =RK1+1 -> 40 | RT1: WK | RU1: =RM1+1 -> 58 | SA1: =RS1+1 -> 41 | SB1: WK | SC1: =RU1+1 -> 59 | SI1: =SA1+1 -> 42 | SJ1: WK | SK1: =SC1+1 -> 60 | SQ1: =SI1+1 -> 43 | SR1: WK | SS1: =SK1+1 -> 61 | SY1: =SQ1+1 -> 44 | SZ1: WK | TA1: =SS1+1 -> 62 | TG1: =SY1+1 -> 45 | TH1: WK | TI1: =TA1+1 -> 63 | TO1: =TG1+1 -> 46 | TP1: WK | TQ1: =TI1+1 -> 64 | TW1: =TO1+1 -> 47 | TX1: WK | TY1: =TQ1+1 -> 65 | UE1: =TW1+1 -> 48 | UF1: WK | UG1: =TY1+1 -> 66 | UM1: =UE1+1 -> 49 | UN1: WK | UO1: =UG1+1 -> 67 | UU1: =UM1+1 -> 50 | UV1: WK | UW1: =UO1+1 -> 68 | VC1: =UU1+1 -> 51 | VD1: WK | VE1: =UW1+1 -> 69 | VK1: =VC1+1 -> 52 | VL1: WK | VM1: =VE1+1 -> 70
A2: Updated by | B2: Mohamed Galal | D2: Malaezia | EV2: From 23-12
A3: T2 Shortage report-VOLVO | D3: China - Malaezia | AR3: Air Shipment | BI3: Air Shipment | BS3: Air Shipment | BU3: Air Shipment | CD3: Air Shipment | CE3: Air Shipment | CT3: Cust.Off | CW3: Air Shipment | EV3: Cust.Off | FD3: Cust.Off | FL3: Del WK 52 | JY3: Cust.Off | LJ3: Vessel Delay | MF3: Cust.Off
A4: Port Said | H4: 45901 | P4: 45901 | X4: 45901 | AF4: 45901 | AN4: 45931 | AW4: 45931 | BE4: 45931 | BO4: 45931 | BZ4: 45931 | CJ4: 45962 | CS4: 45962 | DC4: 45962 | DL4: 45992 | DT4: 45992 | ED4: 45992 | EM4: 45992 | EU4: 45992 | FC4: 46023 | FK4: 46023 | FS4: 46023 | GF4: 46023 | GO4: 46023 | GX4: 46054 | HG4: 46054 | HP4: 46054 | HY4: 46054 | IH4: 46082 | IP4: 46082 | IY4: 46082 | JG4: 46082 | JP4: 46113 | JX4: 46113 | KF4: 46113 | KO4: 46113 | KX4: 46143 | LF4: 46143 | LO4: 46143 | LW4: 46143 | ME4: 46143 | MM4: 46174 | MU4: 46174 | NC4: 46174 | NK4: 46174 | NS4: 46204 | OA4: 46204 | OI4: 46204 | OQ4: 46204 | OY4: 46204 | PG4: 46235 | PO4: 46235 | PW4: 46235 | QE4: 46235 | QM4: 46266 | QU4: 46266 | RC4: 46266 | RK4: 46266 | RS4: 46296 | SA4: 46296 | SI4: 46296 | SQ4: 46296 | SY4: 46296 | TG4: 46327 | TO4: 46327 | TW4: 46327 | UE4: 46327 | UM4: 46296 | UU4: 46296 | VC4: 46296 | VK4: 46296
A5: 46113 | B5: WK 17 | H5: =I1&H1 -> WK 36 | P5: =Q1&P1 -> WK 37 | X5: =Y1&X1 -> WK 38 | AF5: =AG1&AF1 -> WK 39 | AN5: =AO1&AN1 -> WK 40 | AW5: =AX1&AW1 -> WK 41 | BE5: =BF1&BE1 -> WK 42 | BO5: =BP1&BO1 -> WK 43 | BZ5: =CA1&BZ1 -> WK 44 | CJ5: =CK1&CJ1 -> WK 45 | CS5: =CT1&CS1 -> WK 46 | DC5: =DD1&DC1 -> WK 47 | DL5: =DM1&DL1 -> WK 48 | DT5: =DU1&DT1 -> WK 49 | ED5: =EE1&ED1 -> WK 50 | EM5: =EN1&EM1 -> WK 51 | EU5: =EV1&EU1 -> WK 52 | FC5: =FD1&FC1 -> WK 01 | FK5: =FL1&FK1 -> WK 02 | FS5: =FT1&FS1 -> WK 03 | GF5: =GG1&GF1 -> WK 04 | GO5: =GP1&GO1 -> WK 05 | GX5: =GY1&GX1 -> WK 06 | HG5: =HH1&HG1 -> WK 07 | HP5: =HQ1&HP1 -> WK 08 | HY5: =HZ1&HY1 -> WK 09 | IH5: =II1&IH1 -> WK 10 | IP5: =IQ1&IP1 -> WK 11 | IY5: =IZ1&IY1 -> WK 12 | JG5: =JH1&JG1 -> WK 13 | JP5: =JQ1&JP1 -> WK 14 | JX5: =JY1&JX1 -> WK 15 | KF5: =KG1&KF1 -> WK 16 | KO5: =KP1&KO1 -> WK 17 | KX5: =KY1&KX1 -> WK 18 | LF5: =LG1&LF1 -> WK 19 | LO5: =LP1&LO1 -> WK 20 | LW5: =LX1&LW1 -> WK 21 | ME5: =MF1&ME1 -> WK 22 | MM5: =MN1&MM1 -> WK 23 | MU5: =MV1&MU1 -> WK 24 | NC5: =ND1&NC1 -> WK 25 | NK5: =NL1&NK1 -> WK 26 | NS5: =NT1&NS1 -> WK 27 | OA5: =OB1&OA1 -> WK 28 | OI5: =OJ1&OI1 -> WK 29 | OQ5: =OR1&OQ1 -> WK 30 | OY5: =OZ1&OY1 -> WK 31 | PG5: =PH1&PG1 -> WK 32 | PO5: =PP1&PO1 -> WK 33 | PW5: =PX1&PW1 -> WK 34 | QE5: =QF1&QE1 -> WK 35 | QM5: =QN1&QM1 -> WK 36 | QU5: =QV1&QU1 -> WK 37 | RC5: =RD1&RC1 -> WK 38 | RK5: =RL1&RK1 -> WK 39 | RS5: =RT1&RS1 -> WK 40 | SA5: =SB1&SA1 -> WK 41 | SI5: =SJ1&SI1 -> WK 42 | SQ5: =SR1&SQ1 -> WK 43 | SY5: =SZ1&SY1 -> WK 44 | TG5: =TH1&TG1 -> WK 45 | TO5: =TP1&TO1 -> WK 46 | TW5: =TX1&TW1 -> WK 47 | UE5: =UF1&UE1 -> WK 48 | UM5: =UN1&UM1 -> WK 49 | UU5: =UV1&UU1 -> WK 50 | VC5: =VD1&VC1 -> WK 51 | VK5: =VL1&VK1 -> WK 52
A6: Project | B6: Facility | C6: Customer part | D6: Part NO. | E6: Pack Factor | F6: Pallet Factor | H6: Alba DC | I6: Belgium | J6: Malaezia | K6: China | L6: Delivery to | M6: STOCKS | N6: Alba DC | P6: Alba DC | Q6: Belgium | R6: Malaezia | S6: China | T6: Delivery to | U6: STOCKS | V6: Alba DC | X6: Alba DC | Y6: Belgium | Z6: Malaezia | AA6: China | AB6: Delivery to | AC6: STOCKS | AD6: Alba DC | AF6: Alba DC | AG6: Belgium | AH6: Malaezia | AI6: China | AJ6: Delivery to | AK6: STOCKS | AL6: Alba DC | AN6: Alba DC | AO6: Belgium | AP6: Malaezia | AQ6: China | AR6: IHB0019432 | AS6: Delivery to | AT6: STOCKS | AU6: Alba DC | AW6: Alba DC | AX6: Belgium | AY6: Malaezia | AZ6: China | BA6: Delivery to | BB6: STOCKS | BC6: Alba DC | BE6: Alba DC | BF6: Belgium | BG6: Malaezia | BH6: China | BI6: IHB0019521 | BJ6: IHB0019592 | BK6: Delivery to | BL6: STOCKS | BM6: Alba DC | BO6: Alba DC | BP6: Belgium | BQ6: Malaezia | BR6: China | BS6: IHB0019625 | BT6: IHB0019592 | BU6: IHB0019645 | BV6: Delivery to | BW6: STOCKS | BX6: Alba DC | BZ6: Alba DC | CA6: Belgium | CB6: Malaezia | CC6: China | CD6: IHB0019692 | CE6: IHB0019717 | CF6: Delivery to | CG6: STOCKS | CH6: Alba DC | CJ6: Alba DC | CK6: Belgium | CL6: Malaezia | CM6: China | CN6: IHB0019572 | CO6: Delivery to | CP6: STOCKS | CQ6: Alba DC | CS6: Alba DC | CT6: Belgium | CU6: Malaezia | CV6: China | CW6: IHB0019888 | CX6: IHB0019536 | CY6: Delivery to | CZ6: STOCKS | DA6: Alba DC | DC6: Alba DC | DD6: Belgium | DE6: Malaezia | DF6: China | DG6: IHB0019908 | DH6: Delivery to | DI6: STOCKS | DJ6: Alba DC | DL6: Alba DC | DM6: Belgium | DN6: Malaezia | DO6: China | DP6: Delivery to | DQ6: STOCKS | DR6: Alba DC | DT6: Alba DC | DU6: Belgium | DV6: Malaezia | DW6: China | DX6: IHB0020012 | DY6: IHB0020091 | DZ6: Delivery to | EA6: STOCKS | EB6: Alba DC | ED6: Alba DC | EE6: Belgium | EF6: Malaezia | EG6: China | EH6: IHB0020213 | EI6: Delivery to | EJ6: STOCKS | EK6: Alba DC | EM6: Alba DC | EN6: Belgium | EO6: Malaezia | EP6: China | EQ6: Delivery to | ER6: STOCKS | ES6: Alba DC | EU6: Alba DC | EV6: Belgium | EW6: Malaezia | EX6: China | EY6: Delivery to | EZ6: STOCKS | FA6: Alba DC | FC6: Alba DC | FD6: Belgium | FE6: Malaezia | FF6: China | FG6: Delivery to | FH6: STOCKS | FI6: Alba DC | FK6: Alba DC | FL6: Belgium | FM6: Malaezia | FN6: China | FO6: Delivery to | FP6: STOCKS | FQ6: Alba DC | FS6: Alba DC | FT6: Belgium | FU6: Malaezia | FV6: China | FW6: IHB0020285 | FX6: IHB0020466 | FY6: IHB0020368 | FZ6: IHB0020470 | GA6: IHB0020446 | GB6: Delivery to | GC6: STOCKS | GD6: Alba DC | GF6: Alba DC | GG6: Belgium | GH6: Malaezia | GI6: China | GJ6: IHB0020666 | GK6: Delivery to | GL6: STOCKS | GM6: Alba DC | GO6: Alba DC | GP6: Belgium | GQ6: Malaezia | GR6: China | GS6: IHB0020756 | GT6: Delivery to | GU6: STOCKS | GV6: Alba DC | GX6: Alba DC | GY6: Belgium | GZ6: Malaezia | HA6: China | HB6: IHB0020843 | HC6: Delivery to | HD6: STOCKS | HE6: Alba DC | HG6: Alba DC | HH6: Belgium | HI6: Malaezia | HJ6: China | HK6: IHB0020923 | HL6: Delivery to | HM6: STOCKS | HN6: Alba DC | HP6: Alba DC | HQ6: Belgium | HR6: Malaezia | HS6: China | HT6: IHB0021005 | HU6: Delivery to | HV6: STOCKS | HW6: Alba DC | HY6: Alba DC | HZ6: Belgium | IA6: Malaezia | IB6: China | IC6: IHB0021097 | ID6: Delivery to | IE6: STOCKS | IF6: Alba DC | IH6: Alba DC | II6: Belgium | IJ6: Malaezia | IK6: China | IL6: Delivery to | IM6: STOCKS | IN6: Alba DC | IP6: Alba DC | IQ6: Belgium | IR6: Malaezia | IS6: China | IT6: IHB0021174 | IU6: Delivery to | IV6: STOCKS | IW6: Alba DC | IY6: Alba DC | IZ6: Belgium | JA6: Malaezia | JB6: China | JC6: Delivery to | JD6: STOCKS | JE6: Alba DC | JG6: Alba DC | JH6: Belgium | JI6: Malaezia | JJ6: China | JK6: IHB0021293 | JL6: Delivery to | JM6: STOCKS | JN6: Alba DC | JP6: Alba DC | JQ6: Belgium | JR6: Malaezia | JS6: China | JT6: Delivery to | JU6: STOCKS | JV6: Alba DC | JX6: Alba DC | JY6: Belgium | JZ6: Malaezia | KA6: China | KB6: Delivery to | KC6: STOCKS | KD6: Alba DC | KF6: Alba DC | KG6: Belgium | KH6: Malaezia | KI6: China | KJ6: IHB0021448 | KK6: Delivery to | KL6: STOCKS | KM6: Alba DC | KO6: Alba DC | KP6: Belgium | KQ6: Malaezia | KR6: China | KS6: IHB0021691 | KT6: Delivery to | KU6: STOCKS | KV6: Alba DC | KX6: Alba DC | KY6: Belgium | KZ6: Malaezia | LA6: China | LB6: Delivery to | LC6: STOCKS | LD6: Alba DC | LF6: Alba DC | LG6: Belgium | LH6: Malaezia | LI6: China | LJ6: IHB0021559 | LK6: Delivery to | LL6: STOCKS | LM6: Alba DC | LO6: Alba DC | LP6: Belgium | LQ6: Malaezia | LR6: China | LS6: Delivery to | LT6: STOCKS | LU6: Alba DC | LW6: Alba DC | LX6: Belgium | LY6: Malaezia | LZ6: China | MA6: Delivery to | MB6: STOCKS | MC6: Alba DC | ME6: Alba DC | MF6: Belgium | MG6: Malaezia | MH6: China | MI6: Delivery to | MJ6: STOCKS | MK6: Alba DC | MM6: Alba DC | MN6: Belgium | MO6: Malaezia | MP6: China | MQ6: Delivery to | MR6: STOCKS | MS6: Alba DC | MU6: Alba DC | MV6: Belgium | MW6: Malaezia | MX6: China | MY6: Delivery to | MZ6: STOCKS | NA6: Alba DC | NC6: Alba DC | ND6: Belgium | NE6: Malaezia | NF6: China | NG6: Delivery to | NH6: STOCKS | NI6: Alba DC | NK6: Alba DC | NL6: Belgium | NM6: Malaezia | NN6: China | NO6: Delivery to | NP6: STOCKS | NQ6: Alba DC | NS6: Alba DC | NT6: Belgium | NU6: Malaezia | NV6: China | NW6: Delivery to | NX6: STOCKS | NY6: Alba DC | OA6: Alba DC | OB6: Belgium | OC6: Malaezia | OD6: China | OE6: Delivery to | OF6: STOCKS | OG6: Alba DC | OI6: Alba DC | OJ6: Belgium | OK6: Malaezia | OL6: China | OM6: Delivery to | ON6: STOCKS | OO6: Alba DC | OQ6: Alba DC | OR6: Belgium | OS6: Malaezia | OT6: China | OU6: Delivery to | OV6: STOCKS | OW6: Alba DC | OY6: Alba DC | OZ6: Belgium | PA6: Malaezia | PB6: China | PC6: Delivery to | PD6: STOCKS | PE6: Alba DC | PG6: Alba DC | PH6: Belgium | PI6: Malaezia | PJ6: China | PK6: Delivery to | PL6: STOCKS | PM6: Alba DC | PO6: Alba DC | PP6: Belgium | PQ6: Malaezia | PR6: China | PS6: Delivery to | PT6: STOCKS | PU6: Alba DC | PW6: Alba DC | PX6: Belgium | PY6: Malaezia | PZ6: China | QA6: Delivery to | QB6: STOCKS | QC6: Alba DC | QE6: Alba DC | QF6: Belgium | QG6: Malaezia | QH6: China | QI6: Delivery to | QJ6: STOCKS | QK6: Alba DC | QM6: Alba DC | QN6: Belgium | QO6: Malaezia | QP6: China | QQ6: Delivery to | QR6: STOCKS | QS6: Alba DC | QU6: Alba DC | QV6: Belgium | QW6: Malaezia | QX6: China | QY6: Delivery to | QZ6: STOCKS | RA6: Alba DC | RC6: Alba DC | RD6: Belgium | RE6: Malaezia | RF6: China | RG6: Delivery to | RH6: STOCKS | RI6: Alba DC | RK6: Alba DC | RL6: Belgium | RM6: Malaezia | RN6: China | RO6: Delivery to | RP6: STOCKS | RQ6: Alba DC | RS6: Alba DC | RT6: Belgium | RU6: Malaezia | RV6: China | RW6: Delivery to | RX6: STOCKS | RY6: Alba DC | SA6: Alba DC | SB6: Belgium | SC6: Malaezia | SD6: China | SE6: Delivery to | SF6: STOCKS | SG6: Alba DC | SI6: Alba DC | SJ6: Belgium | SK6: Malaezia | SL6: China | SM6: Delivery to | SN6: STOCKS | SO6: Alba DC | SQ6: Alba DC | SR6: Belgium | SS6: Malaezia | ST6: China | SU6: Delivery to | SV6: STOCKS | SW6: Alba DC | SY6: Alba DC | SZ6: Belgium | TA6: Malaezia | TB6: China | TC6: Delivery to | TD6: STOCKS | TE6: Alba DC | TG6: Alba DC | TH6: Belgium | TI6: Malaezia | TJ6: China | TK6: Delivery to | TL6: STOCKS | TM6: Alba DC | TO6: Alba DC | TP6: Belgium | TQ6: Malaezia | TR6: China | TS6: Delivery to | TT6: STOCKS | TU6: Alba DC | TW6: Alba DC | TX6: Belgium | TY6: Malaezia | TZ6: China | UA6: Delivery to | UB6: STOCKS | UC6: Alba DC | UE6: Alba DC | UF6: Belgium | UG6: Malaezia | UH6: China | UI6: Delivery to | UJ6: STOCKS | UK6: Alba DC | UM6: Alba DC | UN6: Belgium | UO6: Malaezia | UP6: China | UQ6: Delivery to | UR6: STOCKS | US6: Alba DC | UU6: Alba DC | UV6: Belgium | UW6: Malaezia | UX6: China | UY6: Delivery to | UZ6: STOCKS | VA6: Alba DC | VC6: Alba DC | VD6: Belgium | VE6: Malaezia | VF6: China | VG6: Delivery to | VH6: STOCKS | VI6: Alba DC | VK6: Alba DC | VL6: Belgium | VM6: Malaezia | VN6: China | VO6: Delivery to | VP6: STOCKS | VQ6: Alba DC
H7: O.S of | I7: Sales | J7: Sales | K7: Sales | L7: Assende | M7: VAR | N7: End of Stock | P7: O.S of | Q7: Sales | R7: Sales | S7: Sales | T7: Assende | U7: VAR | V7: End of Stock | X7: O.S of | Y7: Sales | Z7: Sales | AA7: Sales | AB7: Assende | AC7: VAR | AD7: End of Stock | AF7: O.S of | AG7: Sales | AH7: Sales | AI7: Sales | AJ7: Assende | AK7: VAR | AL7: End of Stock | AN7: O.S of | AO7: Sales | AP7: Sales | AQ7: Sales | AR7: 45930 | AS7: Assende | AT7: VAR | AU7: End of Stock | AW7: O.S of | AX7: Sales | AY7: Sales | AZ7: Sales | BA7: Assende | BB7: VAR | BC7: End of Stock | BE7: O.S of | BF7: Sales | BG7: Sales | BH7: Sales | BI7: 45937 | BJ7: 45944 | BK7: Assende | BL7: VAR | BM7: End of Stock | BO7: O.S of | BP7: Sales | BQ7: Sales | BR7: Sales | BS7: 45945 | BU7: 45948 | BV7: Assende | BW7: VAR | BX7: End of Stock | BZ7: O.S of | CA7: Sales | CB7: Sales | CC7: Sales | CD7: 45950 | CE7: 45953 | CF7: Assende | CG7: VAR | CH7: End of Stock | CJ7: O.S of | CK7: Sales | CL7: Sales | CM7: Sales | CN7: 45959 | CO7: Assende | CP7: VAR | CQ7: End of Stock | CS7: O.S of | CT7: Sales | CU7: Sales | CV7: Sales | CW7: 45966 | CX7: 45966 | CY7: Assende | CZ7: VAR | DA7: End of Stock | DC7: O.S of | DD7: Sales | DE7: Sales | DF7: Sales | DG7: 45973 | DH7: Assende | DI7: VAR | DJ7: End of Stock | DL7: O.S of | DM7: Sales | DN7: Sales | DO7: Sales | DP7: Assende | DQ7: VAR | DR7: End of Stock | DT7: O.S of | DU7: Sales | DV7: Sales | DW7: Sales | DX7: 45980 | DY7: 45987 | DZ7: Assende | EA7: VAR | EB7: End of Stock | ED7: O.S of | EE7: Sales | EF7: Sales | EG7: Sales | EH7: 45994 | EI7: Assende | EJ7: VAR | EK7: End of Stock | EM7: O.S of | EN7: Sales | EO7: Sales | EP7: Sales | EQ7: Assende | ER7: VAR | ES7: End of Stock | EU7: O.S of | EV7: Sales | EW7: Sales | EX7: Sales | EY7: Assende | EZ7: VAR | FA7: End of Stock | FC7: O.S of | FD7: Sales | FE7: Sales | FF7: Sales | FG7: Assende | FH7: VAR | FI7: End of Stock | FK7: O.S of | FL7: Sales | FM7: Sales | FN7: Sales | FO7: Assende | FP7: VAR | FQ7: End of Stock | FS7: O.S of | FT7: Sales | FU7: Sales | FV7: Sales | FW7: 46002 | FX7: 46009 | FZ7: 46016 | GA7: 46028 | GB7: Assende | GC7: VAR | GD7: End of Stock | GF7: O.S of | GG7: Sales | GH7: Sales | GI7: Sales | GJ7: 46036 | GK7: Assende | GL7: VAR | GM7: End of Stock | GO7: O.S of | GP7: Sales | GQ7: Sales | GR7: Sales | GS7: 46043 | GT7: Assende | GU7: VAR | GV7: End of Stock | GX7: O.S of | GY7: Sales | GZ7: Sales | HA7: Sales | HB7: 46050 | HC7: Assende | HD7: VAR | HE7: End of Stock | HG7: O.S of | HH7: Sales | HI7: Sales | HJ7: Sales | HK7: 46057 | HL7: Assende | HM7: VAR | HN7: End of Stock | HP7: O.S of | HQ7: Sales | HR7: Sales | HS7: Sales | HT7: 46064 | HU7: Assende | HV7: VAR | HW7: End of Stock | HY7: O.S of | HZ7: Sales | IA7: Sales | IB7: Sales | IC7: 46070 | ID7: Assende | IE7: VAR | IF7: End of Stock | IH7: O.S of | II7: Sales | IJ7: Sales | IK7: Sales | IL7: Assende | IM7: VAR | IN7: End of Stock | IP7: O.S of | IQ7: Sales | IR7: Sales | IS7: Sales | IT7: 46085 | IU7: Assende | IV7: VAR | IW7: End of Stock | IY7: O.S of | IZ7: Sales | JA7: Sales | JB7: Sales | JC7: Assende | JD7: VAR | JE7: End of Stock | JG7: O.S of | JH7: Sales | JI7: Sales | JJ7: Sales | JK7: 46099 | JL7: Assende | JM7: VAR | JN7: End of Stock | JP7: O.S of | JQ7: Sales | JR7: Sales | JS7: Sales | JT7: Assende | JU7: VAR | JV7: End of Stock | JX7: O.S of | JY7: Sales | JZ7: Sales | KA7: Sales | KB7: Assende | KC7: VAR | KD7: End of Stock | KF7: O.S of | KG7: Sales | KH7: Sales | KI7: Sales | KJ7: 46111 | KK7: Assende | KL7: VAR | KM7: End of Stock | KO7: O.S of | KP7: Sales | KQ7: Sales | KR7: Sales | KS7: 46127 | KT7: Assende | KU7: VAR | KV7: End of Stock | KX7: O.S of | KY7: Sales | KZ7: Sales | LA7: Sales | LB7: Assende | LC7: VAR | LD7: End of Stock | LF7: O.S of | LG7: Sales | LH7: Sales | LI7: Sales | LJ7: 46123 | LK7: Assende | LL7: VAR | LM7: End of Stock | LO7: O.S of | LP7: Sales | LQ7: Sales | LR7: Sales | LS7: Assende | LT7: VAR | LU7: End of Stock | LW7: O.S of | LX7: Sales | LY7: Sales | LZ7: Sales | MA7: Assende | MB7: VAR | MC7: End of Stock | ME7: O.S of | MF7: Sales | MG7: Sales | MH7: Sales | MI7: Assende | MJ7: VAR | MK7: End of Stock | MM7: O.S of | MN7: Sales | MO7: Sales | MP7: Sales | MQ7: Assende | MR7: VAR | MS7: End of Stock | MU7: O.S of | MV7: Sales | MW7: Sales | MX7: Sales | MY7: Assende | MZ7: VAR | NA7: End of Stock | NC7: O.S of | ND7: Sales | NE7: Sales | NF7: Sales | NG7: Assende | NH7: VAR | NI7: End of Stock | NK7: O.S of | NL7: Sales | NM7: Sales | NN7: Sales | NO7: Assende | NP7: VAR | NQ7: End of Stock | NS7: O.S of | NT7: Sales | NU7: Sales | NV7: Sales | NW7: Assende | NX7: VAR | NY7: End of Stock | OA7: O.S of | OB7: Sales | OC7: Sales | OD7: Sales | OE7: Assende | OF7: VAR | OG7: End of Stock | OI7: O.S of | OJ7: Sales | OK7: Sales | OL7: Sales | OM7: Assende | ON7: VAR | OO7: End of Stock | OQ7: O.S of | OR7: Sales | OS7: Sales | OT7: Sales | OU7: Assende | OV7: VAR | OW7: End of Stock | OY7: O.S of | OZ7: Sales | PA7: Sales | PB7: Sales | PC7: Assende | PD7: VAR | PE7: End of Stock | PG7: O.S of | PH7: Sales | PI7: Sales | PJ7: Sales | PK7: Assende | PL7: VAR | PM7: End of Stock | PO7: O.S of | PP7: Sales | PQ7: Sales | PR7: Sales | PS7: Assende | PT7: VAR | PU7: End of Stock | PW7: O.S of | PX7: Sales | PY7: Sales | PZ7: Sales | QA7: Assende | QB7: VAR | QC7: End of Stock | QE7: O.S of | QF7: Sales | QG7: Sales | QH7: Sales | QI7: Assende | QJ7: VAR | QK7: End of Stock | QM7: O.S of | QN7: Sales | QO7: Sales | QP7: Sales | QQ7: Assende | QR7: VAR | QS7: End of Stock | QU7: O.S of | QV7: Sales | QW7: Sales | QX7: Sales | QY7: Assende | QZ7: VAR | RA7: End of Stock | RC7: O.S of | RD7: Sales | RE7: Sales | RF7: Sales | RG7: Assende | RH7: VAR | RI7: End of Stock | RK7: O.S of | RL7: Sales | RM7: Sales | RN7: Sales | RO7: Assende | RP7: VAR | RQ7: End of Stock | RS7: O.S of | RT7: Sales | RU7: Sales | RV7: Sales | RW7: Assende | RX7: VAR | RY7: End of Stock | SA7: O.S of | SB7: Sales | SC7: Sales | SD7: Sales | SE7: Assende | SF7: VAR | SG7: End of Stock | SI7: O.S of | SJ7: Sales | SK7: Sales | SL7: Sales | SM7: Assende | SN7: VAR | SO7: End of Stock | SQ7: O.S of | SR7: Sales | SS7: Sales | ST7: Sales | SU7: Assende | SV7: VAR | SW7: End of Stock | SY7: O.S of | SZ7: Sales | TA7: Sales | TB7: Sales | TC7: Assende | TD7: VAR | TE7: End of Stock | TG7: O.S of | TH7: Sales | TI7: Sales | TJ7: Sales | TK7: Assende | TL7: VAR | TM7: End of Stock | TO7: O.S of | TP7: Sales | TQ7: Sales | TR7: Sales | TS7: Assende | TT7: VAR | TU7: End of Stock | TW7: O.S of | TX7: Sales | TY7: Sales | TZ7: Sales | UA7: Assende | UB7: VAR | UC7: End of Stock | UE7: O.S of | UF7: Sales | UG7: Sales | UH7: Sales | UI7: Assende | UJ7: VAR | UK7: End of Stock | UM7: O.S of | UN7: Sales | UO7: Sales | UP7: Sales | UQ7: Assende | UR7: VAR | US7: End of Stock | UU7: O.S of | UV7: Sales | UW7: Sales | UX7: Sales | UY7: Assende | UZ7: VAR | VA7: End of Stock | VC7: O.S of | VD7: Sales | VE7: Sales | VF7: Sales | VG7: Assende | VH7: VAR | VI7: End of Stock | VK7: O.S of | VL7: Sales | VM7: Sales | VN7: Sales | VO7: Assende | VP7: VAR | VQ7: End of Stock
H8: =H5 -> WK 36 | I8: 45901 | J8: 45901 | K8: 45901 | L8: =Q8 -> 45908 | M8: =H5 -> WK 36 | N8: =H5 -> WK 36 | P8: =P5 -> WK 37 | Q8: =I8+7 -> 45908 | R8: =Q8 -> 45908 | S8: =R8 -> 45908 | T8: =Y8 -> 45915 | U8: =V8 -> WK 37 | V8: =P5 -> WK 37 | X8: =X5 -> WK 38 | Y8: =Q8+7 -> 45915 | Z8: =Y8 -> 45915 | AA8: =Z8 -> 45915 | AB8: =AG8 -> 45922 | AC8: =AD8 -> WK 38 | AD8: =X5 -> WK 38 | AF8: =AF5 -> WK 39 | AG8: =Y8+7 -> 45922 | AH8: =AG8 -> 45922 | AI8: =AH8 -> 45922 | AJ8: =AO8 -> 45929 | AK8: =AL8 -> WK 39 | AL8: =AF5 -> WK 39 | AN8: =AN5 -> WK 40 | AO8: =AG8+7 -> 45929 | AP8: =AO8 -> 45929 | AQ8: =AP8 -> 45929 | AR8: 45933 | AS8: =AW5 -> WK 41 | AT8: =AU8 -> WK 40 | AU8: =AN5 -> WK 40 | AW8: =AW5 -> WK 41 | AX8: =AO8+7 -> 45936 | AY8: =AX8 -> 45936 | AZ8: =AY8 -> 45936 | BA8: =BE5 -> WK 42 | BB8: =BC8 -> WK 41 | BC8: =AW5 -> WK 41 | BE8: =BE5 -> WK 42 | BF8: =AX8+7 -> 45943 | BG8: =BF8 -> 45943 | BH8: =BG8 -> 45943 | BI8: 45943 | BJ8: 45947 | BK8: =BO5 -> WK 43 | BL8: =BM8 -> WK 42 | BM8: =BE5 -> WK 42 | BO8: =BO5 -> WK 43 | BP8: =BH8+7 -> 45950 | BQ8: =BP8 -> 45950 | BR8: =BQ8 -> 45950 | BS8: 45953 | BU8: 45954 | BV8: =BZ5 -> WK 44 | BW8: =BX8 -> WK 43 | BX8: =BO5 -> WK 43 | BZ8: =BZ5 -> WK 44 | CA8: =BP8+7 -> 45957 | CB8: =CA8 -> 45957 | CC8: =CB8 -> 45957 | CD8: 45957 | CE8: 45958 | CF8: =CJ5 -> WK 45 | CG8: =CH8 -> WK 44 | CH8: =BZ5 -> WK 44 | CJ8: =CJ5 -> WK 45 | CK8: =CA8+7 -> 45964 | CL8: =CK8 -> 45964 | CM8: =CL8 -> 45964 | CN8: 45967 | CO8: =CS5 -> WK 46 | CP8: =CQ8 -> WK 45 | CQ8: =CJ5 -> WK 45 | CS8: =CS5 -> WK 46 | CT8: =CK8+7 -> 45971 | CU8: =CT8 -> 45971 | CV8: =CU8 -> 45971 | CW8: 45971 | CX8: 45975 | CY8: =DC5 -> WK 47 | CZ8: =DA8 -> WK 46 | DA8: =CS5 -> WK 46 | DC8: =DC5 -> WK 47 | DD8: =CT8+7 -> 45978 | DE8: =DD8 -> 45978 | DF8: =DE8 -> 45978 | DG8: 45982 | DH8: =DL5 -> WK 48 | DI8: =DJ8 -> WK 47 | DJ8: =DC5 -> WK 47 | DL8: =DL5 -> WK 48 | DM8: =DD8+7 -> 45985 | DN8: =DM8 -> 45985 | DO8: =DN8 -> 45985 | DP8: =DT5 -> WK 49 | DQ8: =DR8 -> WK 48 | DR8: =DL5 -> WK 48 | DT8: =DT5 -> WK 49 | DU8: =DM8+7 -> 45992 | DV8: =DU8 -> 45992 | DW8: =DV8 -> 45992 | DX8: 45993 | DY8: 45996 | DZ8: =ED5 -> WK 50 | EA8: =EB8 -> WK 49 | EB8: =DT5 -> WK 49 | ED8: =ED5 -> WK 50 | EE8: =DU8+7 -> 45999 | EF8: =EE8 -> 45999 | EG8: =EF8 -> 45999 | EH8: 46002 | EI8: =EM5 -> WK 51 | EJ8: =EK8 -> WK 50 | EK8: =ED5 -> WK 50 | EM8: =EM5 -> WK 51 | EN8: =EE8+7 -> 46006 | EO8: =EN8 -> 46006 | EP8: =EO8 -> 46006 | EQ8: WK 52 | ER8: =ES8 -> WK 51 | ES8: =EM5 -> WK 51 | EU8: =EU5 -> WK 52 | EV8: =EN8+7 -> 46013 | EW8: =EV8 -> 46013 | EX8: =EW8 -> 46013 | EY8: =FK5 -> WK 02 | EZ8: =FA8 -> WK 52 | FA8: =EU5 -> WK 52 | FC8: =FC5 -> WK 01 | FD8: =EV8+7 -> 46020 | FE8: =FD8 -> 46020 | FF8: =FE8 -> 46020 | FG8: =FC5 -> WK 01 | FH8: =FI8 -> WK 01 | FI8: =FC5 -> WK 01 | FK8: =FK5 -> WK 02 | FL8: =FD8+7 -> 46027 | FM8: =FL8 -> 46027 | FN8: =FM8 -> 46027 | FO8: =FS5 -> WK 03 | FP8: =FQ8 -> WK 02 | FQ8: =FK5 -> WK 02 | FS8: =FS5 -> WK 03 | FT8: =FL8+7 -> 46034 | FU8: =FT8 -> 46034 | FV8: =FU8 -> 46034 | FW8: 46038 | FX8: 46037 | FZ8: 46038 | GA8: 46038 | GB8: =GF5 -> WK 04 | GC8: =GD8 -> WK 03 | GD8: =FS5 -> WK 03 | GF8: =GF5 -> WK 04 | GG8: =FT8+7 -> 46041 | GH8: =GG8 -> 46041 | GI8: =GH8 -> 46041 | GJ8: 46045 | GK8: =GO5 -> WK 05 | GL8: =GM8 -> WK 04 | GM8: =GF5 -> WK 04 | GO8: =GO5 -> WK 05 | GP8: =GG8+7 -> 46048 | GQ8: =GP8 -> 46048 | GR8: =GQ8 -> 46048 | GS8: 46052 | GT8: =GX5 -> WK 06 | GU8: =GV8 -> WK 05 | GV8: =GO5 -> WK 05 | GX8: =GX5 -> WK 06 | GY8: =GP8+7 -> 46055 | GZ8: =GY8 -> 46055 | HA8: =GZ8 -> 46055 | HB8: 46059 | HC8: =HG5 -> WK 07 | HD8: =HE8 -> WK 06 | HE8: =GX5 -> WK 06 | HG8: =HG5 -> WK 07 | HH8: =GY8+7 -> 46062 | HI8: =HH8 -> 46062 | HJ8: =HI8 -> 46062 | HK8: 46066 | HL8: =HP5 -> WK 08 | HM8: =HN8 -> WK 07 | HN8: =HG5 -> WK 07 | HP8: =HP5 -> WK 08 | HQ8: =HH8+7 -> 46069 | HR8: =HQ8 -> 46069 | HS8: =HR8 -> 46069 | HT8: 46073 | HU8: =HY5 -> WK 09 | HV8: =HW8 -> WK 08 | HW8: =HP5 -> WK 08 | HY8: =HY5 -> WK 09 | HZ8: =HQ8+7 -> 46076 | IA8: =HZ8 -> 46076 | IB8: =IA8 -> 46076 | IC8: 46080 | ID8: =IH5 -> WK 10 | IE8: =IF8 -> WK 09 | IF8: =HY5 -> WK 09 | IH8: =IH5 -> WK 10 | II8: =HZ8+7 -> 46083 | IJ8: =II8 -> 46083 | IK8: =IJ8 -> 46083 | IL8: =IP5 -> WK 11 | IM8: =IN8 -> WK 10 | IN8: =IH5 -> WK 10 | IP8: =IP5 -> WK 11 | IQ8: =II8+7 -> 46090 | IR8: =IQ8 -> 46090 | IS8: =IR8 -> 46090 | IT8: 46094 | IU8: =IY5 -> WK 12 | IV8: =IW8 -> WK 11 | IW8: =IP5 -> WK 11 | IY8: =IY5 -> WK 12 | IZ8: =IQ8+7 -> 46097 | JA8: =IZ8 -> 46097 | JB8: =JA8 -> 46097 | JC8: =JG5 -> WK 13 | JD8: =JE8 -> WK 12 | JE8: =IY5 -> WK 12 | JG8: =JG5 -> WK 13 | JH8: =IZ8+7 -> 46104 | JI8: =JH8 -> 46104 | JJ8: =JI8 -> 46104 | JK8: 46108 | JL8: =JP5 -> WK 14 | JM8: =JN8 -> WK 13 | JN8: =JG5 -> WK 13 | JP8: =JP5 -> WK 14 | JQ8: =JH8+7 -> 46111 | JR8: =JQ8 -> 46111 | JS8: =JR8 -> 46111 | JT8: =JX5 -> WK 15 | JU8: =JV8 -> WK 14 | JV8: =JP5 -> WK 14 | JX8: =JX5 -> WK 15 | JY8: =JQ8+7 -> 46118 | JZ8: =JY8 -> 46118 | KA8: =JZ8 -> 46118 | KB8: =KF5 -> WK 16 | KC8: =KD8 -> WK 15 | KD8: =JX5 -> WK 15 | KF8: =KF5 -> WK 16 | KG8: =JY8+7 -> 46125 | KH8: =KG8 -> 46125 | KI8: =KH8 -> 46125 | KJ8: 46126 | KK8: =KO5 -> WK 17 | KL8: =KM8 -> WK 16 | KM8: =KF5 -> WK 16 | KO8: =KO5 -> WK 17 | KP8: =KG8+7 -> 46132 | KQ8: =KP8 -> 46132 | KR8: =KQ8 -> 46132 | KS8: 46136 | KT8: =KX5 -> WK 18 | KU8: =KV8 -> WK 17 | KV8: =KO5 -> WK 17 | KX8: =KX5 -> WK 18 | KY8: =KP8+7 -> 46139 | KZ8: =KY8 -> 46139 | LA8: =KZ8 -> 46139 | LB8: =LF5 -> WK 19 | LC8: =LD8 -> WK 18 | LD8: =KX5 -> WK 18 | LF8: =LF5 -> WK 19 | LG8: =KY8+7 -> 46146 | LH8: =LG8 -> 46146 | LI8: =LH8 -> 46146 | LJ8: 46150 | LK8: =LO5 -> WK 20 | LL8: =LM8 -> WK 19 | LM8: =LF5 -> WK 19 | LO8: =LO5 -> WK 20 | LP8: =LG8+7 -> 46153 | LQ8: =LP8 -> 46153 | LR8: =LQ8 -> 46153 | LS8: =LW5 -> WK 21 | LT8: =LU8 -> WK 20 | LU8: =LO5 -> WK 20 | LW8: =LW5 -> WK 21 | LX8: =LP8+7 -> 46160 | LY8: =LX8 -> 46160 | LZ8: =LY8 -> 46160 | MA8: =ME5 -> WK 22 | MB8: =MC8 -> WK 21 | MC8: =LW5 -> WK 21 | ME8: =ME5 -> WK 22 | MF8: =LX8+7 -> 46167 | MG8: =MF8 -> 46167 | MH8: =MG8 -> 46167 | MI8: =MM5 -> WK 23 | MJ8: =MK8 -> WK 22 | MK8: =ME5 -> WK 22 | MM8: =MM5 -> WK 23 | MN8: =MF8+7 -> 46174 | MO8: =MN8 -> 46174 | MP8: =MO8 -> 46174 | MQ8: =MU5 -> WK 24 | MR8: =MS8 -> WK 23 | MS8: =MM5 -> WK 23 | MU8: =MU5 -> WK 24 | MV8: =MN8+7 -> 46181 | MW8: =MV8 -> 46181 | MX8: =MW8 -> 46181 | MY8: =NC5 -> WK 25 | MZ8: =NA8 -> WK 24 | NA8: =MU5 -> WK 24 | NC8: =NC5 -> WK 25 | ND8: =MV8+7 -> 46188 | NE8: =ND8 -> 46188 | NF8: =NE8 -> 46188 | NG8: =NK5 -> WK 26 | NH8: =NI8 -> WK 25 | NI8: =NC5 -> WK 25 | NK8: =NK5 -> WK 26 | NL8: =ND8+7 -> 46195 | NM8: =NL8 -> 46195 | NN8: =NM8 -> 46195 | NO8: =NS5 -> WK 27 | NP8: =NQ8 -> WK 26 | NQ8: =NK5 -> WK 26 | NS8: =NS5 -> WK 27 | NT8: =NL8+7 -> 46202 | NU8: =NT8 -> 46202 | NV8: =NU8 -> 46202 | NW8: =OA5 -> WK 28 | NX8: =NY8 -> WK 27 | NY8: =NS5 -> WK 27 | OA8: =OA5 -> WK 28 | OB8: =NT8+7 -> 46209 | OC8: =OB8 -> 46209 | OD8: =OC8 -> 46209 | OE8: =OI5 -> WK 29 | OF8: =OG8 -> WK 28 | OG8: =OA5 -> WK 28 | OI8: =OI5 -> WK 29 | OJ8: =OB8+7 -> 46216 | OK8: =OJ8 -> 46216 | OL8: =OK8 -> 46216 | OM8: =OQ5 -> WK 30 | ON8: =OO8 -> WK 29 | OO8: =OI5 -> WK 29 | OQ8: =OQ5 -> WK 30 | OR8: =OJ8+7 -> 46223 | OS8: =OR8 -> 46223 | OT8: =OS8 -> 46223 | OU8: =OY5 -> WK 31 | OV8: =OW8 -> WK 30 | OW8: =OQ5 -> WK 30 | OY8: =OY5 -> WK 31 | OZ8: =OR8+7 -> 46230 | PA8: =OZ8 -> 46230 | PB8: =PA8 -> 46230 | PC8: =PG5 -> WK 32 | PD8: =PE8 -> WK 31 | PE8: =OY5 -> WK 31 | PG8: =PG5 -> WK 32 | PH8: =OZ8+7 -> 46237 | PI8: =PH8 -> 46237 | PJ8: =PI8 -> 46237 | PK8: =PO5 -> WK 33 | PL8: =PM8 -> WK 32 | PM8: =PG5 -> WK 32 | PO8: =PO5 -> WK 33 | PP8: =PH8+7 -> 46244 | PQ8: =PP8 -> 46244 | PR8: =PQ8 -> 46244 | PS8: =PW5 -> WK 34 | PT8: =PU8 -> WK 33 | PU8: =PO5 -> WK 33 | PW8: =PW5 -> WK 34 | PX8: =PP8+7 -> 46251 | PY8: =PX8 -> 46251 | PZ8: =PY8 -> 46251 | QA8: =QE5 -> WK 35 | QB8: =QC8 -> WK 34 | QC8: =PW5 -> WK 34 | QE8: =QE5 -> WK 35 | QF8: =PX8+7 -> 46258 | QG8: =QF8 -> 46258 | QH8: =QG8 -> 46258 | QI8: =QM5 -> WK 36 | QJ8: =QK8 -> WK 35 | QK8: =QE5 -> WK 35 | QM8: =QM5 -> WK 36 | QN8: =QF8+7 -> 46265 | QO8: =QN8 -> 46265 | QP8: =QO8 -> 46265 | QQ8: =QU5 -> WK 37 | QR8: =QS8 -> WK 36 | QS8: =QM5 -> WK 36 | QU8: =QU5 -> WK 37 | QV8: =QN8+7 -> 46272 | QW8: =QV8 -> 46272 | QX8: =QW8 -> 46272 | QY8: =RC5 -> WK 38 | QZ8: =RA8 -> WK 37 | RA8: =QU5 -> WK 37 | RC8: =RC5 -> WK 38 | RD8: =QV8+7 -> 46279 | RE8: =RD8 -> 46279 | RF8: =RE8 -> 46279 | RG8: =RK5 -> WK 39 | RH8: =RI8 -> WK 38 | RI8: =RC5 -> WK 38 | RK8: =RK5 -> WK 39 | RL8: =RD8+7 -> 46286 | RM8: =RL8 -> 46286 | RN8: =RM8 -> 46286 | RO8: =RS5 -> WK 40 | RP8: =RQ8 -> WK 39 | RQ8: =RK5 -> WK 39 | RS8: =RS5 -> WK 40 | RT8: =RL8+7 -> 46293 | RU8: =RT8 -> 46293 | RV8: =RU8 -> 46293 | RW8: =SA5 -> WK 41 | RX8: =RY8 -> WK 40 | RY8: =RS5 -> WK 40 | SA8: =SA5 -> WK 41 | SB8: =RT8+7 -> 46300 | SC8: =SB8 -> 46300 | SD8: =SC8 -> 46300 | SE8: =SI5 -> WK 42 | SF8: =SG8 -> WK 41 | SG8: =SA5 -> WK 41 | SI8: =SI5 -> WK 42 | SJ8: =SB8+7 -> 46307 | SK8: =SJ8 -> 46307 | SL8: =SK8 -> 46307 | SM8: =SQ5 -> WK 43 | SN8: =SO8 -> WK 42 | SO8: =SI5 -> WK 42 | SQ8: =SQ5 -> WK 43 | SR8: =SJ8+7 -> 46314 | SS8: =SR8 -> 46314 | ST8: =SS8 -> 46314 | SU8: =SY5 -> WK 44 | SV8: =SW8 -> WK 43 | SW8: =SQ5 -> WK 43 | SY8: =SY5 -> WK 44 | SZ8: =SR8+7 -> 46321 | TA8: =SZ8 -> 46321 | TB8: =TA8 -> 46321 | TC8: =TG5 -> WK 45 | TD8: =TE8 -> WK 44 | TE8: =SY5 -> WK 44 | TG8: =TG5 -> WK 45 | TH8: =SZ8+7 -> 46328 | TI8: =TH8 -> 46328 | TJ8: =TI8 -> 46328 | TK8: =TO5 -> WK 46 | TL8: =TM8 -> WK 45 | TM8: =TG5 -> WK 45 | TO8: =TO5 -> WK 46 | TP8: =TH8+7 -> 46335 | TQ8: =TP8 -> 46335 | TR8: =TQ8 -> 46335 | TS8: =TW5 -> WK 47 | TT8: =TU8 -> WK 46 | TU8: =TO5 -> WK 46 | TW8: =TW5 -> WK 47 | TX8: =TP8+7 -> 46342 | TY8: =TX8 -> 46342 | TZ8: =TY8 -> 46342 | UA8: =UE5 -> WK 48 | UB8: =UC8 -> WK 47 | UC8: =TW5 -> WK 47 | UE8: =UE5 -> WK 48 | UF8: =TX8+7 -> 46349 | UG8: =UF8 -> 46349 | UH8: =UG8 -> 46349 | UI8: =UM5 -> WK 49 | UJ8: =UK8 -> WK 48 | UK8: =UE5 -> WK 48 | UM8: =UM5 -> WK 49 | UN8: =UF8+7 -> 46356 | UO8: =UN8 -> 46356 | UP8: =UO8 -> 46356 | UQ8: =UU5 -> WK 50 | UR8: =US8 -> WK 49 | US8: =UM5 -> WK 49 | UU8: =UU5 -> WK 50 | UV8: =UN8+7 -> 46363 | UW8: =UV8 -> 46363 | UX8: =UW8 -> 46363 | UY8: =VC5 -> WK 51 | UZ8: =VA8 -> WK 50 | VA8: =UU5 -> WK 50 | VC8: =VC5 -> WK 51 | VD8: =UV8+7 -> 46370 | VE8: =VD8 -> 46370 | VF8: =VE8 -> 46370 | VG8: =VK5 -> WK 52 | VH8: =VI8 -> WK 51 | VI8: =VC5 -> WK 51 | VK8: =VK5 -> WK 52 | VL8: =VD8+7 -> 46377 | VM8: =VL8 -> 46377 | VN8: =VM8 -> 46377 | VO8: =VS5 -> 0 | VP8: =VQ8 -> WK 52 | VQ8: =VK5 -> WK 52
A10: VOLVO | B10: JCI2 LH | C10: 32248362 | D10: 4172750 | E10: 40 | H10: 1720 | I10: =IFERROR(VLOOKUP($D10,'Adient Assende (Belgium) WK.17'!$B:C,J$1,0),0) -> 0 | J10: =IFERROR(VLOOKUP($D10,'Adient Arendal (Malzia) WK.12'!$B:C,J$1,0),0) -> 0 | K10: =IFERROR(VLOOKUP($D10,'Adient Taizhou (China) WK.16'!$B:C,J$1,0),0) -> 0 | L10: 320 | M10: 0 | N10: =((H10-(L10+J10+K10))+M10) -> 1400 | P10: =N10 -> 1400 | Q10: =IFERROR(VLOOKUP($D10,'Adient Assende (Belgium) WK.17'!$B:K,R$1,0),0) -> 320 | R10: =IFERROR(VLOOKUP($D10,'Adient Arendal (Malzia) WK.12'!$B:K,R$1,0),0) -> 0 | S10: =IFERROR(VLOOKUP($D10,'Adient Taizhou (China) WK.16'!$B:K,R$1,0),0) -> 0 | T10: 160 | U10: 0 | V10: =((P10-(T10+R10+S10))+U10) -> 1240 | X10: =V10 -> 1240 | Y10: =IFERROR(VLOOKUP($D10,'Adient Assende (Belgium) WK.17'!$B:S,Z$1,0),0) -> 160 | Z10: =IFERROR(VLOOKUP($D10,'Adient Arendal (Malzia) WK.12'!$B:S,Z$1,0),0) -> 0 | AA10: =IFERROR(VLOOKUP($D10,'Adient Taizhou (China) WK.16'!$B:S,Z$1,0),0) -> 0 | AB10: 320 | AC10: 0 | AD10: =((X10-(AB10+Z10+AA10))+AC10) -> 920 | AF10: =AD10 -> 920 | AG10: =IFERROR(VLOOKUP($D10,'Adient Assende (Belgium) WK.17'!$B:AA,AH$1,0),0) -> 320 | AH10: =IFERROR(VLOOKUP($D10,'Adient Arendal (Malzia) WK.12'!$B:AA,AH$1,0),0) -> 0 | AI10: =IFERROR(VLOOKUP($D10,'Adient Taizhou (China) WK.16'!$B:AA,AH$1,0),0) -> 0 | AJ10: 160 | AK10: 0 | AL10: =((AF10-(AJ10+AH10+AI10))+AK10) -> 760 | AN10: =AL10 -> 760 | AO10: =IFERROR(VLOOKUP($D10,'Adient Assende (Belgium) WK.17'!$B:AI,AP$1,0),0) -> 160 | AP10: =IFERROR(VLOOKUP($D10,'Adient Arendal (Malzia) WK.12'!$B:AI,AP$1,0),0) -> 0 | AQ10: =IFERROR(VLOOKUP($D10,'Adient Taizhou (China) WK.16'!$B:AI,AP$1,0),0) -> 0 | AR10: 160 | AS10: 160 | AT10: 0 | AU10: =((AN10-(AS10+AP10+AQ10))+AT10)+AR10 -> 760 | AW10: =AU10 -> 760 | AX10: =IFERROR(VLOOKUP($D10,'Adient Assende (Belgium) WK.17'!$B:AR,AY$1,0),0) -> 160 | AY10: =IFERROR(VLOOKUP($D10,'Adient Arendal (Malzia) WK.12'!$B:AR,AY$1,0),0) -> 0 | AZ10: =IFERROR(VLOOKUP($D10,'Adient Taizhou (China) WK.16'!$B:AU,AY$1,0),0) -> 0 | BA10: 320 | BB10: 0 | BC10: =((AW10-(BA10+AY10+AZ10))+BB10) -> 440 | BE10: =BC10 -> 440 | BF10: =IFERROR(VLOOKUP($D10,'Adient Assende (Belgium) WK.17'!$B:AX,BG$1,0),0) -> 320 | BG10: =IFERROR(VLOOKUP($D10,'Adient Arendal (Malzia) WK.12'!$B:AZ,BG$1,0),0) -> 0 | BH10: =IFERROR(VLOOKUP($D10,'Adient Taizhou (China) WK.16'!$B:BB,BG$1,0),0) -> 0 | BI10: 120 | BJ10: 0 | BK10: 160 | BL10: 0 | BM10: =((BE10-(BK10+BG10+BH10))+BL10)+BI10+BJ10 -> 400 | BO10: =BM10 -> 400 | BP10: =IFERROR(VLOOKUP($D10,'Adient Assende (Belgium) WK.17'!$B:BH,BQ$1,0),0) -> 160 | BQ10: =IFERROR(VLOOKUP($D10,'Adient Arendal (Malzia) WK.12'!$B:BI,BQ$1,0),0) -> 0 | BR10: =IFERROR(VLOOKUP($D10,'Adient Taizhou (China) WK.16'!$B:BL,BQ$1,0),0) -> 0 | BS10: 200 | BT10: 600 | BU10: 0 | BV10: 160 | BW10: 0 | BX10: =((BO10-(BV10+BQ10+BR10))+BW10)+BS10+BT10+BU10 -> 1040 | BZ10: =BX10 -> 1040 | CA10: =IFERROR(VLOOKUP($D10,'Adient Assende (Belgium) WK.17'!$B:BS,CB$1,0),0) -> 160 | CB10: =IFERROR(VLOOKUP($D10,'Adient Arendal (Malzia) WK.12'!$B:BT,CB$1,0),0) -> 0 | CC10: =IFERROR(VLOOKUP($D10,'Adient Taizhou (China) WK.16'!$B:BW,CB$1,0),0) -> 0 | CD10: 0 | CE10: 0 | CF10: 480 | CG10: 0 | CH10: =((BZ10-(CF10+CB10+CC10))+CG10)+CD10+CE10 -> 560 | CJ10: =CH10 -> 560 | CK10: =IFERROR(VLOOKUP($D10,'Adient Assende (Belgium) WK.17'!$B:CC,CL$1,0),0) -> 480 | CL10: =IFERROR(VLOOKUP($D10,'Adient Arendal (Malzia) WK.12'!$B:CD,CL$1,0),0) -> 0 | CM10: =IFERROR(VLOOKUP($D10,'Adient Taizhou (China) WK.16'!$B:CG,CL$1,0),0) -> 0 | CN10: 0 | CO10: 0 | CP10: 0 | CQ10: =((CJ10-(CO10+CL10+CM10))+CP10)+CN10 -> 560 | CS10: =CQ10 -> 560 | CT10: =IFERROR(VLOOKUP($D10,'Adient Assende (Belgium) WK.17'!$B:CL,CU$1,0),0) -> 0 | CU10: =IFERROR(VLOOKUP($D10,'Adient Arendal (Malzia) WK.12'!$B:CM,CU$1,0),0) -> 0 | CV10: =IFERROR(VLOOKUP($D10,'Adient Taizhou (China) WK.16'!$B:CP,CU$1,0),0) -> 0 | CW10: 0 | CX10: 200 | CY10: 160 | CZ10: 0 | DA10: =((CS10-(CY10+CU10+CV10))+CZ10)+CW10+CX10 -> 600 | DC10: =DA10 -> 600 | DD10: =IFERROR(VLOOKUP($D10,'Adient Assende (Belgium) WK.17'!$B:CS,DE$1,0),0) -> 160 | DE10: =IFERROR(VLOOKUP($D10,'Adient Arendal (Malzia) WK.12'!$B:CU,DE$1,0),0) -> 0 | DF10: =IFERROR(VLOOKUP($D10,'Adient Taizhou (China) WK.16'!$B:CX,DE$1,0),0) -> 0 | DG10: 160 | DH10: 160 | DI10: 0 | DJ10: =((DC10-(DH10+DE10+DF10))+DI10)+DG10 -> 600 | DL10: =DJ10 -> 600 | DM10: =IFERROR(VLOOKUP($D10,'Adient Assende (Belgium) WK.17'!$B:DB,DN$1,0),0) -> 160 | DN10: =IFERROR(VLOOKUP($D10,'Adient Arendal (Malzia) WK.12'!$B:DC,DN$1,0),0) -> 0 | DO10: =IFERROR(VLOOKUP($D10,'Adient Taizhou (China) WK.16'!$B:DF,DN$1,0),0) -> 0 | DP10: 160 | DQ10: 0 | DR10: =((DL10-(DN10+DO10+DP10)+DQ10)) -> 440 | DT10: =DR10 -> 440 | DU10: =IFERROR(VLOOKUP($D10,'Adient Assende (Belgium) WK.17'!$B:DJ,DV$1,0),0) -> 160 | DV10: =IFERROR(VLOOKUP($D10,'Adient Arendal (Malzia) WK.12'!$B:DK,DV$1,0),0) -> 0 | DW10: =IFERROR(VLOOKUP($D10,'Adient Taizhou (China) WK.16'!$B:DN,DV$1,0),0) -> 0 | DX10: 40 | DY10: 400 | DZ10: 320 | EA10: 0 | EB10: =((DT10-(DV10+DW10+DZ10)+EA10))+DX10+DY10 -> 560 | ED10: =EB10 -> 560 | EE10: =IFERROR(VLOOKUP($D10,'Adient Assende (Belgium) WK.17'!$B:DR,EF$1,0),0) -> 320 | EF10: =IFERROR(VLOOKUP($D10,'Adient Arendal (Malzia) WK.12'!$B:DS,EF$1,0),0) -> 0 | EG10: =IFERROR(VLOOKUP($D10,'Adient Taizhou (China) WK.16'!$B:DV,EF$1,0),0) -> 0 | EH10: 440 | EI10: 160 | EJ10: 0 | EK10: =((ED10-(EF10+EG10+EI10)+EJ10))+EH10 -> 840 | EM10: =EK10 -> 840 | EN10: =IFERROR(VLOOKUP($D10,'Adient Assende (Belgium) WK.17'!$B:DZ,EO$1,0),0) -> 160 | EO10: =IFERROR(VLOOKUP($D10,'Adient Arendal (Malzia) WK.12'!$B:EA,EO$1,0),0) -> 0 | EP10: =IFERROR(VLOOKUP($D10,'Adient Taizhou (China) WK.16'!$B:ED,EO$1,0),0) -> 0 | EQ10: 160 | ER10: 0 | ES10: =((EM10-(EO10+EP10+EQ10)+ER10)) -> 680 | EU10: =ES10 -> 680 | EV10: =IFERROR(VLOOKUP($D10,'Adient Assende (Belgium) WK.17'!$B:EH,EW$1,0),0) -> 160 | EW10: =IFERROR(VLOOKUP($D10,'Adient Arendal (Malzia) WK.12'!$B:EI,EW$1,0),0) -> 0 | EX10: =IFERROR(VLOOKUP($D10,'Adient Taizhou (China) WK.16'!$B:EL,EW$1,0),0) -> 0 | EY10: 0 | EZ10: 0 | FA10: =((EU10-(EW10+EX10+EY10)+EZ10)) -> 680 | FC10: =FA10 -> 680 | FD10: =IFERROR(VLOOKUP($D10,'Adient Assende (Belgium) WK.17'!$B:EP,FE$1,0),0) -> 0 | FE10: =IFERROR(VLOOKUP($D10,'Adient Arendal (Malzia) WK.12'!$B:EQ,FE$1,0),0) -> 0 | FF10: =IFERROR(VLOOKUP($D10,'Adient Taizhou (China) WK.16'!$B:ET,FE$1,0),0) -> 0 | FG10: 0 | FH10: 0 | FI10: =((FC10-(FE10+FF10+FG10)+FH10)) -> 680 | FK10: =FI10 -> 680 | FL10: =IFERROR(VLOOKUP($D10,'Adient Assende (Belgium) WK.17'!$B:EX,FM$1,0),0) -> 0 | FM10: =IFERROR(VLOOKUP($D10,'Adient Arendal (Malzia) WK.12'!$B:EY,FM$1,0),0) -> 0 | FN10: =IFERROR(VLOOKUP($D10,'Adient Taizhou (China) WK.16'!$B:FB,FM$1,0),0) -> 0 | FO10: 160 | FP10: 0 | FQ10: =((FK10-(FM10+FN10+FO10)+FP10)) -> 520 | FS10: =FQ10 -> 520 | FT10: =IFERROR(VLOOKUP($D10,'Adient Assende (Belgium) WK.17'!$B:FF,FU$1,0),0) -> 160 | FU10: =IFERROR(VLOOKUP($D10,'Adient Arendal (Malzia) WK.12'!$B:FG,FU$1,0),0) -> 0 | FV10: =IFERROR(VLOOKUP($D10,'Adient Taizhou (China) WK.16'!$B:FJ,FU$1,0),0) -> 0 | FW10: 200 | FX10: 200 | FY10: 80 | FZ10: 40 | GA10: 320 | GB10: 0 | GC10: 0 | GD10: =((FS10-(FU10+FV10+GB10)+GC10))+FW10+FX10+FY10+FZ10+GA10 -> 1360 | GF10: =GD10 -> 1360 | GG10: =IFERROR(VLOOKUP($D10,'Adient Assende (Belgium) WK.17'!$B:FN,GH$1,0),0) -> 0 | GH10: =IFERROR(VLOOKUP($D10,'Adient Arendal (Malzia) WK.12'!$B:FO,GH$1,0),0) -> 0 | GI10: =IFERROR(VLOOKUP($D10,'Adient Taizhou (China) WK.16'!$B:FR,GH$1,0),0) -> 0 | GJ10: 0 | GK10: 320 | GL10: 0 | GM10: =((GF10-(GH10+GI10+GK10)+GL10))+GJ10 -> 1040 | GO10: =GM10 -> 1040 | GP10: =IFERROR(VLOOKUP($D10,'Adient Assende (Belgium) WK.17'!$B:FV,GQ$1,0),0) -> 320 | GQ10: =IFERROR(VLOOKUP($D10,'Adient Arendal (Malzia) WK.12'!$B:FW,GQ$1,0),0) -> 0 | GR10: =IFERROR(VLOOKUP($D10,'Adient Taizhou (China) WK.16'!$B:FZ,GQ$1,0),0) -> 0 | GS10: 0 | GT10: 160 | GU10: 0 | GV10: =((GO10-(GQ10+GR10+GT10)+GU10))+GS10 -> 880 | GX10: =GV10 -> 880 | GY10: =IFERROR(VLOOKUP($D10,'Adient Assende (Belgium) WK.17'!$B:GD,GZ$1,0),0) -> 160 | GZ10: =IFERROR(VLOOKUP($D10,'Adient Arendal (Malzia) WK.12'!$B:GE,GZ$1,0),0) -> 0 | HA10: =IFERROR(VLOOKUP($D10,'Adient Taizhou (China) WK.16'!$B:GH,GZ$1,0),0) -> 0 | HB10: 320 | HC10: 160 | HD10: 0 | HE10: =((GX10-(GZ10+HA10+HC10)+HD10))+HB10 -> 1040 | HG10: =HE10 -> 1040 | HH10: =IFERROR(VLOOKUP($D10,'Adient Assende (Belgium) WK.17'!$B:GL,HI$1,0),0) -> 160 | HI10: =IFERROR(VLOOKUP($D10,'Adient Arendal (Malzia) WK.12'!$B:GM,HI$1,0),0) -> 0 | HJ10: =IFERROR(VLOOKUP($D10,'Adient Taizhou (China) WK.16'!$B:GP,HI$1,0),0) -> 0 | HK10: 120 | HL10: 0 | HM10: 0 | HN10: =((HG10-(HI10+HJ10+HL10)+HM10))+HK10 -> 1160 | HP10: =HN10 -> 1160 | HQ10: =IFERROR(VLOOKUP($D10,'Adient Assende (Belgium) WK.17'!$B:GT,HR$1,0),0) -> 0 | HR10: =IFERROR(VLOOKUP($D10,'Adient Arendal (Malzia) WK.12'!$B:GU,HR$1,0),0) -> 0 | HS10: =IFERROR(VLOOKUP($D10,'Adient Taizhou (China) WK.16'!$B:GX,HR$1,0),0) -> 0 | HT10: 80 | HU10: 160 | HV10: 0 | HW10: =((HP10-(HR10+HS10+HU10)+HV10))+HT10 -> 1080 | HY10: =HW10 -> 1080 | HZ10: =IFERROR(VLOOKUP($D10,'Adient Assende (Belgium) WK.17'!$B:HB,IA$1,0),0) -> 160 | IA10: =IFERROR(VLOOKUP($D10,'Adient Arendal (Malzia) WK.12'!$B:HC,IA$1,0),0) -> 0 | IB10: =IFERROR(VLOOKUP($D10,'Adient Taizhou (China) WK.16'!$B:HF,IA$1,0),0) -> 0 | IC10: 0 | ID10: 320 | IE10: 0 | IF10: =((HY10-(IA10+IB10+ID10)+IE10))+IC10 -> 760 | IH10: =IF10 -> 760 | II10: =IFERROR(VLOOKUP($D10,'Adient Assende (Belgium) WK.17'!$B:HJ,IJ$1,0),0) -> 320 | IJ10: =IFERROR(VLOOKUP($D10,'Adient Arendal (Malzia) WK.12'!$B:HK,IJ$1,0),0) -> 0 | IK10: =IFERROR(VLOOKUP($D10,'Adient Taizhou (China) WK.16'!$B:HN,IJ$1,0),0) -> 0 | IL10: 160 | IM10: 0 | IN10: =((IH10-(IJ10+IK10+IL10)+IM10)) -> 600 | IP10: =IN10 -> 600 | IQ10: =IFERROR(VLOOKUP($D10,'Adient Assende (Belgium) WK.17'!$B:HR,IR$1,0),0) -> 160 | IR10: =IFERROR(VLOOKUP($D10,'Adient Arendal (Malzia) WK.12'!$B:HS,IR$1,0),0) -> 0 | IS10: =IFERROR(VLOOKUP($D10,'Adient Taizhou (China) WK.16'!$B:HV,IR$1,0),0) -> 0 | IT10: 240 | IU10: 320 | IV10: 0 | IW10: =((IP10-(IR10+IS10+IU10)+IV10))+IT10 -> 520 | IY10: =IW10 -> 520 | IZ10: =IFERROR(VLOOKUP($D10,'Adient Assende (Belgium) WK.17'!$B:HZ,JA$1,0),0) -> 320 | JA10: =IFERROR(VLOOKUP($D10,'Adient Arendal (Malzia) WK.12'!$B:IA,JA$1,0),0) -> 0 | JB10: =IFERROR(VLOOKUP($D10,'Adient Taizhou (China) WK.16'!$B:ID,JA$1,0),0) -> 0 | JC10: 0 | JD10: 0 | JE10: =((IY10-(JA10+JB10+JC10)+JD10)) -> 520 | JG10: =JE10 -> 520 | JH10: =IFERROR(VLOOKUP($D10,'Adient Assende (Belgium) WK.17'!$B:IH,JI$1,0),0) -> 0 | JI10: =IFERROR(VLOOKUP($D10,'Adient Arendal (Malzia) WK.12'!$B:II,JI$1,0),0) -> 0 | JJ10: =IFERROR(VLOOKUP($D10,'Adient Taizhou (China) WK.16'!$B:IL,JI$1,0),0) -> 0 | JK10: 440 | JL10: 480 | JM10: 0 | JN10: =((JG10-(JI10+JJ10+JL10)+JM10))+JK10 -> 480 | JP10: =JN10 -> 480 | JQ10: =IFERROR(VLOOKUP($D10,'Adient Assende (Belgium) WK.17'!$B:IP,JR$1,0),0) -> 480 | JR10: =IFERROR(VLOOKUP($D10,'Adient Arendal (Malzia) WK.12'!$B:IQ,JR$1,0),0) -> 0 | JS10: =IFERROR(VLOOKUP($D10,'Adient Taizhou (China) WK.16'!$B:IT,JR$1,0),0) -> 0 | JT10: 0 | JU10: 0 | JV10: =((JP10-(JR10+JS10+JT10)+JU10)) -> 480 | JX10: =JV10 -> 480 | JY10: =IFERROR(VLOOKUP($D10,'Adient Assende (Belgium) WK.17'!$B:IX,JZ$1,0),0) -> 0 | JZ10: =IFERROR(VLOOKUP($D10,'Adient Arendal (Malzia) WK.12'!$B:IY,JZ$1,0),0) -> 0 | KA10: =IFERROR(VLOOKUP($D10,'Adient Taizhou (China) WK.16'!$B:JB,JZ$1,0),0) -> 0 | KB10: 160 | KC10: 0 | KD10: =((JX10-(JZ10+KA10+KB10)+KC10)) -> 320 | KF10: =KD10 -> 320 | KG10: =IFERROR(VLOOKUP($D10,'Adient Assende (Belgium) WK.17'!$B:JF,KH$1,0),0) -> 160 | KH10: =IFERROR(VLOOKUP($D10,'Adient Arendal (Malzia) WK.12'!$B:JG,KH$1,0),0) -> 0 | KI10: =IFERROR(VLOOKUP($D10,'Adient Taizhou (China) WK.16'!$B:JJ,KH$1,0),0) -> 0 | KJ10: 0 | KK10: 0 | KL10: 0 | KM10: =((KF10-(KH10+KI10+KK10)+KL10))+KJ10 -> 320 | KO10: =KM10 -> 320 | KP10: =IFERROR(VLOOKUP($D10,'Adient Assende (Belgium) WK.17'!$B:JN,KQ$1,0),0) -> 0 | KQ10: =IFERROR(VLOOKUP($D10,'Adient Arendal (Malzia) WK.12'!$B:JO,KQ$1,0),0) -> 0 | KR10: =IFERROR(VLOOKUP($D10,'Adient Taizhou (China) WK.16'!$B:JR,KQ$1,0),0) -> 0 | KS10: 680 | KT10: 160 | KU10: 0 | KV10: =((KO10-(KQ10+KR10+KT10)+KU10))+KS10 -> 840 | KX10: =KV10 -> 840 | KY10: =IFERROR(VLOOKUP($D10,'Adient Assende (Belgium) WK.17'!$B:JV,KZ$1,0),0) -> 160 | KZ10: =IFERROR(VLOOKUP($D10,'Adient Arendal (Malzia) WK.12'!$B:JW,KZ$1,0),0) -> 0 | LA10: =IFERROR(VLOOKUP($D10,'Adient Taizhou (China) WK.16'!$B:JZ,KZ$1,0),0) -> 0 | LB10: 0 | LC10: 0 | LD10: =((KX10-(KZ10+LA10+LB10)+LC10)) -> 840 | LF10: =LD10 -> 840 | LG10: =IFERROR(VLOOKUP($D10,'Adient Assende (Belgium) WK.17'!$B:KD,LH$1,0),0) -> 160 | LH10: =IFERROR(VLOOKUP($D10,'Adient Arendal (Malzia) WK.12'!$B:KE,LH$1,0),0) -> 0 | LI10: =IFERROR(VLOOKUP($D10,'Adient Taizhou (China) WK.16'!$B:KH,LH$1,0),0) -> 0 | LJ10: 0 | LK10: 0 | LL10: 0 | LM10: =((LF10-(LG10+LH10+LI10)+LL10))+LJ10 -> 680 | LO10: =LM10 -> 680 | LP10: =IFERROR(VLOOKUP($D10,'Adient Assende (Belgium) WK.17'!$B:KL,LQ$1,0),0) -> 160 | LQ10: =IFERROR(VLOOKUP($D10,'Adient Arendal (Malzia) WK.12'!$B:KM,LQ$1,0),0) -> 0 | LR10: =IFERROR(VLOOKUP($D10,'Adient Taizhou (China) WK.16'!$B:KP,LQ$1,0),0) -> 0 | LS10: 0 | LT10: 0 | LU10: =((LO10-(LP10+LQ10+LR10)+LT10)) -> 520 | LW10: =LU10 -> 520 | LX10: =IFERROR(VLOOKUP($D10,'Adient Assende (Belgium) WK.17'!$B:KT,LY$1,0),0) -> 320 | LY10: =IFERROR(VLOOKUP($D10,'Adient Arendal (Malzia) WK.12'!$B:KU,LY$1,0),0) -> 0 | LZ10: =IFERROR(VLOOKUP($D10,'Adient Taizhou (China) WK.16'!$B:KX,LY$1,0),0) -> 0 | MA10: 0 | MB10: 0 | MC10: =((LW10-(LX10+LY10+LZ10)+MB10)) -> 200 | ME10: =MC10 -> 200 | MF10: =IFERROR(VLOOKUP($D10,'Adient Assende (Belgium) WK.17'!$B:LB,MG$1,0),0) -> 0 | MG10: =IFERROR(VLOOKUP($D10,'Adient Arendal (Malzia) WK.12'!$B:LC,MG$1,0),0) -> 0 | MH10: =IFERROR(VLOOKUP($D10,'Adient Taizhou (China) WK.16'!$B:LF,MG$1,0),0) -> 0 | MI10: 0 | MJ10: 0 | MK10: =((ME10-(MF10+MG10+MH10)+MJ10)) -> 200 | MM10: =MK10 -> 200 | MN10: =IFERROR(VLOOKUP($D10,'Adient Assende (Belgium) WK.17'!$B:LJ,MO$1,0),0) -> 160 | MO10: =IFERROR(VLOOKUP($D10,'Adient Arendal (Malzia) WK.12'!$B:LK,MO$1,0),0) -> 0 | MP10: =IFERROR(VLOOKUP($D10,'Adient Taizhou (China) WK.16'!$B:LN,MO$1,0),0) -> 0 | MQ10: 0 | MR10: 0 | MS10: =((MM10-(MN10+MO10+MP10)+MR10)) -> 40 | MU10: =MS10 -> 40 | MV10: =IFERROR(VLOOKUP($D10,'Adient Assende (Belgium) WK.17'!$B:LR,MW$1,0),0) -> 160 | MW10: =IFERROR(VLOOKUP($D10,'Adient Arendal (Malzia) WK.12'!$B:LS,MW$1,0),0) -> 0 | MX10: =IFERROR(VLOOKUP($D10,'Adient Taizhou (China) WK.16'!$B:LV,MW$1,0),0) -> 0 | MY10: 0 | MZ10: 0 | NA10: =((MU10-(MV10+MW10+MX10)+MZ10)) -> -120 | NC10: =NA10 -> -120 | ND10: =IFERROR(VLOOKUP($D10,'Adient Assende (Belgium) WK.17'!$B:LZ,NE$1,0),0) -> 160 | NE10: =IFERROR(VLOOKUP($D10,'Adient Arendal (Malzia) WK.12'!$B:MA,NE$1,0),0) -> 0 | NF10: =IFERROR(VLOOKUP($D10,'Adient Taizhou (China) WK.16'!$B:MD,NE$1,0),0) -> 0 | NG10: 0 | NH10: 0 | NI10: =((NC10-(ND10+NE10+NF10)+NH10)) -> -280 | NK10: =NI10 -> -280 | NL10: =IFERROR(VLOOKUP($D10,'Adient Assende (Belgium) WK.17'!$B:MH,NM$1,0),0) -> 160 | NM10: =IFERROR(VLOOKUP($D10,'Adient Arendal (Malzia) WK.12'!$B:MI,NM$1,0),0) -> 0 | NN10: =IFERROR(VLOOKUP($D10,'Adient Taizhou (China) WK.16'!$B:ML,NM$1,0),0) -> 0 | NO10: 0 | NP10: 0 | NQ10: =((NK10-(NL10+NM10+NN10)+NP10)) -> -440 | NS10: =NQ10 -> -440 | NT10: =IFERROR(VLOOKUP($D10,'Adient Assende (Belgium) WK.17'!$B:MP,NU$1,0),0) -> 160 | NU10: =IFERROR(VLOOKUP($D10,'Adient Arendal (Malzia) WK.12'!$B:MQ,NU$1,0),0) -> 0 | NV10: =IFERROR(VLOOKUP($D10,'Adient Taizhou (China) WK.16'!$B:MT,NU$1,0),0) -> 0 | NW10: 0 | NX10: 0 | NY10: =((NS10-(NT10+NU10+NV10)+NX10)) -> -600 | OA10: =NY10 -> -600 | OB10: =IFERROR(VLOOKUP($D10,'Adient Assende (Belgium) WK.17'!$B:MX,OC$1,0),0) -> 0 | OC10: =IFERROR(VLOOKUP($D10,'Adient Arendal (Malzia) WK.12'!$B:MY,OC$1,0),0) -> 0 | OD10: =IFERROR(VLOOKUP($D10,'Adient Taizhou (China) WK.16'!$B:NB,OC$1,0),0) -> 0 | OE10: 0 | OF10: 0 | OG10: =((OA10-(OB10+OC10+OD10)+OF10)) -> -600 | OI10: =OG10 -> -600 | OJ10: =IFERROR(VLOOKUP($D10,'Adient Assende (Belgium) WK.17'!$B:NF,OK$1,0),0) -> 160 | OK10: =IFERROR(VLOOKUP($D10,'Adient Arendal (Malzia) WK.12'!$B:NG,OK$1,0),0) -> 0 | OL10: =IFERROR(VLOOKUP($D10,'Adient Taizhou (China) WK.16'!$B:NJ,OK$1,0),0) -> 0 | OM10: 0 | ON10: 0 | OO10: =((OI10-(OJ10+OK10+OL10)+ON10)) -> -760 | OQ10: =OO10 -> -760 | OR10: =IFERROR(VLOOKUP($D10,'Adient Assende (Belgium) WK.17'!$B:NN,OS$1,0),0) -> 0 | OS10: =IFERROR(VLOOKUP($D10,'Adient Arendal (Malzia) WK.12'!$B:NO,OS$1,0),0) -> 0 | OT10: =IFERROR(VLOOKUP($D10,'Adient Taizhou (China) WK.16'!$B:NR,OS$1,0),0) -> 0 | OU10: 0 | OV10: 0 | OW10: =((OQ10-(OR10+OS10+OT10)+OV10)) -> -760 | OY10: =OW10 -> -760 | OZ10: =IFERROR(VLOOKUP($D10,'Adient Assende (Belgium) WK.17'!$B:NV,PA$1,0),0) -> 0 | PA10: =IFERROR(VLOOKUP($D10,'Adient Arendal (Malzia) WK.12'!$B:NW,PA$1,0),0) -> 0 | PB10: =IFERROR(VLOOKUP($D10,'Adient Taizhou (China) WK.16'!$B:NZ,PA$1,0),0) -> 0 | PC10: 0 | PD10: 0 | PE10: =((OY10-(OZ10+PA10+PB10)+PD10)) -> -760 | PG10: =PE10 -> -760 | PH10: =IFERROR(VLOOKUP($D10,'Adient Assende (Belgium) WK.17'!$B:OD,PI$1,0),0) -> 0 | PI10: =IFERROR(VLOOKUP($D10,'Adient Arendal (Malzia) WK.12'!$B:OE,PI$1,0),0) -> 0 | PJ10: =IFERROR(VLOOKUP($D10,'Adient Taizhou (China) WK.16'!$B:OH,PI$1,0),0) -> 0 | PK10: 0 | PL10: 0 | PM10: =((PG10-(PH10+PI10+PJ10)+PL10)) -> -760 | PO10: =PM10 -> -760 | PP10: =IFERROR(VLOOKUP($D10,'Adient Assende (Belgium) WK.17'!$B:OL,PQ$1,0),0) -> 0 | PQ10: =IFERROR(VLOOKUP($D10,'Adient Arendal (Malzia) WK.12'!$B:OM,PQ$1,0),0) -> 0 | PR10: =IFERROR(VLOOKUP($D10,'Adient Taizhou (China) WK.16'!$B:OP,PQ$1,0),0) -> 0 | PS10: 0 | PT10: 0 | PU10: =((PO10-(PP10+PQ10+PR10)+PT10)) -> -760 | PW10: =PU10 -> -760 | PX10: =IFERROR(VLOOKUP($D10,'Adient Assende (Belgium) WK.17'!$B:OT,PY$1,0),0) -> 160 | PY10: =IFERROR(VLOOKUP($D10,'Adient Arendal (Malzia) WK.12'!$B:OU,PY$1,0),0) -> 0 | PZ10: =IFERROR(VLOOKUP($D10,'Adient Taizhou (China) WK.16'!$B:OX,PY$1,0),0) -> 0 | QA10: 0 | QB10: 0 | QC10: =((PW10-(PX10+PY10+PZ10)+QB10)) -> -920 | QE10: =QC10 -> -920 | QF10: =IFERROR(VLOOKUP($D10,'Adient Assende (Belgium) WK.17'!$B:PB,QG$1,0),0) -> 0 | QG10: =IFERROR(VLOOKUP($D10,'Adient Arendal (Malzia) WK.12'!$B:PC,QG$1,0),0) -> 0 | QH10: =IFERROR(VLOOKUP($D10,'Adient Taizhou (China) WK.16'!$B:PF,QG$1,0),0) -> 0 | QI10: 0 | QJ10: 0 | QK10: =((QE10-(QF10+QG10+QH10)+QJ10)) -> -920 | QM10: =QK10 -> -920 | QN10: =IFERROR(VLOOKUP($D10,'Adient Assende (Belgium) WK.17'!$B:PJ,QO$1,0),0) -> 160 | QO10: =IFERROR(VLOOKUP($D10,'Adient Arendal (Malzia) WK.12'!$B:PK,QO$1,0),0) -> 0 | QP10: =IFERROR(VLOOKUP($D10,'Adient Taizhou (China) WK.16'!$B:PN,QO$1,0),0) -> 0 | QQ10: 0 | QR10: 0 | QS10: =((QM10-(QN10+QO10+QP10)+QR10)) -> -1080 | QU10: =QS10 -> -1080 | QV10: =IFERROR(VLOOKUP($D10,'Adient Assende (Belgium) WK.17'!$B:PR,QW$1,0),0) -> 80 | QW10: =IFERROR(VLOOKUP($D10,'Adient Arendal (Malzia) WK.12'!$B:PS,QW$1,0),0) -> 0 | QX10: =IFERROR(VLOOKUP($D10,'Adient Taizhou (China) WK.16'!$B:PV,QW$1,0),0) -> 0 | QY10: 0 | QZ10: 0 | RA10: =((QU10-(QV10+QW10+QX10)+QZ10)) -> -1160 | RC10: =RA10 -> -1160 | RD10: =IFERROR(VLOOKUP($D10,'Adient Assende (Belgium) WK.17'!$B:PZ,RE$1,0),0) -> 80 | RE10: =IFERROR(VLOOKUP($D10,'Adient Arendal (Malzia) WK.12'!$B:QA,RE$1,0),0) -> 0 | RF10: =IFERROR(VLOOKUP($D10,'Adient Taizhou (China) WK.16'!$B:QD,RE$1,0),0) -> 0 | RG10: 0 | RH10: 0 | RI10: =((RC10-(RD10+RE10+RF10)+RH10)) -> -1240 | RK10: =RI10 -> -1240 | RL10: =IFERROR(VLOOKUP($D10,'Adient Assende (Belgium) WK.17'!$B:QH,RM$1,0),0) -> 80 | RM10: =IFERROR(VLOOKUP($D10,'Adient Arendal (Malzia) WK.12'!$B:QI,RM$1,0),0) -> 0 | RN10: =IFERROR(VLOOKUP($D10,'Adient Taizhou (China) WK.16'!$B:QL,RM$1,0),0) -> 0 | RO10: 0 | RP10: 0 | RQ10: =((RK10-(RL10+RM10+RN10)+RP10)) -> -1320 | RS10: =RQ10 -> -1320 | RT10: =IFERROR(VLOOKUP($D10,'Adient Assende (Belgium) WK.17'!$B:QP,RU$1,0),0) -> 80 | RU10: =IFERROR(VLOOKUP($D10,'Adient Arendal (Malzia) WK.12'!$B:QQ,RU$1,0),0) -> 0 | RV10: =IFERROR(VLOOKUP($D10,'Adient Taizhou (China) WK.16'!$B:QT,RU$1,0),0) -> 0 | RW10: 0 | RX10: 0 | RY10: =((RS10-(RT10+RU10+RV10)+RX10)) -> -1400 | SA10: =RY10 -> -1400 | SB10: =IFERROR(VLOOKUP($D10,'Adient Assende (Belgium) WK.17'!$B:QX,SC$1,0),0) -> 80 | SC10: =IFERROR(VLOOKUP($D10,'Adient Arendal (Malzia) WK.12'!$B:QY,SC$1,0),0) -> 0 | SD10: =IFERROR(VLOOKUP($D10,'Adient Taizhou (China) WK.16'!$B:RB,SC$1,0),0) -> 0 | SE10: 0 | SF10: 0 | SG10: =((SA10-(SB10+SC10+SD10)+SF10)) -> -1480 | SI10: =SG10 -> -1480 | SJ10: =IFERROR(VLOOKUP($D10,'Adient Assende (Belgium) WK.17'!$B:RF,SK$1,0),0) -> 80 | SK10: =IFERROR(VLOOKUP($D10,'Adient Arendal (Malzia) WK.12'!$B:RG,SK$1,0),0) -> 0 | SL10: =IFERROR(VLOOKUP($D10,'Adient Taizhou (China) WK.16'!$B:RJ,SK$1,0),0) -> 0 | SM10: 0 | SN10: 0 | SO10: =((SI10-(SJ10+SK10+SL10)+SN10)) -> -1560 | SQ10: =SO10 -> -1560 | SR10: =IFERROR(VLOOKUP($D10,'Adient Assende (Belgium) WK.17'!$B:RN,SS$1,0),0) -> 80 | SS10: =IFERROR(VLOOKUP($D10,'Adient Arendal (Malzia) WK.12'!$B:RO,SS$1,0),0) -> 0 | ST10: =IFERROR(VLOOKUP($D10,'Adient Taizhou (China) WK.16'!$B:RR,SS$1,0),0) -> 0 | SU10: 0 | SV10: 0 | SW10: =((SQ10-(SR10+SS10+ST10)+SV10)) -> -1640 | SY10: =SW10 -> -1640 | SZ10: =IFERROR(VLOOKUP($D10,'Adient Assende (Belgium) WK.17'!$B:RV,TA$1,0),0) -> 80 | TA10: =IFERROR(VLOOKUP($D10,'Adient Arendal (Malzia) WK.12'!$B:RW,TA$1,0),0) -> 0 | TB10: =IFERROR(VLOOKUP($D10,'Adient Taizhou (China) WK.16'!$B:RZ,TA$1,0),0) -> 0 | TC10: 0 | TD10: 0 | TE10: =((SY10-(SZ10+TA10+TB10)+TD10)) -> -1720 | TG10: =TE10 -> -1720 | TH10: =IFERROR(VLOOKUP($D10,'Adient Assende (Belgium) WK.17'!$B:SD,TI$1,0),0) -> 130 | TI10: =IFERROR(VLOOKUP($D10,'Adient Arendal (Malzia) WK.12'!$B:SE,TI$1,0),0) -> 0 | TJ10: =IFERROR(VLOOKUP($D10,'Adient Taizhou (China) WK.16'!$B:SH,TI$1,0),0) -> 0 | TK10: 0 | TL10: 0 | TM10: =((TG10-(TH10+TI10+TJ10)+TL10)) -> -1850 | TO10: =TM10 -> -1850 | TP10: =IFERROR(VLOOKUP($D10,'Adient Assende (Belgium) WK.17'!$B:SL,TQ$1,0),0) -> 130 | TQ10: =IFERROR(VLOOKUP($D10,'Adient Arendal (Malzia) WK.12'!$B:SM,TQ$1,0),0) -> 0 | TR10: =IFERROR(VLOOKUP($D10,'Adient Taizhou (China) WK.16'!$B:SP,TQ$1,0),0) -> 0 | TS10: 0 | TT10: 0 | TU10: =((TO10-(TP10+TQ10+TR10)+TT10)) -> -1980 | TW10: =TU10 -> -1980 | TX10: =IFERROR(VLOOKUP($D10,'Adient Assende (Belgium) WK.17'!$B:ST,TY$1,0),0) -> 130 | TY10: =IFERROR(VLOOKUP($D10,'Adient Arendal (Malzia) WK.12'!$B:SU,TY$1,0),0) -> 0 | TZ10: =IFERROR(VLOOKUP($D10,'Adient Taizhou (China) WK.16'!$B:SX,TY$1,0),0) -> 0 | UA10: 0 | UB10: 0 | UC10: =((TW10-(TX10+TY10+TZ10)+UB10)) -> -2110 | UE10: =UC10 -> -2110 | UF10: =IFERROR(VLOOKUP($D10,'Adient Assende (Belgium) WK.17'!$B:TB,UG$1,0),0) -> 130 | UG10: =IFERROR(VLOOKUP($D10,'Adient Arendal (Malzia) WK.12'!$B:TC,UG$1,0),0) -> 0 | UH10: =IFERROR(VLOOKUP($D10,'Adient Taizhou (China) WK.16'!$B:TF,UG$1,0),0) -> 0 | UI10: 0 | UJ10: 0 | UK10: =((UE10-(UF10+UG10+UH10)+UJ10)) -> -2240 | UM10: =UK10 -> -2240 | UN10: =IFERROR(VLOOKUP($D10,'Adient Assende (Belgium) WK.17'!$B:TJ,UO$1,0),0) -> 120 | UO10: =IFERROR(VLOOKUP($D10,'Adient Arendal (Malzia) WK.12'!$B:TK,UO$1,0),0) -> 0 | UP10: =IFERROR(VLOOKUP($D10,'Adient Taizhou (China) WK.16'!$B:TN,UO$1,0),0) -> 0 | UQ10: 0 | UR10: 0 | US10: =((UM10-(UN10+UO10+UP10)+UR10)) -> -2360 | UU10: =US10 -> -2360 | UV10: =IFERROR(VLOOKUP($D10,'Adient Assende (Belgium) WK.17'!$B:TR,UW$1,0),0) -> 160 | UW10: =IFERROR(VLOOKUP($D10,'Adient Arendal (Malzia) WK.12'!$B:TS,UW$1,0),0) -> 0 | UX10: =IFERROR(VLOOKUP($D10,'Adient Taizhou (China) WK.16'!$B:TV,UW$1,0),0) -> 0 | UY10: 0 | UZ10: 0 | VA10: =((UU10-(UV10+UW10+UX10)+UZ10)) -> -2520 | VC10: =VA10 -> -2520 | VD10: =IFERROR(VLOOKUP($D10,'Adient Assende (Belgium) WK.17'!$B:TZ,VE$1,0),0) -> 160 | VE10: =IFERROR(VLOOKUP($D10,'Adient Arendal (Malzia) WK.12'!$B:UA,VE$1,0),0) -> 0 | VF10: =IFERROR(VLOOKUP($D10,'Adient Taizhou (China) WK.16'!$B:UD,VE$1,0),0) -> 0 | VG10: 0 | VH10: 0 | VI10: =((VC10-(VD10+VE10+VF10)+VH10)) -> -2680 | VK10: =VI10 -> -2680 | VL10: =IFERROR(VLOOKUP($D10,'Adient Assende (Belgium) WK.17'!$B:UH,VM$1,0),0) -> 0 | VM10: =IFERROR(VLOOKUP($D10,'Adient Arendal (Malzia) WK.12'!$B:UI,VM$1,0),0) -> 0 | VN10: =IFERROR(VLOOKUP($D10,'Adient Taizhou (China) WK.16'!$B:UL,VM$1,0),0) -> 0 | VO10: 0 | VP10: 0 | VQ10: =((VK10-(VL10+VM10+VN10)+VP10)) -> -2680
A11: VOLVO | B11: JCI2 LH | C11: 32248363 | D11: 4172755 | E11: 40 | H11: 1640 | I11: =IFERROR(VLOOKUP($D11,'Adient Assende (Belgium) WK.17'!$B:C,J$1,0),0) -> 0 | J11: =IFERROR(VLOOKUP($D11,'Adient Arendal (Malzia) WK.12'!$B:C,J$1,0),0) -> 0 | K11: =IFERROR(VLOOKUP($D11,'Adient Taizhou (China) WK.16'!$B:C,J$1,0),0) -> 0 | L11: 480 | M11: 0 | N11: =((H11-(L11+J11+K11))+M11) -> 1160 | P11: =N11 -> 1160 | Q11: =IFERROR(VLOOKUP($D11,'Adient Assende (Belgium) WK.17'!$B:K,R$1,0),0) -> 480 | R11: =IFERROR(VLOOKUP($D11,'Adient Arendal (Malzia) WK.12'!$B:K,R$1,0),0) -> 0 | S11: =IFERROR(VLOOKUP($D11,'Adient Taizhou (China) WK.16'!$B:K,R$1,0),0) -> 0 | T11: 160 | U11: 0 | V11: =((P11-(T11+R11+S11))+U11) -> 1000 | X11: =V11 -> 1000 | Y11: =IFERROR(VLOOKUP($D11,'Adient Assende (Belgium) WK.17'!$B:S,Z$1,0),0) -> 160 | Z11: =IFERROR(VLOOKUP($D11,'Adient Arendal (Malzia) WK.12'!$B:S,Z$1,0),0) -> 0 | AA11: =IFERROR(VLOOKUP($D11,'Adient Taizhou (China) WK.16'!$B:S,Z$1,0),0) -> 0 | AB11: 0 | AC11: 0 | AD11: =((X11-(AB11+Z11+AA11))+AC11) -> 1000 | AF11: =AD11 -> 1000 | AG11: =IFERROR(VLOOKUP($D11,'Adient Assende (Belgium) WK.17'!$B:AA,AH$1,0),0) -> 0 | AH11: =IFERROR(VLOOKUP($D11,'Adient Arendal (Malzia) WK.12'!$B:AA,AH$1,0),0) -> 0 | AI11: =IFERROR(VLOOKUP($D11,'Adient Taizhou (China) WK.16'!$B:AA,AH$1,0),0) -> 0 | AJ11: 160 | AK11: 0 | AL11: =((AF11-(AJ11+AH11+AI11))+AK11) -> 840 | AN11: =AL11 -> 840 | AO11: =IFERROR(VLOOKUP($D11,'Adient Assende (Belgium) WK.17'!$B:AI,AP$1,0),0) -> 160 | AP11: =IFERROR(VLOOKUP($D11,'Adient Arendal (Malzia) WK.12'!$B:AI,AP$1,0),0) -> 0 | AQ11: =IFERROR(VLOOKUP($D11,'Adient Taizhou (China) WK.16'!$B:AI,AP$1,0),0) -> 0 | AR11: 0 | AS11: 320 | AT11: 0 | AU11: =((AN11-(AS11+AP11+AQ11))+AT11)+AR11 -> 520 | AW11: =AU11 -> 520 | AX11: =IFERROR(VLOOKUP($D11,'Adient Assende (Belgium) WK.17'!$B:AR,AY$1,0),0) -> 320 | AY11: =IFERROR(VLOOKUP($D11,'Adient Arendal (Malzia) WK.12'!$B:AR,AY$1,0),0) -> 0 | AZ11: =IFERROR(VLOOKUP($D11,'Adient Taizhou (China) WK.16'!$B:AU,AY$1,0),0) -> 0 | BA11: 160 | BB11: 0 | BC11: =((AW11-(BA11+AY11+AZ11))+BB11) -> 360 | BE11: =BC11 -> 360 | BF11: =IFERROR(VLOOKUP($D11,'Adient Assende (Belgium) WK.17'!$B:AX,BG$1,0),0) -> 160 | BG11: =IFERROR(VLOOKUP($D11,'Adient Arendal (Malzia) WK.12'!$B:AZ,BG$1,0),0) -> 0 | BH11: =IFERROR(VLOOKUP($D11,'Adient Taizhou (China) WK.16'!$B:BB,BG$1,0),0) -> 0 | BI11: 0 | BJ11: 0 | BK11: 160 | BL11: 0 | BM11: =((BE11-(BK11+BG11+BH11))+BL11)+BI11+BJ11 -> 200 | BO11: =BM11 -> 200 | BP11: =IFERROR(VLOOKUP($D11,'Adient Assende (Belgium) WK.17'!$B:BH,BQ$1,0),0) -> 160 | BQ11: =IFERROR(VLOOKUP($D11,'Adient Arendal (Malzia) WK.12'!$B:BI,BQ$1,0),0) -> 0 | BR11: =IFERROR(VLOOKUP($D11,'Adient Taizhou (China) WK.16'!$B:BL,BQ$1,0),0) -> 0 | BS11: 0 | BT11: 400 | BU11: 0 | BV11: 160 | BW11: 0 | BX11: =((BO11-(BV11+BQ11+BR11))+BW11)+BS11+BT11+BU11 -> 440 | BZ11: =BX11 -> 440 | CA11: =IFERROR(VLOOKUP($D11,'Adient Assende (Belgium) WK.17'!$B:BS,CB$1,0),0) -> 160 | CB11: =IFERROR(VLOOKUP($D11,'Adient Arendal (Malzia) WK.12'!$B:BT,CB$1,0),0) -> 0 | CC11: =IFERROR(VLOOKUP($D11,'Adient Taizhou (China) WK.16'!$B:BW,CB$1,0),0) -> 0 | CD11: 0 | CE11: 0 | CF11: 160 | CG11: 0 | CH11: =((BZ11-(CF11+CB11+CC11))+CG11)+CD11+CE11 -> 280 | CJ11: =CH11 -> 280 | CK11: =IFERROR(VLOOKUP($D11,'Adient Assende (Belgium) WK.17'!$B:CC,CL$1,0),0) -> 160 | CL11: =IFERROR(VLOOKUP($D11,'Adient Arendal (Malzia) WK.12'!$B:CD,CL$1,0),0) -> 0 | CM11: =IFERROR(VLOOKUP($D11,'Adient Taizhou (China) WK.16'!$B:CG,CL$1,0),0) -> 0 | CN11: 240 | CO11: 0 | CP11: 0 | CQ11: =((CJ11-(CO11+CL11+CM11))+CP11)+CN11 -> 520 | CS11: =CQ11 -> 520 | CT11: =IFERROR(VLOOKUP($D11,'Adient Assende (Belgium) WK.17'!$B:CL,CU$1,0),0) -> 0 | CU11: =IFERROR(VLOOKUP($D11,'Adient Arendal (Malzia) WK.12'!$B:CM,CU$1,0),0) -> 0 | CV11: =IFERROR(VLOOKUP($D11,'Adient Taizhou (China) WK.16'!$B:CP,CU$1,0),0) -> 0 | CW11: 0 | CX11: 0 | CY11: 160 | CZ11: 0 | DA11: =((CS11-(CY11+CU11+CV11))+CZ11)+CW11+CX11 -> 360 | DC11: =DA11 -> 360 | DD11: =IFERROR(VLOOKUP($D11,'Adient Assende (Belgium) WK.17'!$B:CS,DE$1,0),0) -> 160 | DE11: =IFERROR(VLOOKUP($D11,'Adient Arendal (Malzia) WK.12'!$B:CU,DE$1,0),0) -> 0 | DF11: =IFERROR(VLOOKUP($D11,'Adient Taizhou (China) WK.16'!$B:CX,DE$1,0),0) -> 0 | DG11: 360 | DH11: 160 | DI11: 0 | DJ11: =((DC11-(DH11+DE11+DF11))+DI11)+DG11 -> 560 | DL11: =DJ11 -> 560 | DM11: =IFERROR(VLOOKUP($D11,'Adient Assende (Belgium) WK.17'!$B:DB,DN$1,0),0) -> 160 | DN11: =IFERROR(VLOOKUP($D11,'Adient Arendal (Malzia) WK.12'!$B:DC,DN$1,0),0) -> 0 | DO11: =IFERROR(VLOOKUP($D11,'Adient Taizhou (China) WK.16'!$B:DF,DN$1,0),0) -> 0 | DP11: 160 | DQ11: 0 | DR11: =((DL11-(DN11+DO11+DP11)+DQ11)) -> 400 | DT11: =DR11 -> 400 | DU11: =IFERROR(VLOOKUP($D11,'Adient Assende (Belgium) WK.17'!$B:DJ,DV$1,0),0) -> 160 | DV11: =IFERROR(VLOOKUP($D11,'Adient Arendal (Malzia) WK.12'!$B:DK,DV$1,0),0) -> 0 | DW11: =IFERROR(VLOOKUP($D11,'Adient Taizhou (China) WK.16'!$B:DN,DV$1,0),0) -> 0 | DX11: 360 | DY11: 320 | DZ11: 160 | EA11: 0 | EB11: =((DT11-(DV11+DW11+DZ11)+EA11))+DX11+DY11 -> 920 | ED11: =EB11 -> 920 | EE11: =IFERROR(VLOOKUP($D11,'Adient Assende (Belgium) WK.17'!$B:DR,EF$1,0),0) -> 160 | EF11: =IFERROR(VLOOKUP($D11,'Adient Arendal (Malzia) WK.12'!$B:DS,EF$1,0),0) -> 0 | EG11: =IFERROR(VLOOKUP($D11,'Adient Taizhou (China) WK.16'!$B:DV,EF$1,0),0) -> 0 | EH11: 120 | EI11: 160 | EJ11: 0 | EK11: =((ED11-(EF11+EG11+EI11)+EJ11))+EH11 -> 880 | EM11: =EK11 -> 880 | EN11: =IFERROR(VLOOKUP($D11,'Adient Assende (Belgium) WK.17'!$B:DZ,EO$1,0),0) -> 160 | EO11: =IFERROR(VLOOKUP($D11,'Adient Arendal (Malzia) WK.12'!$B:EA,EO$1,0),0) -> 0 | EP11: =IFERROR(VLOOKUP($D11,'Adient Taizhou (China) WK.16'!$B:ED,EO$1,0),0) -> 0 | EQ11: 0 | ER11: 0 | ES11: =((EM11-(EO11+EP11+EQ11)+ER11)) -> 880 | EU11: =ES11 -> 880 | EV11: =IFERROR(VLOOKUP($D11,'Adient Assende (Belgium) WK.17'!$B:EH,EW$1,0),0) -> 0 | EW11: =IFERROR(VLOOKUP($D11,'Adient Arendal (Malzia) WK.12'!$B:EI,EW$1,0),0) -> 0 | EX11: =IFERROR(VLOOKUP($D11,'Adient Taizhou (China) WK.16'!$B:EL,EW$1,0),0) -> 0 | EY11: 0 | EZ11: 0 | FA11: =((EU11-(EW11+EX11+EY11)+EZ11)) -> 880 | FC11: =FA11 -> 880 | FD11: =IFERROR(VLOOKUP($D11,'Adient Assende (Belgium) WK.17'!$B:EP,FE$1,0),0) -> 0 | FE11: =IFERROR(VLOOKUP($D11,'Adient Arendal (Malzia) WK.12'!$B:EQ,FE$1,0),0) -> 0 | FF11: =IFERROR(VLOOKUP($D11,'Adient Taizhou (China) WK.16'!$B:ET,FE$1,0),0) -> 0 | FG11: 0 | FH11: 0 | FI11: =((FC11-(FE11+FF11+FG11)+FH11)) -> 880 | FK11: =FI11 -> 880 | FL11: =IFERROR(VLOOKUP($D11,'Adient Assende (Belgium) WK.17'!$B:EX,FM$1,0),0) -> 0 | FM11: =IFERROR(VLOOKUP($D11,'Adient Arendal (Malzia) WK.12'!$B:EY,FM$1,0),0) -> 0 | FN11: =IFERROR(VLOOKUP($D11,'Adient Taizhou (China) WK.16'!$B:FB,FM$1,0),0) -> 0 | FO11: 160 | FP11: 0 | FQ11: =((FK11-(FM11+FN11+FO11)+FP11)) -> 720 | FS11: =FQ11 -> 720 | FT11: =IFERROR(VLOOKUP($D11,'Adient Assende (Belgium) WK.17'!$B:FF,FU$1,0),0) -> 160 | FU11: =IFERROR(VLOOKUP($D11,'Adient Arendal (Malzia) WK.12'!$B:FG,FU$1,0),0) -> 0 | FV11: =IFERROR(VLOOKUP($D11,'Adient Taizhou (China) WK.16'!$B:FJ,FU$1,0),0) -> 0 | FW11: 200 | FX11: 0 | FY11: 200 | FZ11: 320 | GA11: 0 | GB11: 160 | GC11: 0 | GD11: =((FS11-(FU11+FV11+GB11)+GC11))+FW11+FX11+FY11+FZ11+GA11 -> 1280 | GF11: =GD11 -> 1280 | GG11: =IFERROR(VLOOKUP($D11,'Adient Assende (Belgium) WK.17'!$B:FN,GH$1,0),0) -> 160 | GH11: =IFERROR(VLOOKUP($D11,'Adient Arendal (Malzia) WK.12'!$B:FO,GH$1,0),0) -> 0 | GI11: =IFERROR(VLOOKUP($D11,'Adient Taizhou (China) WK.16'!$B:FR,GH$1,0),0) -> 0 | GJ11: 0 | GK11: 0 | GL11: 0 | GM11: =((GF11-(GH11+GI11+GK11)+GL11))+GJ11 -> 1280 | GO11: =GM11 -> 1280 | GP11: =IFERROR(VLOOKUP($D11,'Adient Assende (Belgium) WK.17'!$B:FV,GQ$1,0),0) -> 0 | GQ11: =IFERROR(VLOOKUP($D11,'Adient Arendal (Malzia) WK.12'!$B:FW,GQ$1,0),0) -> 0 | GR11: =IFERROR(VLOOKUP($D11,'Adient Taizhou (China) WK.16'!$B:FZ,GQ$1,0),0) -> 0 | GS11: 0 | GT11: 0 | GU11: 0 | GV11: =((GO11-(GQ11+GR11+GT11)+GU11))+GS11 -> 1280 | GX11: =GV11 -> 1280 | GY11: =IFERROR(VLOOKUP($D11,'Adient Assende (Belgium) WK.17'!$B:GD,GZ$1,0),0) -> 0 | GZ11: =IFERROR(VLOOKUP($D11,'Adient Arendal (Malzia) WK.12'!$B:GE,GZ$1,0),0) -> 0 | HA11: =IFERROR(VLOOKUP($D11,'Adient Taizhou (China) WK.16'!$B:GH,GZ$1,0),0) -> 0 | HB11: 0 | HC11: 160 | HD11: 0 | HE11: =((GX11-(GZ11+HA11+HC11)+HD11))+HB11 -> 1120 | HG11: =HE11 -> 1120 | HH11: =IFERROR(VLOOKUP($D11,'Adient Assende (Belgium) WK.17'!$B:GL,HI$1,0),0) -> 160 | HI11: =IFERROR(VLOOKUP($D11,'Adient Arendal (Malzia) WK.12'!$B:GM,HI$1,0),0) -> 0 | HJ11: =IFERROR(VLOOKUP($D11,'Adient Taizhou (China) WK.16'!$B:GP,HI$1,0),0) -> 0 | HK11: 0 | HL11: 160 | HM11: 0 | HN11: =((HG11-(HI11+HJ11+HL11)+HM11))+HK11 -> 960 | HP11: =HN11 -> 960 | HQ11: =IFERROR(VLOOKUP($D11,'Adient Assende (Belgium) WK.17'!$B:GT,HR$1,0),0) -> 160 | HR11: =IFERROR(VLOOKUP($D11,'Adient Arendal (Malzia) WK.12'!$B:GU,HR$1,0),0) -> 0 | HS11: =IFERROR(VLOOKUP($D11,'Adient Taizhou (China) WK.16'!$B:GX,HR$1,0),0) -> 0 | HT11: 0 | HU11: 0 | HV11: 0 | HW11: =((HP11-(HR11+HS11+HU11)+HV11))+HT11 -> 960 | HY11: =HW11 -> 960 | HZ11: =IFERROR(VLOOKUP($D11,'Adient Assende (Belgium) WK.17'!$B:HB,IA$1,0),0) -> 0 | IA11: =IFERROR(VLOOKUP($D11,'Adient Arendal (Malzia) WK.12'!$B:HC,IA$1,0),0) -> 0 | IB11: =IFERROR(VLOOKUP($D11,'Adient Taizhou (China) WK.16'!$B:HF,IA$1,0),0) -> 0 | IC11: 0 | ID11: 160 | IE11: 0 | IF11: =((HY11-(IA11+IB11+ID11)+IE11))+IC11 -> 800 | IH11: =IF11 -> 800 | II11: =IFERROR(VLOOKUP($D11,'Adient Assende (Belgium) WK.17'!$B:HJ,IJ$1,0),0) -> 160 | IJ11: =IFERROR(VLOOKUP($D11,'Adient Arendal (Malzia) WK.12'!$B:HK,IJ$1,0),0) -> 0 | IK11: =IFERROR(VLOOKUP($D11,'Adient Taizhou (China) WK.16'!$B:HN,IJ$1,0),0) -> 0 | IL11: 320 | IM11: 0 | IN11: =((IH11-(IJ11+IK11+IL11)+IM11)) -> 480 | IP11: =IN11 -> 480 | IQ11: =IFERROR(VLOOKUP($D11,'Adient Assende (Belgium) WK.17'!$B:HR,IR$1,0),0) -> 320 | IR11: =IFERROR(VLOOKUP($D11,'Adient Arendal (Malzia) WK.12'!$B:HS,IR$1,0),0) -> 0 | IS11: =IFERROR(VLOOKUP($D11,'Adient Taizhou (China) WK.16'!$B:HV,IR$1,0),0) -> 0 | IT11: 0 | IU11: 160 | IV11: 0 | IW11: =((IP11-(IR11+IS11+IU11)+IV11))+IT11 -> 320 | IY11: =IW11 -> 320 | IZ11: =IFERROR(VLOOKUP($D11,'Adient Assende (Belgium) WK.17'!$B:HZ,JA$1,0),0) -> 160 | JA11: =IFERROR(VLOOKUP($D11,'Adient Arendal (Malzia) WK.12'!$B:IA,JA$1,0),0) -> 0 | JB11: =IFERROR(VLOOKUP($D11,'Adient Taizhou (China) WK.16'!$B:ID,JA$1,0),0) -> 0 | JC11: 0 | JD11: 0 | JE11: =((IY11-(JA11+JB11+JC11)+JD11)) -> 320 | JG11: =JE11 -> 320 | JH11: =IFERROR(VLOOKUP($D11,'Adient Assende (Belgium) WK.17'!$B:IH,JI$1,0),0) -> 0 | JI11: =IFERROR(VLOOKUP($D11,'Adient Arendal (Malzia) WK.12'!$B:II,JI$1,0),0) -> 0 | JJ11: =IFERROR(VLOOKUP($D11,'Adient Taizhou (China) WK.16'!$B:IL,JI$1,0),0) -> 0 | JK11: 160 | JL11: 160 | JM11: 0 | JN11: =((JG11-(JI11+JJ11+JL11)+JM11))+JK11 -> 320 | JP11: =JN11 -> 320 | JQ11: =IFERROR(VLOOKUP($D11,'Adient Assende (Belgium) WK.17'!$B:IP,JR$1,0),0) -> 160 | JR11: =IFERROR(VLOOKUP($D11,'Adient Arendal (Malzia) WK.12'!$B:IQ,JR$1,0),0) -> 0 | JS11: =IFERROR(VLOOKUP($D11,'Adient Taizhou (China) WK.16'!$B:IT,JR$1,0),0) -> 0 | JT11: 0 | JU11: 0 | JV11: =((JP11-(JR11+JS11+JT11)+JU11)) -> 320 | JX11: =JV11 -> 320 | JY11: =IFERROR(VLOOKUP($D11,'Adient Assende (Belgium) WK.17'!$B:IX,JZ$1,0),0) -> 0 | JZ11: =IFERROR(VLOOKUP($D11,'Adient Arendal (Malzia) WK.12'!$B:IY,JZ$1,0),0) -> 0 | KA11: =IFERROR(VLOOKUP($D11,'Adient Taizhou (China) WK.16'!$B:JB,JZ$1,0),0) -> 0 | KB11: 0 | KC11: 0 | KD11: =((JX11-(JZ11+KA11+KB11)+KC11)) -> 320 | KF11: =KD11 -> 320 | KG11: =IFERROR(VLOOKUP($D11,'Adient Assende (Belgium) WK.17'!$B:JF,KH$1,0),0) -> 0 | KH11: =IFERROR(VLOOKUP($D11,'Adient Arendal (Malzia) WK.12'!$B:JG,KH$1,0),0) -> 0 | KI11: =IFERROR(VLOOKUP($D11,'Adient Taizhou (China) WK.16'!$B:JJ,KH$1,0),0) -> 0 | KJ11: 80 | KK11: 160 | KL11: 0 | KM11: =((KF11-(KH11+KI11+KK11)+KL11))+KJ11 -> 240 | KO11: =KM11 -> 240 | KP11: =IFERROR(VLOOKUP($D11,'Adient Assende (Belgium) WK.17'!$B:JN,KQ$1,0),0) -> 160 | KQ11: =IFERROR(VLOOKUP($D11,'Adient Arendal (Malzia) WK.12'!$B:JO,KQ$1,0),0) -> 0 | KR11: =IFERROR(VLOOKUP($D11,'Adient Taizhou (China) WK.16'!$B:JR,KQ$1,0),0) -> 0 | KS11: 160 | KT11: 0 | KU11: 0 | KV11: =((KO11-(KQ11+KR11+KT11)+KU11))+KS11 -> 400 | KX11: =KV11 -> 400 | KY11: =IFERROR(VLOOKUP($D11,'Adient Assende (Belgium) WK.17'!$B:JV,KZ$1,0),0) -> 0 | KZ11: =IFERROR(VLOOKUP($D11,'Adient Arendal (Malzia) WK.12'!$B:JW,KZ$1,0),0) -> 0 | LA11: =IFERROR(VLOOKUP($D11,'Adient Taizhou (China) WK.16'!$B:JZ,KZ$1,0),0) -> 0 | LB11: 0 | LC11: 0 | LD11: =((KX11-(KZ11+LA11+LB11)+LC11)) -> 400 | LF11: =LD11 -> 400 | LG11: =IFERROR(VLOOKUP($D11,'Adient Assende (Belgium) WK.17'!$B:KD,LH$1,0),0) -> 160 | LH11: =IFERROR(VLOOKUP($D11,'Adient Arendal (Malzia) WK.12'!$B:KE,LH$1,0),0) -> 0 | LI11: =IFERROR(VLOOKUP($D11,'Adient Taizhou (China) WK.16'!$B:KH,LH$1,0),0) -> 0 | LJ11: 0 | LK11: 0 | LL11: 0 | LM11: =((LF11-(LG11+LH11+LI11)+LL11))+LJ11 -> 240 | LO11: =LM11 -> 240 | LP11: =IFERROR(VLOOKUP($D11,'Adient Assende (Belgium) WK.17'!$B:KL,LQ$1,0),0) -> 0 | LQ11: =IFERROR(VLOOKUP($D11,'Adient Arendal (Malzia) WK.12'!$B:KM,LQ$1,0),0) -> 0 | LR11: =IFERROR(VLOOKUP($D11,'Adient Taizhou (China) WK.16'!$B:KP,LQ$1,0),0) -> 0 | LS11: 0 | LT11: 0 | LU11: =((LO11-(LP11+LQ11+LR11)+LT11)) -> 240 | LW11: =LU11 -> 240 | LX11: =IFERROR(VLOOKUP($D11,'Adient Assende (Belgium) WK.17'!$B:KT,LY$1,0),0) -> 160 | LY11: =IFERROR(VLOOKUP($D11,'Adient Arendal (Malzia) WK.12'!$B:KU,LY$1,0),0) -> 0 | LZ11: =IFERROR(VLOOKUP($D11,'Adient Taizhou (China) WK.16'!$B:KX,LY$1,0),0) -> 0 | MA11: 0 | MB11: 0 | MC11: =((LW11-(LX11+LY11+LZ11)+MB11)) -> 80 | ME11: =MC11 -> 80 | MF11: =IFERROR(VLOOKUP($D11,'Adient Assende (Belgium) WK.17'!$B:LB,MG$1,0),0) -> 0 | MG11: =IFERROR(VLOOKUP($D11,'Adient Arendal (Malzia) WK.12'!$B:LC,MG$1,0),0) -> 0 | MH11: =IFERROR(VLOOKUP($D11,'Adient Taizhou (China) WK.16'!$B:LF,MG$1,0),0) -> 0 | MI11: 0 | MJ11: 0 | MK11: =((ME11-(MF11+MG11+MH11)+MJ11)) -> 80 | MM11: =MK11 -> 80 | MN11: =IFERROR(VLOOKUP($D11,'Adient Assende (Belgium) WK.17'!$B:LJ,MO$1,0),0) -> 0 | MO11: =IFERROR(VLOOKUP($D11,'Adient Arendal (Malzia) WK.12'!$B:LK,MO$1,0),0) -> 0 | MP11: =IFERROR(VLOOKUP($D11,'Adient Taizhou (China) WK.16'!$B:LN,MO$1,0),0) -> 0 | MQ11: 0 | MR11: 0 | MS11: =((MM11-(MN11+MO11+MP11)+MR11)) -> 80 | MU11: =MS11 -> 80 | MV11: =IFERROR(VLOOKUP($D11,'Adient Assende (Belgium) WK.17'!$B:LR,MW$1,0),0) -> 160 | MW11: =IFERROR(VLOOKUP($D11,'Adient Arendal (Malzia) WK.12'!$B:LS,MW$1,0),0) -> 0 | MX11: =IFERROR(VLOOKUP($D11,'Adient Taizhou (China) WK.16'!$B:LV,MW$1,0),0) -> 0 | MY11: 0 | MZ11: 0 | NA11: =((MU11-(MV11+MW11+MX11)+MZ11)) -> -80 | NC11: =NA11 -> -80 | ND11: =IFERROR(VLOOKUP($D11,'Adient Assende (Belgium) WK.17'!$B:LZ,NE$1,0),0) -> 160 | NE11: =IFERROR(VLOOKUP($D11,'Adient Arendal (Malzia) WK.12'!$B:MA,NE$1,0),0) -> 0 | NF11: =IFERROR(VLOOKUP($D11,'Adient Taizhou (China) WK.16'!$B:MD,NE$1,0),0) -> 0 | NG11: 0 | NH11: 0 | NI11: =((NC11-(ND11+NE11+NF11)+NH11)) -> -240 | NK11: =NI11 -> -240 | NL11: =IFERROR(VLOOKUP($D11,'Adient Assende (Belgium) WK.17'!$B:MH,NM$1,0),0) -> 0 | NM11: =IFERROR(VLOOKUP($D11,'Adient Arendal (Malzia) WK.12'!$B:MI,NM$1,0),0) -> 0 | NN11: =IFERROR(VLOOKUP($D11,'Adient Taizhou (China) WK.16'!$B:ML,NM$1,0),0) -> 0 | NO11: 0 | NP11: 0 | NQ11: =((NK11-(NL11+NM11+NN11)+NP11)) -> -240 | NS11: =NQ11 -> -240 | NT11: =IFERROR(VLOOKUP($D11,'Adient Assende (Belgium) WK.17'!$B:MP,NU$1,0),0) -> 160 | NU11: =IFERROR(VLOOKUP($D11,'Adient Arendal (Malzia) WK.12'!$B:MQ,NU$1,0),0) -> 0 | NV11: =IFERROR(VLOOKUP($D11,'Adient Taizhou (China) WK.16'!$B:MT,NU$1,0),0) -> 0 | NW11: 0 | NX11: 0 | NY11: =((NS11-(NT11+NU11+NV11)+NX11)) -> -400 | OA11: =NY11 -> -400 | OB11: =IFERROR(VLOOKUP($D11,'Adient Assende (Belgium) WK.17'!$B:MX,OC$1,0),0) -> 0 | OC11: =IFERROR(VLOOKUP($D11,'Adient Arendal (Malzia) WK.12'!$B:MY,OC$1,0),0) -> 0 | OD11: =IFERROR(VLOOKUP($D11,'Adient Taizhou (China) WK.16'!$B:NB,OC$1,0),0) -> 0 | OE11: 0 | OF11: 0 | OG11: =((OA11-(OB11+OC11+OD11)+OF11)) -> -400 | OI11: =OG11 -> -400 | OJ11: =IFERROR(VLOOKUP($D11,'Adient Assende (Belgium) WK.17'!$B:NF,OK$1,0),0) -> 160 | OK11: =IFERROR(VLOOKUP($D11,'Adient Arendal (Malzia) WK.12'!$B:NG,OK$1,0),0) -> 0 | OL11: =IFERROR(VLOOKUP($D11,'Adient Taizhou (China) WK.16'!$B:NJ,OK$1,0),0) -> 0 | OM11: 0 | ON11: 0 | OO11: =((OI11-(OJ11+OK11+OL11)+ON11)) -> -560 | OQ11: =OO11 -> -560 | OR11: =IFERROR(VLOOKUP($D11,'Adient Assende (Belgium) WK.17'!$B:NN,OS$1,0),0) -> 0 | OS11: =IFERROR(VLOOKUP($D11,'Adient Arendal (Malzia) WK.12'!$B:NO,OS$1,0),0) -> 0 | OT11: =IFERROR(VLOOKUP($D11,'Adient Taizhou (China) WK.16'!$B:NR,OS$1,0),0) -> 0 | OU11: 0 | OV11: 0 | OW11: =((OQ11-(OR11+OS11+OT11)+OV11)) -> -560 | OY11: =OW11 -> -560 | OZ11: =IFERROR(VLOOKUP($D11,'Adient Assende (Belgium) WK.17'!$B:NV,PA$1,0),0) -> 0 | PA11: =IFERROR(VLOOKUP($D11,'Adient Arendal (Malzia) WK.12'!$B:NW,PA$1,0),0) -> 0 | PB11: =IFERROR(VLOOKUP($D11,'Adient Taizhou (China) WK.16'!$B:NZ,PA$1,0),0) -> 0 | PC11: 0 | PD11: 0 | PE11: =((OY11-(OZ11+PA11+PB11)+PD11)) -> -560 | PG11: =PE11 -> -560 | PH11: =IFERROR(VLOOKUP($D11,'Adient Assende (Belgium) WK.17'!$B:OD,PI$1,0),0) -> 0 | PI11: =IFERROR(VLOOKUP($D11,'Adient Arendal (Malzia) WK.12'!$B:OE,PI$1,0),0) -> 0 | PJ11: =IFERROR(VLOOKUP($D11,'Adient Taizhou (China) WK.16'!$B:OH,PI$1,0),0) -> 0 | PK11: 0 | PL11: 0 | PM11: =((PG11-(PH11+PI11+PJ11)+PL11)) -> -560 | PO11: =PM11 -> -560 | PP11: =IFERROR(VLOOKUP($D11,'Adient Assende (Belgium) WK.17'!$B:OL,PQ$1,0),0) -> 0 | PQ11: =IFERROR(VLOOKUP($D11,'Adient Arendal (Malzia) WK.12'!$B:OM,PQ$1,0),0) -> 0 | PR11: =IFERROR(VLOOKUP($D11,'Adient Taizhou (China) WK.16'!$B:OP,PQ$1,0),0) -> 0 | PS11: 0 | PT11: 0 | PU11: =((PO11-(PP11+PQ11+PR11)+PT11)) -> -560 | PW11: =PU11 -> -560 | PX11: =IFERROR(VLOOKUP($D11,'Adient Assende (Belgium) WK.17'!$B:OT,PY$1,0),0) -> 160 | PY11: =IFERROR(VLOOKUP($D11,'Adient Arendal (Malzia) WK.12'!$B:OU,PY$1,0),0) -> 0 | PZ11: =IFERROR(VLOOKUP($D11,'Adient Taizhou (China) WK.16'!$B:OX,PY$1,0),0) -> 0 | QA11: 0 | QB11: 0 | QC11: =((PW11-(PX11+PY11+PZ11)+QB11)) -> -720 | QE11: =QC11 -> -720 | QF11: =IFERROR(VLOOKUP($D11,'Adient Assende (Belgium) WK.17'!$B:PB,QG$1,0),0) -> 0 | QG11: =IFERROR(VLOOKUP($D11,'Adient Arendal (Malzia) WK.12'!$B:PC,QG$1,0),0) -> 0 | QH11: =IFERROR(VLOOKUP($D11,'Adient Taizhou (China) WK.16'!$B:PF,QG$1,0),0) -> 0 | QI11: 0 | QJ11: 0 | QK11: =((QE11-(QF11+QG11+QH11)+QJ11)) -> -720 | QM11: =QK11 -> -720 | QN11: =IFERROR(VLOOKUP($D11,'Adient Assende (Belgium) WK.17'!$B:PJ,QO$1,0),0) -> 160 | QO11: =IFERROR(VLOOKUP($D11,'Adient Arendal (Malzia) WK.12'!$B:PK,QO$1,0),0) -> 0 | QP11: =IFERROR(VLOOKUP($D11,'Adient Taizhou (China) WK.16'!$B:PN,QO$1,0),0) -> 0 | QQ11: 0 | QR11: 0 | QS11: =((QM11-(QN11+QO11+QP11)+QR11)) -> -880 | QU11: =QS11 -> -880 | QV11: =IFERROR(VLOOKUP($D11,'Adient Assende (Belgium) WK.17'!$B:PR,QW$1,0),0) -> 80 | QW11: =IFERROR(VLOOKUP($D11,'Adient Arendal (Malzia) WK.12'!$B:PS,QW$1,0),0) -> 0 | QX11: =IFERROR(VLOOKUP($D11,'Adient Taizhou (China) WK.16'!$B:PV,QW$1,0),0) -> 0 | QY11: 0 | QZ11: 0 | RA11: =((QU11-(QV11+QW11+QX11)+QZ11)) -> -960 | RC11: =RA11 -> -960 | RD11: =IFERROR(VLOOKUP($D11,'Adient Assende (Belgium) WK.17'!$B:PZ,RE$1,0),0) -> 80 | RE11: =IFERROR(VLOOKUP($D11,'Adient Arendal (Malzia) WK.12'!$B:QA,RE$1,0),0) -> 0 | RF11: =IFERROR(VLOOKUP($D11,'Adient Taizhou (China) WK.16'!$B:QD,RE$1,0),0) -> 0 | RG11: 0 | RH11: 0 | RI11: =((RC11-(RD11+RE11+RF11)+RH11)) -> -1040 | RK11: =RI11 -> -1040 | RL11: =IFERROR(VLOOKUP($D11,'Adient Assende (Belgium) WK.17'!$B:QH,RM$1,0),0) -> 80 | RM11: =IFERROR(VLOOKUP($D11,'Adient Arendal (Malzia) WK.12'!$B:QI,RM$1,0),0) -> 0 | RN11: =IFERROR(VLOOKUP($D11,'Adient Taizhou (China) WK.16'!$B:QL,RM$1,0),0) -> 0 | RO11: 0 | RP11: 0 | RQ11: =((RK11-(RL11+RM11+RN11)+RP11)) -> -1120 | RS11: =RQ11 -> -1120 | RT11: =IFERROR(VLOOKUP($D11,'Adient Assende (Belgium) WK.17'!$B:QP,RU$1,0),0) -> 80 | RU11: =IFERROR(VLOOKUP($D11,'Adient Arendal (Malzia) WK.12'!$B:QQ,RU$1,0),0) -> 0 | RV11: =IFERROR(VLOOKUP($D11,'Adient Taizhou (China) WK.16'!$B:QT,RU$1,0),0) -> 0 | RW11: 0 | RX11: 0 | RY11: =((RS11-(RT11+RU11+RV11)+RX11)) -> -1200 | SA11: =RY11 -> -1200 | SB11: =IFERROR(VLOOKUP($D11,'Adient Assende (Belgium) WK.17'!$B:QX,SC$1,0),0) -> 40 | SC11: =IFERROR(VLOOKUP($D11,'Adient Arendal (Malzia) WK.12'!$B:QY,SC$1,0),0) -> 0 | SD11: =IFERROR(VLOOKUP($D11,'Adient Taizhou (China) WK.16'!$B:RB,SC$1,0),0) -> 0 | SE11: 0 | SF11: 0 | SG11: =((SA11-(SB11+SC11+SD11)+SF11)) -> -1240 | SI11: =SG11 -> -1240 | SJ11: =IFERROR(VLOOKUP($D11,'Adient Assende (Belgium) WK.17'!$B:RF,SK$1,0),0) -> 40 | SK11: =IFERROR(VLOOKUP($D11,'Adient Arendal (Malzia) WK.12'!$B:RG,SK$1,0),0) -> 0 | SL11: =IFERROR(VLOOKUP($D11,'Adient Taizhou (China) WK.16'!$B:RJ,SK$1,0),0) -> 0 | SM11: 0 | SN11: 0 | SO11: =((SI11-(SJ11+SK11+SL11)+SN11)) -> -1280 | SQ11: =SO11 -> -1280 | SR11: =IFERROR(VLOOKUP($D11,'Adient Assende (Belgium) WK.17'!$B:RN,SS$1,0),0) -> 40 | SS11: =IFERROR(VLOOKUP($D11,'Adient Arendal (Malzia) WK.12'!$B:RO,SS$1,0),0) -> 0 | ST11: =IFERROR(VLOOKUP($D11,'Adient Taizhou (China) WK.16'!$B:RR,SS$1,0),0) -> 0 | SU11: 0 | SV11: 0 | SW11: =((SQ11-(SR11+SS11+ST11)+SV11)) -> -1320 | SY11: =SW11 -> -1320 | SZ11: =IFERROR(VLOOKUP($D11,'Adient Assende (Belgium) WK.17'!$B:RV,TA$1,0),0) -> 40 | TA11: =IFERROR(VLOOKUP($D11,'Adient Arendal (Malzia) WK.12'!$B:RW,TA$1,0),0) -> 0 | TB11: =IFERROR(VLOOKUP($D11,'Adient Taizhou (China) WK.16'!$B:RZ,TA$1,0),0) -> 0 | TC11: 0 | TD11: 0 | TE11: =((SY11-(SZ11+TA11+TB11)+TD11)) -> -1360 | TG11: =TE11 -> -1360 | TH11: =IFERROR(VLOOKUP($D11,'Adient Assende (Belgium) WK.17'!$B:SD,TI$1,0),0) -> 70 | TI11: =IFERROR(VLOOKUP($D11,'Adient Arendal (Malzia) WK.12'!$B:SE,TI$1,0),0) -> 0 | TJ11: =IFERROR(VLOOKUP($D11,'Adient Taizhou (China) WK.16'!$B:SH,TI$1,0),0) -> 0 | TK11: 0 | TL11: 0 | TM11: =((TG11-(TH11+TI11+TJ11)+TL11)) -> -1430 | TO11: =TM11 -> -1430 | TP11: =IFERROR(VLOOKUP($D11,'Adient Assende (Belgium) WK.17'!$B:SL,TQ$1,0),0) -> 70 | TQ11: =IFERROR(VLOOKUP($D11,'Adient Arendal (Malzia) WK.12'!$B:SM,TQ$1,0),0) -> 0 | TR11: =IFERROR(VLOOKUP($D11,'Adient Taizhou (China) WK.16'!$B:SP,TQ$1,0),0) -> 0 | TS11: 0 | TT11: 0 | TU11: =((TO11-(TP11+TQ11+TR11)+TT11)) -> -1500 | TW11: =TU11 -> -1500 | TX11: =IFERROR(VLOOKUP($D11,'Adient Assende (Belgium) WK.17'!$B:ST,TY$1,0),0) -> 70 | TY11: =IFERROR(VLOOKUP($D11,'Adient Arendal (Malzia) WK.12'!$B:SU,TY$1,0),0) -> 0 | TZ11: =IFERROR(VLOOKUP($D11,'Adient Taizhou (China) WK.16'!$B:SX,TY$1,0),0) -> 0 | UA11: 0 | UB11: 0 | UC11: =((TW11-(TX11+TY11+TZ11)+UB11)) -> -1570 | UE11: =UC11 -> -1570 | UF11: =IFERROR(VLOOKUP($D11,'Adient Assende (Belgium) WK.17'!$B:TB,UG$1,0),0) -> 70 | UG11: =IFERROR(VLOOKUP($D11,'Adient Arendal (Malzia) WK.12'!$B:TC,UG$1,0),0) -> 0 | UH11: =IFERROR(VLOOKUP($D11,'Adient Taizhou (China) WK.16'!$B:TF,UG$1,0),0) -> 0 | UI11: 0 | UJ11: 0 | UK11: =((UE11-(UF11+UG11+UH11)+UJ11)) -> -1640 | UM11: =UK11 -> -1640 | UN11: =IFERROR(VLOOKUP($D11,'Adient Assende (Belgium) WK.17'!$B:TJ,UO$1,0),0) -> 40 | UO11: =IFERROR(VLOOKUP($D11,'Adient Arendal (Malzia) WK.12'!$B:TK,UO$1,0),0) -> 0 | UP11: =IFERROR(VLOOKUP($D11,'Adient Taizhou (China) WK.16'!$B:TN,UO$1,0),0) -> 0 | UQ11: 0 | UR11: 0 | US11: =((UM11-(UN11+UO11+UP11)+UR11)) -> -1680 | UU11: =US11 -> -1680 | UV11: =IFERROR(VLOOKUP($D11,'Adient Assende (Belgium) WK.17'!$B:TR,UW$1,0),0) -> 80 | UW11: =IFERROR(VLOOKUP($D11,'Adient Arendal (Malzia) WK.12'!$B:TS,UW$1,0),0) -> 0 | UX11: =IFERROR(VLOOKUP($D11,'Adient Taizhou (China) WK.16'!$B:TV,UW$1,0),0) -> 0 | UY11: 0 | UZ11: 0 | VA11: =((UU11-(UV11+UW11+UX11)+UZ11)) -> -1760 | VC11: =VA11 -> -1760 | VD11: =IFERROR(VLOOKUP($D11,'Adient Assende (Belgium) WK.17'!$B:TZ,VE$1,0),0) -> 80 | VE11: =IFERROR(VLOOKUP($D11,'Adient Arendal (Malzia) WK.12'!$B:UA,VE$1,0),0) -> 0 | VF11: =IFERROR(VLOOKUP($D11,'Adient Taizhou (China) WK.16'!$B:UD,VE$1,0),0) -> 0 | VG11: 0 | VH11: 0 | VI11: =((VC11-(VD11+VE11+VF11)+VH11)) -> -1840 | VK11: =VI11 -> -1840 | VL11: =IFERROR(VLOOKUP($D11,'Adient Assende (Belgium) WK.17'!$B:UH,VM$1,0),0) -> 0 | VM11: =IFERROR(VLOOKUP($D11,'Adient Arendal (Malzia) WK.12'!$B:UI,VM$1,0),0) -> 0 | VN11: =IFERROR(VLOOKUP($D11,'Adient Taizhou (China) WK.16'!$B:UL,VM$1,0),0) -> 0 | VO11: 0 | VP11: 0 | VQ11: =((VK11-(VL11+VM11+VN11)+VP11)) -> -1840
A12: VOLVO | B12: JCI2 LH | C12: 32272858 | D12: 5080299 | E12: 40 | H12: 160 | I12: =IFERROR(VLOOKUP($D12,'Adient Assende (Belgium) WK.17'!$B:C,J$1,0),0) -> 0 | J12: =IFERROR(VLOOKUP($D12,'Adient Arendal (Malzia) WK.12'!$B:C,J$1,0),0) -> 0 | K12: =IFERROR(VLOOKUP($D12,'Adient Taizhou (China) WK.16'!$B:C,J$1,0),0) -> 0 | L12: 0 | M12: 0 | N12: =((H12-(L12+J12+K12))+M12) -> 160 | P12: =N12 -> 160 | Q12: =IFERROR(VLOOKUP($D12,'Adient Assende (Belgium) WK.17'!$B:K,R$1,0),0) -> 0 | R12: =IFERROR(VLOOKUP($D12,'Adient Arendal (Malzia) WK.12'!$B:K,R$1,0),0) -> 0 | S12: =IFERROR(VLOOKUP($D12,'Adient Taizhou (China) WK.16'!$B:K,R$1,0),0) -> 0 | T12: 0 | U12: 0 | V12: =((P12-(T12+R12+S12))+U12) -> 160 | X12: =V12 -> 160 | Y12: =IFERROR(VLOOKUP($D12,'Adient Assende (Belgium) WK.17'!$B:S,Z$1,0),0) -> 0 | Z12: =IFERROR(VLOOKUP($D12,'Adient Arendal (Malzia) WK.12'!$B:S,Z$1,0),0) -> 0 | AA12: =IFERROR(VLOOKUP($D12,'Adient Taizhou (China) WK.16'!$B:S,Z$1,0),0) -> 0 | AB12: 0 | AC12: 0 | AD12: =((X12-(AB12+Z12+AA12))+AC12) -> 160 | AF12: =AD12 -> 160 | AG12: =IFERROR(VLOOKUP($D12,'Adient Assende (Belgium) WK.17'!$B:AA,AH$1,0),0) -> 0 | AH12: =IFERROR(VLOOKUP($D12,'Adient Arendal (Malzia) WK.12'!$B:AA,AH$1,0),0) -> 0 | AI12: =IFERROR(VLOOKUP($D12,'Adient Taizhou (China) WK.16'!$B:AA,AH$1,0),0) -> 0 | AJ12: 0 | AK12: 0 | AL12: =((AF12-(AJ12+AH12+AI12))+AK12) -> 160 | AN12: =AL12 -> 160 | AO12: =IFERROR(VLOOKUP($D12,'Adient Assende (Belgium) WK.17'!$B:AI,AP$1,0),0) -> 0 | AP12: =IFERROR(VLOOKUP($D12,'Adient Arendal (Malzia) WK.12'!$B:AI,AP$1,0),0) -> 0 | AQ12: =IFERROR(VLOOKUP($D12,'Adient Taizhou (China) WK.16'!$B:AI,AP$1,0),0) -> 0 | AR12: 0 | AS12: 0 | AT12: 0 | AU12: =((AN12-(AS12+AP12+AQ12))+AT12)+AR12 -> 160 | AW12: =AU12 -> 160 | AX12: =IFERROR(VLOOKUP($D12,'Adient Assende (Belgium) WK.17'!$B:AR,AY$1,0),0) -> 0 | AY12: =IFERROR(VLOOKUP($D12,'Adient Arendal (Malzia) WK.12'!$B:AR,AY$1,0),0) -> 0 | AZ12: =IFERROR(VLOOKUP($D12,'Adient Taizhou (China) WK.16'!$B:AU,AY$1,0),0) -> 0 | BA12: 0 | BB12: 0 | BC12: =((AW12-(BA12+AY12+AZ12))+BB12) -> 160 | BE12: =BC12 -> 160 | BF12: =IFERROR(VLOOKUP($D12,'Adient Assende (Belgium) WK.17'!$B:AX,BG$1,0),0) -> 0 | BG12: =IFERROR(VLOOKUP($D12,'Adient Arendal (Malzia) WK.12'!$B:AZ,BG$1,0),0) -> 0 | BH12: =IFERROR(VLOOKUP($D12,'Adient Taizhou (China) WK.16'!$B:BB,BG$1,0),0) -> 0 | BI12: 0 | BJ12: 0 | BK12: 0 | BL12: 0 | BM12: =((BE12-(BK12+BG12+BH12))+BL12)+BI12+BJ12 -> 160 | BO12: =BM12 -> 160 | BP12: =IFERROR(VLOOKUP($D12,'Adient Assende (Belgium) WK.17'!$B:BH,BQ$1,0),0) -> 0 | BQ12: =IFERROR(VLOOKUP($D12,'Adient Arendal (Malzia) WK.12'!$B:BI,BQ$1,0),0) -> 0 | BR12: =IFERROR(VLOOKUP($D12,'Adient Taizhou (China) WK.16'!$B:BL,BQ$1,0),0) -> 0 | BS12: 0 | BT12: 0 | BU12: 0 | BV12: 0 | BW12: 0 | BX12: =((BO12-(BV12+BQ12+BR12))+BW12)+BS12+BT12+BU12 -> 160 | BZ12: =BX12 -> 160 | CA12: =IFERROR(VLOOKUP($D12,'Adient Assende (Belgium) WK.17'!$B:BS,CB$1,0),0) -> 0 | CB12: =IFERROR(VLOOKUP($D12,'Adient Arendal (Malzia) WK.12'!$B:BT,CB$1,0),0) -> 0 | CC12: =IFERROR(VLOOKUP($D12,'Adient Taizhou (China) WK.16'!$B:BW,CB$1,0),0) -> 0 | CD12: 0 | CE12: 0 | CF12: 0 | CG12: 0 | CH12: =((BZ12-(CF12+CB12+CC12))+CG12)+CD12+CE12 -> 160 | CJ12: =CH12 -> 160 | CK12: =IFERROR(VLOOKUP($D12,'Adient Assende (Belgium) WK.17'!$B:CC,CL$1,0),0) -> 0 | CL12: =IFERROR(VLOOKUP($D12,'Adient Arendal (Malzia) WK.12'!$B:CD,CL$1,0),0) -> 0 | CM12: =IFERROR(VLOOKUP($D12,'Adient Taizhou (China) WK.16'!$B:CG,CL$1,0),0) -> 0 | CN12: 0 | CO12: 0 | CP12: 0 | CQ12: =((CJ12-(CO12+CL12+CM12))+CP12)+CN12 -> 160 | CS12: =CQ12 -> 160 | CT12: =IFERROR(VLOOKUP($D12,'Adient Assende (Belgium) WK.17'!$B:CL,CU$1,0),0) -> 0 | CU12: =IFERROR(VLOOKUP($D12,'Adient Arendal (Malzia) WK.12'!$B:CM,CU$1,0),0) -> 0 | CV12: =IFERROR(VLOOKUP($D12,'Adient Taizhou (China) WK.16'!$B:CP,CU$1,0),0) -> 0 | CW12: 0 | CX12: 0 | CY12: 0 | CZ12: 0 | DA12: =((CS12-(CY12+CU12+CV12))+CZ12)+CW12+CX12 -> 160 | DC12: =DA12 -> 160 | DD12: =IFERROR(VLOOKUP($D12,'Adient Assende (Belgium) WK.17'!$B:CS,DE$1,0),0) -> 0 | DE12: =IFERROR(VLOOKUP($D12,'Adient Arendal (Malzia) WK.12'!$B:CU,DE$1,0),0) -> 0 | DF12: =IFERROR(VLOOKUP($D12,'Adient Taizhou (China) WK.16'!$B:CX,DE$1,0),0) -> 0 | DG12: 80 | DH12: 0 | DI12: 0 | DJ12: =((DC12-(DH12+DE12+DF12))+DI12)+DG12 -> 240 | DL12: =DJ12 -> 240 | DM12: =IFERROR(VLOOKUP($D12,'Adient Assende (Belgium) WK.17'!$B:DB,DN$1,0),0) -> 0 | DN12: =IFERROR(VLOOKUP($D12,'Adient Arendal (Malzia) WK.12'!$B:DC,DN$1,0),0) -> 0 | DO12: =IFERROR(VLOOKUP($D12,'Adient Taizhou (China) WK.16'!$B:DF,DN$1,0),0) -> 0 | DP12: 0 | DQ12: 0 | DR12: =((DL12-(DN12+DO12+DP12)+DQ12)) -> 240 | DT12: =DR12 -> 240 | DU12: =IFERROR(VLOOKUP($D12,'Adient Assende (Belgium) WK.17'!$B:DJ,DV$1,0),0) -> 0 | DV12: =IFERROR(VLOOKUP($D12,'Adient Arendal (Malzia) WK.12'!$B:DK,DV$1,0),0) -> 0 | DW12: =IFERROR(VLOOKUP($D12,'Adient Taizhou (China) WK.16'!$B:DN,DV$1,0),0) -> 0 | DX12: 40 | DY12: 0 | DZ12: 0 | EA12: 0 | EB12: =((DT12-(DV12+DW12+DZ12)+EA12))+DX12+DY12 -> 280 | ED12: =EB12 -> 280 | EE12: =IFERROR(VLOOKUP($D12,'Adient Assende (Belgium) WK.17'!$B:DR,EF$1,0),0) -> 0 | EF12: =IFERROR(VLOOKUP($D12,'Adient Arendal (Malzia) WK.12'!$B:DS,EF$1,0),0) -> 0 | EG12: =IFERROR(VLOOKUP($D12,'Adient Taizhou (China) WK.16'!$B:DV,EF$1,0),0) -> 0 | EH12: 0 | EI12: 160 | EJ12: 0 | EK12: =((ED12-(EF12+EG12+EI12)+EJ12))+EH12 -> 120 | EM12: =EK12 -> 120 | EN12: =IFERROR(VLOOKUP($D12,'Adient Assende (Belgium) WK.17'!$B:DZ,EO$1,0),0) -> 160 | EO12: =IFERROR(VLOOKUP($D12,'Adient Arendal (Malzia) WK.12'!$B:EA,EO$1,0),0) -> 0 | EP12: =IFERROR(VLOOKUP($D12,'Adient Taizhou (China) WK.16'!$B:ED,EO$1,0),0) -> 0 | EQ12: 0 | ER12: 0 | ES12: =((EM12-(EO12+EP12+EQ12)+ER12)) -> 120 | EU12: =ES12 -> 120 | EV12: =IFERROR(VLOOKUP($D12,'Adient Assende (Belgium) WK.17'!$B:EH,EW$1,0),0) -> 0 | EW12: =IFERROR(VLOOKUP($D12,'Adient Arendal (Malzia) WK.12'!$B:EI,EW$1,0),0) -> 0 | EX12: =IFERROR(VLOOKUP($D12,'Adient Taizhou (China) WK.16'!$B:EL,EW$1,0),0) -> 0 | EY12: 0 | EZ12: 0 | FA12: =((EU12-(EW12+EX12+EY12)+EZ12)) -> 120 | FC12: =FA12 -> 120 | FD12: =IFERROR(VLOOKUP($D12,'Adient Assende (Belgium) WK.17'!$B:EP,FE$1,0),0) -> 0 | FE12: =IFERROR(VLOOKUP($D12,'Adient Arendal (Malzia) WK.12'!$B:EQ,FE$1,0),0) -> 0 | FF12: =IFERROR(VLOOKUP($D12,'Adient Taizhou (China) WK.16'!$B:ET,FE$1,0),0) -> 0 | FG12: 0 | FH12: 0 | FI12: =((FC12-(FE12+FF12+FG12)+FH12)) -> 120 | FK12: =FI12 -> 120 | FL12: =IFERROR(VLOOKUP($D12,'Adient Assende (Belgium) WK.17'!$B:EX,FM$1,0),0) -> 0 | FM12: =IFERROR(VLOOKUP($D12,'Adient Arendal (Malzia) WK.12'!$B:EY,FM$1,0),0) -> 0 | FN12: =IFERROR(VLOOKUP($D12,'Adient Taizhou (China) WK.16'!$B:FB,FM$1,0),0) -> 0 | FO12: 0 | FP12: 0 | FQ12: =((FK12-(FM12+FN12+FO12)+FP12)) -> 120 | FS12: =FQ12 -> 120 | FT12: =IFERROR(VLOOKUP($D12,'Adient Assende (Belgium) WK.17'!$B:FF,FU$1,0),0) -> 0 | FU12: =IFERROR(VLOOKUP($D12,'Adient Arendal (Malzia) WK.12'!$B:FG,FU$1,0),0) -> 0 | FV12: =IFERROR(VLOOKUP($D12,'Adient Taizhou (China) WK.16'!$B:FJ,FU$1,0),0) -> 0 | FW12: 0 | FX12: 0 | FY12: 0 | FZ12: 0 | GA12: 0 | GB12: 0 | GC12: 0 | GD12: =((FS12-(FU12+FV12+GB12)+GC12))+FW12+FX12+FY12+FZ12+GA12 -> 120 | GF12: =GD12 -> 120 | GG12: =IFERROR(VLOOKUP($D12,'Adient Assende (Belgium) WK.17'!$B:FN,GH$1,0),0) -> 0 | GH12: =IFERROR(VLOOKUP($D12,'Adient Arendal (Malzia) WK.12'!$B:FO,GH$1,0),0) -> 0 | GI12: =IFERROR(VLOOKUP($D12,'Adient Taizhou (China) WK.16'!$B:FR,GH$1,0),0) -> 0 | GJ12: 0 | GK12: 0 | GL12: 0 | GM12: =((GF12-(GH12+GI12+GK12)+GL12))+GJ12 -> 120 | GO12: =GM12 -> 120 | GP12: =IFERROR(VLOOKUP($D12,'Adient Assende (Belgium) WK.17'!$B:FV,GQ$1,0),0) -> 0 | GQ12: =IFERROR(VLOOKUP($D12,'Adient Arendal (Malzia) WK.12'!$B:FW,GQ$1,0),0) -> 0 | GR12: =IFERROR(VLOOKUP($D12,'Adient Taizhou (China) WK.16'!$B:FZ,GQ$1,0),0) -> 0 | GS12: 0 | GT12: 0 | GU12: 0 | GV12: =((GO12-(GQ12+GR12+GT12)+GU12))+GS12 -> 120 | GX12: =GV12 -> 120 | GY12: =IFERROR(VLOOKUP($D12,'Adient Assende (Belgium) WK.17'!$B:GD,GZ$1,0),0) -> 0 | GZ12: =IFERROR(VLOOKUP($D12,'Adient Arendal (Malzia) WK.12'!$B:GE,GZ$1,0),0) -> 0 | HA12: =IFERROR(VLOOKUP($D12,'Adient Taizhou (China) WK.16'!$B:GH,GZ$1,0),0) -> 0 | HB12: 0 | HC12: 0 | HD12: 0 | HE12: =((GX12-(GZ12+HA12+HC12)+HD12))+HB12 -> 120 | HG12: =HE12 -> 120 | HH12: =IFERROR(VLOOKUP($D12,'Adient Assende (Belgium) WK.17'!$B:GL,HI$1,0),0) -> 0 | HI12: =IFERROR(VLOOKUP($D12,'Adient Arendal (Malzia) WK.12'!$B:GM,HI$1,0),0) -> 0 | HJ12: =IFERROR(VLOOKUP($D12,'Adient Taizhou (China) WK.16'!$B:GP,HI$1,0),0) -> 0 | HK12: 0 | HL12: 0 | HM12: 0 | HN12: =((HG12-(HI12+HJ12+HL12)+HM12))+HK12 -> 120 | HP12: =HN12 -> 120 | HQ12: =IFERROR(VLOOKUP($D12,'Adient Assende (Belgium) WK.17'!$B:GT,HR$1,0),0) -> 0 | HR12: =IFERROR(VLOOKUP($D12,'Adient Arendal (Malzia) WK.12'!$B:GU,HR$1,0),0) -> 0 | HS12: =IFERROR(VLOOKUP($D12,'Adient Taizhou (China) WK.16'!$B:GX,HR$1,0),0) -> 0 | HT12: 0 | HU12: 0 | HV12: 0 | HW12: =((HP12-(HR12+HS12+HU12)+HV12))+HT12 -> 120 | HY12: =HW12 -> 120 | HZ12: =IFERROR(VLOOKUP($D12,'Adient Assende (Belgium) WK.17'!$B:HB,IA$1,0),0) -> 0 | IA12: =IFERROR(VLOOKUP($D12,'Adient Arendal (Malzia) WK.12'!$B:HC,IA$1,0),0) -> 0 | IB12: =IFERROR(VLOOKUP($D12,'Adient Taizhou (China) WK.16'!$B:HF,IA$1,0),0) -> 0 | IC12: 0 | ID12: 0 | IE12: 0 | IF12: =((HY12-(IA12+IB12+ID12)+IE12))+IC12 -> 120 | IH12: =IF12 -> 120 | II12: =IFERROR(VLOOKUP($D12,'Adient Assende (Belgium) WK.17'!$B:HJ,IJ$1,0),0) -> 0 | IJ12: =IFERROR(VLOOKUP($D12,'Adient Arendal (Malzia) WK.12'!$B:HK,IJ$1,0),0) -> 0 | IK12: =IFERROR(VLOOKUP($D12,'Adient Taizhou (China) WK.16'!$B:HN,IJ$1,0),0) -> 0 | IL12: 0 | IM12: 0 | IN12: =((IH12-(IJ12+IK12+IL12)+IM12)) -> 120 | IP12: =IN12 -> 120 | IQ12: =IFERROR(VLOOKUP($D12,'Adient Assende (Belgium) WK.17'!$B:HR,IR$1,0),0) -> 0 | IR12: =IFERROR(VLOOKUP($D12,'Adient Arendal (Malzia) WK.12'!$B:HS,IR$1,0),0) -> 0 | IS12: =IFERROR(VLOOKUP($D12,'Adient Taizhou (China) WK.16'!$B:HV,IR$1,0),0) -> 0 | IT12: 0 | IU12: 0 | IV12: 0 | IW12: =((IP12-(IR12+IS12+IU12)+IV12))+IT12 -> 120 | IY12: =IW12 -> 120 | IZ12: =IFERROR(VLOOKUP($D12,'Adient Assende (Belgium) WK.17'!$B:HZ,JA$1,0),0) -> 0 | JA12: =IFERROR(VLOOKUP($D12,'Adient Arendal (Malzia) WK.12'!$B:IA,JA$1,0),0) -> 0 | JB12: =IFERROR(VLOOKUP($D12,'Adient Taizhou (China) WK.16'!$B:ID,JA$1,0),0) -> 0 | JC12: 0 | JD12: 0 | JE12: =((IY12-(JA12+JB12+JC12)+JD12)) -> 120 | JG12: =JE12 -> 120 | JH12: =IFERROR(VLOOKUP($D12,'Adient Assende (Belgium) WK.17'!$B:IH,JI$1,0),0) -> 0 | JI12: =IFERROR(VLOOKUP($D12,'Adient Arendal (Malzia) WK.12'!$B:II,JI$1,0),0) -> 0 | JJ12: =IFERROR(VLOOKUP($D12,'Adient Taizhou (China) WK.16'!$B:IL,JI$1,0),0) -> 0 | JK12: 40 | JL12: 0 | JM12: 0 | JN12: =((JG12-(JI12+JJ12+JL12)+JM12))+JK12 -> 160 | JP12: =JN12 -> 160 | JQ12: =IFERROR(VLOOKUP($D12,'Adient Assende (Belgium) WK.17'!$B:IP,JR$1,0),0) -> 0 | JR12: =IFERROR(VLOOKUP($D12,'Adient Arendal (Malzia) WK.12'!$B:IQ,JR$1,0),0) -> 0 | JS12: =IFERROR(VLOOKUP($D12,'Adient Taizhou (China) WK.16'!$B:IT,JR$1,0),0) -> 0 | JT12: 0 | JU12: 0 | JV12: =((JP12-(JR12+JS12+JT12)+JU12)) -> 160 | JX12: =JV12 -> 160 | JY12: =IFERROR(VLOOKUP($D12,'Adient Assende (Belgium) WK.17'!$B:IX,JZ$1,0),0) -> 0 | JZ12: =IFERROR(VLOOKUP($D12,'Adient Arendal (Malzia) WK.12'!$B:IY,JZ$1,0),0) -> 0 | KA12: =IFERROR(VLOOKUP($D12,'Adient Taizhou (China) WK.16'!$B:JB,JZ$1,0),0) -> 0 | KB12: 160 | KC12: 0 | KD12: =((JX12-(JZ12+KA12+KB12)+KC12)) -> 0 | KF12: =KD12 -> 0 | KG12: =IFERROR(VLOOKUP($D12,'Adient Assende (Belgium) WK.17'!$B:JF,KH$1,0),0) -> 160 | KH12: =IFERROR(VLOOKUP($D12,'Adient Arendal (Malzia) WK.12'!$B:JG,KH$1,0),0) -> 0 | KI12: =IFERROR(VLOOKUP($D12,'Adient Taizhou (China) WK.16'!$B:JJ,KH$1,0),0) -> 0 | KJ12: 0 | KK12: 0 | KL12: 0 | KM12: =((KF12-(KH12+KI12+KK12)+KL12))+KJ12 -> 0 | KO12: =KM12 -> 0 | KP12: =IFERROR(VLOOKUP($D12,'Adient Assende (Belgium) WK.17'!$B:JN,KQ$1,0),0) -> 0 | KQ12: =IFERROR(VLOOKUP($D12,'Adient Arendal (Malzia) WK.12'!$B:JO,KQ$1,0),0) -> 0 | KR12: =IFERROR(VLOOKUP($D12,'Adient Taizhou (China) WK.16'!$B:JR,KQ$1,0),0) -> 0 | KS12: 0 | KT12: 0 | KU12: 0 | KV12: =((KO12-(KQ12+KR12+KT12)+KU12))+KS12 -> 0 | KX12: =KV12 -> 0 | KY12: =IFERROR(VLOOKUP($D12,'Adient Assende (Belgium) WK.17'!$B:JV,KZ$1,0),0) -> 0 | KZ12: =IFERROR(VLOOKUP($D12,'Adient Arendal (Malzia) WK.12'!$B:JW,KZ$1,0),0) -> 0 | LA12: =IFERROR(VLOOKUP($D12,'Adient Taizhou (China) WK.16'!$B:JZ,KZ$1,0),0) -> 0 | LB12: 0 | LC12: 0 | LD12: =((KX12-(KZ12+LA12+LB12)+LC12)) -> 0 | LF12: =LD12 -> 0 | LG12: =IFERROR(VLOOKUP($D12,'Adient Assende (Belgium) WK.17'!$B:KD,LH$1,0),0) -> 0 | LH12: =IFERROR(VLOOKUP($D12,'Adient Arendal (Malzia) WK.12'!$B:KE,LH$1,0),0) -> 0 | LI12: =IFERROR(VLOOKUP($D12,'Adient Taizhou (China) WK.16'!$B:KH,LH$1,0),0) -> 0 | LJ12: 0 | LK12: 0 | LL12: 0 | LM12: =((LF12-(LG12+LH12+LI12)+LL12))+LJ12 -> 0 | LO12: =LM12 -> 0 | LP12: =IFERROR(VLOOKUP($D12,'Adient Assende (Belgium) WK.17'!$B:KL,LQ$1,0),0) -> 0 | LQ12: =IFERROR(VLOOKUP($D12,'Adient Arendal (Malzia) WK.12'!$B:KM,LQ$1,0),0) -> 0 | LR12: =IFERROR(VLOOKUP($D12,'Adient Taizhou (China) WK.16'!$B:KP,LQ$1,0),0) -> 0 | LS12: 0 | LT12: 0 | LU12: =((LO12-(LP12+LQ12+LR12)+LT12)) -> 0 | LW12: =LU12 -> 0 | LX12: =IFERROR(VLOOKUP($D12,'Adient Assende (Belgium) WK.17'!$B:KT,LY$1,0),0) -> 0 | LY12: =IFERROR(VLOOKUP($D12,'Adient Arendal (Malzia) WK.12'!$B:KU,LY$1,0),0) -> 0 | LZ12: =IFERROR(VLOOKUP($D12,'Adient Taizhou (China) WK.16'!$B:KX,LY$1,0),0) -> 0 | MA12: 0 | MB12: 0 | MC12: =((LW12-(LX12+LY12+LZ12)+MB12)) -> 0 | ME12: =MC12 -> 0 | MF12: =IFERROR(VLOOKUP($D12,'Adient Assende (Belgium) WK.17'!$B:LB,MG$1,0),0) -> 0 | MG12: =IFERROR(VLOOKUP($D12,'Adient Arendal (Malzia) WK.12'!$B:LC,MG$1,0),0) -> 0 | MH12: =IFERROR(VLOOKUP($D12,'Adient Taizhou (China) WK.16'!$B:LF,MG$1,0),0) -> 0 | MI12: 0 | MJ12: 0 | MK12: =((ME12-(MF12+MG12+MH12)+MJ12)) -> 0 | MM12: =MK12 -> 0 | MN12: =IFERROR(VLOOKUP($D12,'Adient Assende (Belgium) WK.17'!$B:LJ,MO$1,0),0) -> 0 | MO12: =IFERROR(VLOOKUP($D12,'Adient Arendal (Malzia) WK.12'!$B:LK,MO$1,0),0) -> 0 | MP12: =IFERROR(VLOOKUP($D12,'Adient Taizhou (China) WK.16'!$B:LN,MO$1,0),0) -> 0 | MQ12: 0 | MR12: 0 | MS12: =((MM12-(MN12+MO12+MP12)+MR12)) -> 0 | MU12: =MS12 -> 0 | MV12: =IFERROR(VLOOKUP($D12,'Adient Assende (Belgium) WK.17'!$B:LR,MW$1,0),0) -> 0 | MW12: =IFERROR(VLOOKUP($D12,'Adient Arendal (Malzia) WK.12'!$B:LS,MW$1,0),0) -> 0 | MX12: =IFERROR(VLOOKUP($D12,'Adient Taizhou (China) WK.16'!$B:LV,MW$1,0),0) -> 0 | MY12: 0 | MZ12: 0 | NA12: =((MU12-(MV12+MW12+MX12)+MZ12)) -> 0 | NC12: =NA12 -> 0 | ND12: =IFERROR(VLOOKUP($D12,'Adient Assende (Belgium) WK.17'!$B:LZ,NE$1,0),0) -> 0 | NE12: =IFERROR(VLOOKUP($D12,'Adient Arendal (Malzia) WK.12'!$B:MA,NE$1,0),0) -> 0 | NF12: =IFERROR(VLOOKUP($D12,'Adient Taizhou (China) WK.16'!$B:MD,NE$1,0),0) -> 0 | NG12: 0 | NH12: 0 | NI12: =((NC12-(ND12+NE12+NF12)+NH12)) -> 0 | NK12: =NI12 -> 0 | NL12: =IFERROR(VLOOKUP($D12,'Adient Assende (Belgium) WK.17'!$B:MH,NM$1,0),0) -> 0 | NM12: =IFERROR(VLOOKUP($D12,'Adient Arendal (Malzia) WK.12'!$B:MI,NM$1,0),0) -> 0 | NN12: =IFERROR(VLOOKUP($D12,'Adient Taizhou (China) WK.16'!$B:ML,NM$1,0),0) -> 0 | NO12: 0 | NP12: 0 | NQ12: =((NK12-(NL12+NM12+NN12)+NP12)) -> 0 | NS12: =NQ12 -> 0 | NT12: =IFERROR(VLOOKUP($D12,'Adient Assende (Belgium) WK.17'!$B:MP,NU$1,0),0) -> 0 | NU12: =IFERROR(VLOOKUP($D12,'Adient Arendal (Malzia) WK.12'!$B:MQ,NU$1,0),0) -> 0 | NV12: =IFERROR(VLOOKUP($D12,'Adient Taizhou (China) WK.16'!$B:MT,NU$1,0),0) -> 0 | NW12: 0 | NX12: 0 | NY12: =((NS12-(NT12+NU12+NV12)+NX12)) -> 0 | OA12: =NY12 -> 0 | OB12: =IFERROR(VLOOKUP($D12,'Adient Assende (Belgium) WK.17'!$B:MX,OC$1,0),0) -> 0 | OC12: =IFERROR(VLOOKUP($D12,'Adient Arendal (Malzia) WK.12'!$B:MY,OC$1,0),0) -> 0 | OD12: =IFERROR(VLOOKUP($D12,'Adient Taizhou (China) WK.16'!$B:NB,OC$1,0),0) -> 0 | OE12: 0 | OF12: 0 | OG12: =((OA12-(OB12+OC12+OD12)+OF12)) -> 0 | OI12: =OG12 -> 0 | OJ12: =IFERROR(VLOOKUP($D12,'Adient Assende (Belgium) WK.17'!$B:NF,OK$1,0),0) -> 0 | OK12: =IFERROR(VLOOKUP($D12,'Adient Arendal (Malzia) WK.12'!$B:NG,OK$1,0),0) -> 0 | OL12: =IFERROR(VLOOKUP($D12,'Adient Taizhou (China) WK.16'!$B:NJ,OK$1,0),0) -> 0 | OM12: 0 | ON12: 0 | OO12: =((OI12-(OJ12+OK12+OL12)+ON12)) -> 0 | OQ12: =OO12 -> 0 | OR12: =IFERROR(VLOOKUP($D12,'Adient Assende (Belgium) WK.17'!$B:NN,OS$1,0),0) -> 0 | OS12: =IFERROR(VLOOKUP($D12,'Adient Arendal (Malzia) WK.12'!$B:NO,OS$1,0),0) -> 0 | OT12: =IFERROR(VLOOKUP($D12,'Adient Taizhou (China) WK.16'!$B:NR,OS$1,0),0) -> 0 | OU12: 0 | OV12: 0 | OW12: =((OQ12-(OR12+OS12+OT12)+OV12)) -> 0 | OY12: =OW12 -> 0 | OZ12: =IFERROR(VLOOKUP($D12,'Adient Assende (Belgium) WK.17'!$B:NV,PA$1,0),0) -> 0 | PA12: =IFERROR(VLOOKUP($D12,'Adient Arendal (Malzia) WK.12'!$B:NW,PA$1,0),0) -> 0 | PB12: =IFERROR(VLOOKUP($D12,'Adient Taizhou (China) WK.16'!$B:NZ,PA$1,0),0) -> 0 | PC12: 0 | PD12: 0 | PE12: =((OY12-(OZ12+PA12+PB12)+PD12)) -> 0 | PG12: =PE12 -> 0 | PH12: =IFERROR(VLOOKUP($D12,'Adient Assende (Belgium) WK.17'!$B:OD,PI$1,0),0) -> 0 | PI12: =IFERROR(VLOOKUP($D12,'Adient Arendal (Malzia) WK.12'!$B:OE,PI$1,0),0) -> 0 | PJ12: =IFERROR(VLOOKUP($D12,'Adient Taizhou (China) WK.16'!$B:OH,PI$1,0),0) -> 0 | PK12: 0 | PL12: 0 | PM12: =((PG12-(PH12+PI12+PJ12)+PL12)) -> 0 | PO12: =PM12 -> 0 | PP12: =IFERROR(VLOOKUP($D12,'Adient Assende (Belgium) WK.17'!$B:OL,PQ$1,0),0) -> 0 | PQ12: =IFERROR(VLOOKUP($D12,'Adient Arendal (Malzia) WK.12'!$B:OM,PQ$1,0),0) -> 0 | PR12: =IFERROR(VLOOKUP($D12,'Adient Taizhou (China) WK.16'!$B:OP,PQ$1,0),0) -> 0 | PS12: 0 | PT12: 0 | PU12: =((PO12-(PP12+PQ12+PR12)+PT12)) -> 0 | PW12: =PU12 -> 0 | PX12: =IFERROR(VLOOKUP($D12,'Adient Assende (Belgium) WK.17'!$B:OT,PY$1,0),0) -> 0 | PY12: =IFERROR(VLOOKUP($D12,'Adient Arendal (Malzia) WK.12'!$B:OU,PY$1,0),0) -> 0 | PZ12: =IFERROR(VLOOKUP($D12,'Adient Taizhou (China) WK.16'!$B:OX,PY$1,0),0) -> 0 | QA12: 0 | QB12: 0 | QC12: =((PW12-(PX12+PY12+PZ12)+QB12)) -> 0 | QE12: =QC12 -> 0 | QF12: =IFERROR(VLOOKUP($D12,'Adient Assende (Belgium) WK.17'!$B:PB,QG$1,0),0) -> 0 | QG12: =IFERROR(VLOOKUP($D12,'Adient Arendal (Malzia) WK.12'!$B:PC,QG$1,0),0) -> 0 | QH12: =IFERROR(VLOOKUP($D12,'Adient Taizhou (China) WK.16'!$B:PF,QG$1,0),0) -> 0 | QI12: 0 | QJ12: 0 | QK12: =((QE12-(QF12+QG12+QH12)+QJ12)) -> 0 | QM12: =QK12 -> 0 | QN12: =IFERROR(VLOOKUP($D12,'Adient Assende (Belgium) WK.17'!$B:PJ,QO$1,0),0) -> 0 | QO12: =IFERROR(VLOOKUP($D12,'Adient Arendal (Malzia) WK.12'!$B:PK,QO$1,0),0) -> 0 | QP12: =IFERROR(VLOOKUP($D12,'Adient Taizhou (China) WK.16'!$B:PN,QO$1,0),0) -> 0 | QQ12: 0 | QR12: 0 | QS12: =((QM12-(QN12+QO12+QP12)+QR12)) -> 0 | QU12: =QS12 -> 0 | QV12: =IFERROR(VLOOKUP($D12,'Adient Assende (Belgium) WK.17'!$B:PR,QW$1,0),0) -> 40 | QW12: =IFERROR(VLOOKUP($D12,'Adient Arendal (Malzia) WK.12'!$B:PS,QW$1,0),0) -> 0 | QX12: =IFERROR(VLOOKUP($D12,'Adient Taizhou (China) WK.16'!$B:PV,QW$1,0),0) -> 0 | QY12: 0 | QZ12: 0 | RA12: =((QU12-(QV12+QW12+QX12)+QZ12)) -> -40 | RC12: =RA12 -> -40 | RD12: =IFERROR(VLOOKUP($D12,'Adient Assende (Belgium) WK.17'!$B:PZ,RE$1,0),0) -> 40 | RE12: =IFERROR(VLOOKUP($D12,'Adient Arendal (Malzia) WK.12'!$B:QA,RE$1,0),0) -> 0 | RF12: =IFERROR(VLOOKUP($D12,'Adient Taizhou (China) WK.16'!$B:QD,RE$1,0),0) -> 0 | RG12: 0 | RH12: 0 | RI12: =((RC12-(RD12+RE12+RF12)+RH12)) -> -80 | RK12: =RI12 -> -80 | RL12: =IFERROR(VLOOKUP($D12,'Adient Assende (Belgium) WK.17'!$B:QH,RM$1,0),0) -> 40 | RM12: =IFERROR(VLOOKUP($D12,'Adient Arendal (Malzia) WK.12'!$B:QI,RM$1,0),0) -> 0 | RN12: =IFERROR(VLOOKUP($D12,'Adient Taizhou (China) WK.16'!$B:QL,RM$1,0),0) -> 0 | RO12: 0 | RP12: 0 | RQ12: =((RK12-(RL12+RM12+RN12)+RP12)) -> -120 | RS12: =RQ12 -> -120 | RT12: =IFERROR(VLOOKUP($D12,'Adient Assende (Belgium) WK.17'!$B:QP,RU$1,0),0) -> 40 | RU12: =IFERROR(VLOOKUP($D12,'Adient Arendal (Malzia) WK.12'!$B:QQ,RU$1,0),0) -> 0 | RV12: =IFERROR(VLOOKUP($D12,'Adient Taizhou (China) WK.16'!$B:QT,RU$1,0),0) -> 0 | RW12: 0 | RX12: 0 | RY12: =((RS12-(RT12+RU12+RV12)+RX12)) -> -160 | SA12: =RY12 -> -160 | SB12: =IFERROR(VLOOKUP($D12,'Adient Assende (Belgium) WK.17'!$B:QX,SC$1,0),0) -> 0 | SC12: =IFERROR(VLOOKUP($D12,'Adient Arendal (Malzia) WK.12'!$B:QY,SC$1,0),0) -> 0 | SD12: =IFERROR(VLOOKUP($D12,'Adient Taizhou (China) WK.16'!$B:RB,SC$1,0),0) -> 0 | SE12: 0 | SF12: 0 | SG12: =((SA12-(SB12+SC12+SD12)+SF12)) -> -160 | SI12: =SG12 -> -160 | SJ12: =IFERROR(VLOOKUP($D12,'Adient Assende (Belgium) WK.17'!$B:RF,SK$1,0),0) -> 0 | SK12: =IFERROR(VLOOKUP($D12,'Adient Arendal (Malzia) WK.12'!$B:RG,SK$1,0),0) -> 0 | SL12: =IFERROR(VLOOKUP($D12,'Adient Taizhou (China) WK.16'!$B:RJ,SK$1,0),0) -> 0 | SM12: 0 | SN12: 0 | SO12: =((SI12-(SJ12+SK12+SL12)+SN12)) -> -160 | SQ12: =SO12 -> -160 | SR12: =IFERROR(VLOOKUP($D12,'Adient Assende (Belgium) WK.17'!$B:RN,SS$1,0),0) -> 0 | SS12: =IFERROR(VLOOKUP($D12,'Adient Arendal (Malzia) WK.12'!$B:RO,SS$1,0),0) -> 0 | ST12: =IFERROR(VLOOKUP($D12,'Adient Taizhou (China) WK.16'!$B:RR,SS$1,0),0) -> 0 | SU12: 0 | SV12: 0 | SW12: =((SQ12-(SR12+SS12+ST12)+SV12)) -> -160 | SY12: =SW12 -> -160 | SZ12: =IFERROR(VLOOKUP($D12,'Adient Assende (Belgium) WK.17'!$B:RV,TA$1,0),0) -> 0 | TA12: =IFERROR(VLOOKUP($D12,'Adient Arendal (Malzia) WK.12'!$B:RW,TA$1,0),0) -> 0 | TB12: =IFERROR(VLOOKUP($D12,'Adient Taizhou (China) WK.16'!$B:RZ,TA$1,0),0) -> 0 | TC12: 0 | TD12: 0 | TE12: =((SY12-(SZ12+TA12+TB12)+TD12)) -> -160 | TG12: =TE12 -> -160 | TH12: =IFERROR(VLOOKUP($D12,'Adient Assende (Belgium) WK.17'!$B:SD,TI$1,0),0) -> 0 | TI12: =IFERROR(VLOOKUP($D12,'Adient Arendal (Malzia) WK.12'!$B:SE,TI$1,0),0) -> 0 | TJ12: =IFERROR(VLOOKUP($D12,'Adient Taizhou (China) WK.16'!$B:SH,TI$1,0),0) -> 0 | TK12: 0 | TL12: 0 | TM12: =((TG12-(TH12+TI12+TJ12)+TL12)) -> -160 | TO12: =TM12 -> -160 | TP12: =IFERROR(VLOOKUP($D12,'Adient Assende (Belgium) WK.17'!$B:SL,TQ$1,0),0) -> 0 | TQ12: =IFERROR(VLOOKUP($D12,'Adient Arendal (Malzia) WK.12'!$B:SM,TQ$1,0),0) -> 0 | TR12: =IFERROR(VLOOKUP($D12,'Adient Taizhou (China) WK.16'!$B:SP,TQ$1,0),0) -> 0 | TS12: 0 | TT12: 0 | TU12: =((TO12-(TP12+TQ12+TR12)+TT12)) -> -160 | TW12: =TU12 -> -160 | TX12: =IFERROR(VLOOKUP($D12,'Adient Assende (Belgium) WK.17'!$B:ST,TY$1,0),0) -> 0 | TY12: =IFERROR(VLOOKUP($D12,'Adient Arendal (Malzia) WK.12'!$B:SU,TY$1,0),0) -> 0 | TZ12: =IFERROR(VLOOKUP($D12,'Adient Taizhou (China) WK.16'!$B:SX,TY$1,0),0) -> 0 | UA12: 0 | UB12: 0 | UC12: =((TW12-(TX12+TY12+TZ12)+UB12)) -> -160 | UE12: =UC12 -> -160 | UF12: =IFERROR(VLOOKUP($D12,'Adient Assende (Belgium) WK.17'!$B:TB,UG$1,0),0) -> 0 | UG12: =IFERROR(VLOOKUP($D12,'Adient Arendal (Malzia) WK.12'!$B:TC,UG$1,0),0) -> 0 | UH12: =IFERROR(VLOOKUP($D12,'Adient Taizhou (China) WK.16'!$B:TF,UG$1,0),0) -> 0 | UI12: 0 | UJ12: 0 | UK12: =((UE12-(UF12+UG12+UH12)+UJ12)) -> -160 | UM12: =UK12 -> -160 | UN12: =IFERROR(VLOOKUP($D12,'Adient Assende (Belgium) WK.17'!$B:TJ,UO$1,0),0) -> 0 | UO12: =IFERROR(VLOOKUP($D12,'Adient Arendal (Malzia) WK.12'!$B:TK,UO$1,0),0) -> 0 | UP12: =IFERROR(VLOOKUP($D12,'Adient Taizhou (China) WK.16'!$B:TN,UO$1,0),0) -> 0 | UQ12: 0 | UR12: 0 | US12: =((UM12-(UN12+UO12+UP12)+UR12)) -> -160 | UU12: =US12 -> -160 | UV12: =IFERROR(VLOOKUP($D12,'Adient Assende (Belgium) WK.17'!$B:TR,UW$1,0),0) -> 0 | UW12: =IFERROR(VLOOKUP($D12,'Adient Arendal (Malzia) WK.12'!$B:TS,UW$1,0),0) -> 0 | UX12: =IFERROR(VLOOKUP($D12,'Adient Taizhou (China) WK.16'!$B:TV,UW$1,0),0) -> 0 | UY12: 0 | UZ12: 0 | VA12: =((UU12-(UV12+UW12+UX12)+UZ12)) -> -160 | VC12: =VA12 -> -160 | VD12: =IFERROR(VLOOKUP($D12,'Adient Assende (Belgium) WK.17'!$B:TZ,VE$1,0),0) -> 0 | VE12: =IFERROR(VLOOKUP($D12,'Adient Arendal (Malzia) WK.12'!$B:UA,VE$1,0),0) -> 0 | VF12: =IFERROR(VLOOKUP($D12,'Adient Taizhou (China) WK.16'!$B:UD,VE$1,0),0) -> 0 | VG12: 0 | VH12: 0 | VI12: =((VC12-(VD12+VE12+VF12)+VH12)) -> -160 | VK12: =VI12 -> -160 | VL12: =IFERROR(VLOOKUP($D12,'Adient Assende (Belgium) WK.17'!$B:UH,VM$1,0),0) -> 0 | VM12: =IFERROR(VLOOKUP($D12,'Adient Arendal (Malzia) WK.12'!$B:UI,VM$1,0),0) -> 0 | VN12: =IFERROR(VLOOKUP($D12,'Adient Taizhou (China) WK.16'!$B:UL,VM$1,0),0) -> 0 | VO12: 0 | VP12: 0 | VQ12: =((VK12-(VL12+VM12+VN12)+VP12)) -> -160
A13: VOLVO | B13: JCI2 LH | C13: 32288786 | D13: 5073059 | E13: 40 | H13: 320 | I13: =IFERROR(VLOOKUP($D13,'Adient Assende (Belgium) WK.17'!$B:C,J$1,0),0) -> 160 | J13: =IFERROR(VLOOKUP($D13,'Adient Arendal (Malzia) WK.12'!$B:C,J$1,0),0) -> 0 | K13: =IFERROR(VLOOKUP($D13,'Adient Taizhou (China) WK.16'!$B:C,J$1,0),0) -> 0 | L13: 0 | M13: 0 | N13: =((H13-(L13+J13+K13))+M13) -> 320 | P13: =N13 -> 320 | Q13: =IFERROR(VLOOKUP($D13,'Adient Assende (Belgium) WK.17'!$B:K,R$1,0),0) -> 0 | R13: =IFERROR(VLOOKUP($D13,'Adient Arendal (Malzia) WK.12'!$B:K,R$1,0),0) -> 0 | S13: =IFERROR(VLOOKUP($D13,'Adient Taizhou (China) WK.16'!$B:K,R$1,0),0) -> 0 | T13: 0 | U13: 0 | V13: =((P13-(T13+R13+S13))+U13) -> 320 | X13: =V13 -> 320 | Y13: =IFERROR(VLOOKUP($D13,'Adient Assende (Belgium) WK.17'!$B:S,Z$1,0),0) -> 0 | Z13: =IFERROR(VLOOKUP($D13,'Adient Arendal (Malzia) WK.12'!$B:S,Z$1,0),0) -> 0 | AA13: =IFERROR(VLOOKUP($D13,'Adient Taizhou (China) WK.16'!$B:S,Z$1,0),0) -> 0 | AB13: 0 | AC13: 0 | AD13: =((X13-(AB13+Z13+AA13))+AC13) -> 320 | AF13: =AD13 -> 320 | AG13: =IFERROR(VLOOKUP($D13,'Adient Assende (Belgium) WK.17'!$B:AA,AH$1,0),0) -> 0 | AH13: =IFERROR(VLOOKUP($D13,'Adient Arendal (Malzia) WK.12'!$B:AA,AH$1,0),0) -> 0 | AI13: =IFERROR(VLOOKUP($D13,'Adient Taizhou (China) WK.16'!$B:AA,AH$1,0),0) -> 0 | AJ13: 0 | AK13: 0 | AL13: =((AF13-(AJ13+AH13+AI13))+AK13) -> 320 | AN13: =AL13 -> 320 | AO13: =IFERROR(VLOOKUP($D13,'Adient Assende (Belgium) WK.17'!$B:AI,AP$1,0),0) -> 0 | AP13: =IFERROR(VLOOKUP($D13,'Adient Arendal (Malzia) WK.12'!$B:AI,AP$1,0),0) -> 0 | AQ13: =IFERROR(VLOOKUP($D13,'Adient Taizhou (China) WK.16'!$B:AI,AP$1,0),0) -> 0 | AR13: 0 | AS13: 160 | AT13: 0 | AU13: =((AN13-(AS13+AP13+AQ13))+AT13)+AR13 -> 160 | AW13: =AU13 -> 160 | AX13: =IFERROR(VLOOKUP($D13,'Adient Assende (Belgium) WK.17'!$B:AR,AY$1,0),0) -> 160 | AY13: =IFERROR(VLOOKUP($D13,'Adient Arendal (Malzia) WK.12'!$B:AR,AY$1,0),0) -> 0 | AZ13: =IFERROR(VLOOKUP($D13,'Adient Taizhou (China) WK.16'!$B:AU,AY$1,0),0) -> 0 | BA13: 0 | BB13: 0 | BC13: =((AW13-(BA13+AY13+AZ13))+BB13) -> 160 | BE13: =BC13 -> 160 | BF13: =IFERROR(VLOOKUP($D13,'Adient Assende (Belgium) WK.17'!$B:AX,BG$1,0),0) -> 0 | BG13: =IFERROR(VLOOKUP($D13,'Adient Arendal (Malzia) WK.12'!$B:AZ,BG$1,0),0) -> 0 | BH13: =IFERROR(VLOOKUP($D13,'Adient Taizhou (China) WK.16'!$B:BB,BG$1,0),0) -> 0 | BI13: 0 | BJ13: 0 | BK13: 0 | BL13: 0 | BM13: =((BE13-(BK13+BG13+BH13))+BL13)+BI13+BJ13 -> 160 | BO13: =BM13 -> 160 | BP13: =IFERROR(VLOOKUP($D13,'Adient Assende (Belgium) WK.17'!$B:BH,BQ$1,0),0) -> 0 | BQ13: =IFERROR(VLOOKUP($D13,'Adient Arendal (Malzia) WK.12'!$B:BI,BQ$1,0),0) -> 0 | BR13: =IFERROR(VLOOKUP($D13,'Adient Taizhou (China) WK.16'!$B:BL,BQ$1,0),0) -> 0 | BS13: 0 | BT13: 240 | BU13: 0 | BV13: 160 | BW13: 0 | BX13: =((BO13-(BV13+BQ13+BR13))+BW13)+BS13+BT13+BU13 -> 240 | BZ13: =BX13 -> 240 | CA13: =IFERROR(VLOOKUP($D13,'Adient Assende (Belgium) WK.17'!$B:BS,CB$1,0),0) -> 160 | CB13: =IFERROR(VLOOKUP($D13,'Adient Arendal (Malzia) WK.12'!$B:BT,CB$1,0),0) -> 0 | CC13: =IFERROR(VLOOKUP($D13,'Adient Taizhou (China) WK.16'!$B:BW,CB$1,0),0) -> 0 | CD13: 0 | CE13: 0 | CF13: 160 | CG13: 0 | CH13: =((BZ13-(CF13+CB13+CC13))+CG13)+CD13+CE13 -> 80 | CJ13: =CH13 -> 80 | CK13: =IFERROR(VLOOKUP($D13,'Adient Assende (Belgium) WK.17'!$B:CC,CL$1,0),0) -> 160 | CL13: =IFERROR(VLOOKUP($D13,'Adient Arendal (Malzia) WK.12'!$B:CD,CL$1,0),0) -> 0 | CM13: =IFERROR(VLOOKUP($D13,'Adient Taizhou (China) WK.16'!$B:CG,CL$1,0),0) -> 0 | CN13: 200 | CO13: 0 | CP13: 0 | CQ13: =((CJ13-(CO13+CL13+CM13))+CP13)+CN13 -> 280 | CS13: =CQ13 -> 280 | CT13: =IFERROR(VLOOKUP($D13,'Adient Assende (Belgium) WK.17'!$B:CL,CU$1,0),0) -> 0 | CU13: =IFERROR(VLOOKUP($D13,'Adient Arendal (Malzia) WK.12'!$B:CM,CU$1,0),0) -> 0 | CV13: =IFERROR(VLOOKUP($D13,'Adient Taizhou (China) WK.16'!$B:CP,CU$1,0),0) -> 0 | CW13: 0 | CX13: 0 | CY13: 0 | CZ13: 0 | DA13: =((CS13-(CY13+CU13+CV13))+CZ13)+CW13+CX13 -> 280 | DC13: =DA13 -> 280 | DD13: =IFERROR(VLOOKUP($D13,'Adient Assende (Belgium) WK.17'!$B:CS,DE$1,0),0) -> 0 | DE13: =IFERROR(VLOOKUP($D13,'Adient Arendal (Malzia) WK.12'!$B:CU,DE$1,0),0) -> 0 | DF13: =IFERROR(VLOOKUP($D13,'Adient Taizhou (China) WK.16'!$B:CX,DE$1,0),0) -> 0 | DG13: 0 | DH13: 0 | DI13: 0 | DJ13: =((DC13-(DH13+DE13+DF13))+DI13)+DG13 -> 280 | DL13: =DJ13 -> 280 | DM13: =IFERROR(VLOOKUP($D13,'Adient Assende (Belgium) WK.17'!$B:DB,DN$1,0),0) -> 0 | DN13: =IFERROR(VLOOKUP($D13,'Adient Arendal (Malzia) WK.12'!$B:DC,DN$1,0),0) -> 0 | DO13: =IFERROR(VLOOKUP($D13,'Adient Taizhou (China) WK.16'!$B:DF,DN$1,0),0) -> 0 | DP13: 0 | DQ13: 0 | DR13: =((DL13-(DN13+DO13+DP13)+DQ13)) -> 280 | DT13: =DR13 -> 280 | DU13: =IFERROR(VLOOKUP($D13,'Adient Assende (Belgium) WK.17'!$B:DJ,DV$1,0),0) -> 0 | DV13: =IFERROR(VLOOKUP($D13,'Adient Arendal (Malzia) WK.12'!$B:DK,DV$1,0),0) -> 0 | DW13: =IFERROR(VLOOKUP($D13,'Adient Taizhou (China) WK.16'!$B:DN,DV$1,0),0) -> 0 | DX13: 160 | DY13: 0 | DZ13: 160 | EA13: 0 | EB13: =((DT13-(DV13+DW13+DZ13)+EA13))+DX13+DY13 -> 280 | ED13: =EB13 -> 280 | EE13: =IFERROR(VLOOKUP($D13,'Adient Assende (Belgium) WK.17'!$B:DR,EF$1,0),0) -> 160 | EF13: =IFERROR(VLOOKUP($D13,'Adient Arendal (Malzia) WK.12'!$B:DS,EF$1,0),0) -> 0 | EG13: =IFERROR(VLOOKUP($D13,'Adient Taizhou (China) WK.16'!$B:DV,EF$1,0),0) -> 0 | EH13: 0 | EI13: 0 | EJ13: 0 | EK13: =((ED13-(EF13+EG13+EI13)+EJ13))+EH13 -> 280 | EM13: =EK13 -> 280 | EN13: =IFERROR(VLOOKUP($D13,'Adient Assende (Belgium) WK.17'!$B:DZ,EO$1,0),0) -> 0 | EO13: =IFERROR(VLOOKUP($D13,'Adient Arendal (Malzia) WK.12'!$B:EA,EO$1,0),0) -> 0 | EP13: =IFERROR(VLOOKUP($D13,'Adient Taizhou (China) WK.16'!$B:ED,EO$1,0),0) -> 0 | EQ13: 0 | ER13: 0 | ES13: =((EM13-(EO13+EP13+EQ13)+ER13)) -> 280 | EU13: =ES13 -> 280 | EV13: =IFERROR(VLOOKUP($D13,'Adient Assende (Belgium) WK.17'!$B:EH,EW$1,0),0) -> 0 | EW13: =IFERROR(VLOOKUP($D13,'Adient Arendal (Malzia) WK.12'!$B:EI,EW$1,0),0) -> 0 | EX13: =IFERROR(VLOOKUP($D13,'Adient Taizhou (China) WK.16'!$B:EL,EW$1,0),0) -> 0 | EY13: 0 | EZ13: 0 | FA13: =((EU13-(EW13+EX13+EY13)+EZ13)) -> 280 | FC13: =FA13 -> 280 | FD13: =IFERROR(VLOOKUP($D13,'Adient Assende (Belgium) WK.17'!$B:EP,FE$1,0),0) -> 0 | FE13: =IFERROR(VLOOKUP($D13,'Adient Arendal (Malzia) WK.12'!$B:EQ,FE$1,0),0) -> 0 | FF13: =IFERROR(VLOOKUP($D13,'Adient Taizhou (China) WK.16'!$B:ET,FE$1,0),0) -> 0 | FG13: 0 | FH13: 0 | FI13: =((FC13-(FE13+FF13+FG13)+FH13)) -> 280 | FK13: =FI13 -> 280 | FL13: =IFERROR(VLOOKUP($D13,'Adient Assende (Belgium) WK.17'!$B:EX,FM$1,0),0) -> 0 | FM13: =IFERROR(VLOOKUP($D13,'Adient Arendal (Malzia) WK.12'!$B:EY,FM$1,0),0) -> 0 | FN13: =IFERROR(VLOOKUP($D13,'Adient Taizhou (China) WK.16'!$B:FB,FM$1,0),0) -> 0 | FO13: 0 | FP13: 0 | FQ13: =((FK13-(FM13+FN13+FO13)+FP13)) -> 280 | FS13: =FQ13 -> 280 | FT13: =IFERROR(VLOOKUP($D13,'Adient Assende (Belgium) WK.17'!$B:FF,FU$1,0),0) -> 0 | FU13: =IFERROR(VLOOKUP($D13,'Adient Arendal (Malzia) WK.12'!$B:FG,FU$1,0),0) -> 0 | FV13: =IFERROR(VLOOKUP($D13,'Adient Taizhou (China) WK.16'!$B:FJ,FU$1,0),0) -> 0 | FW13: 0 | FX13: 0 | FY13: 0 | FZ13: 0 | GA13: 120 | GB13: 160 | GC13: 0 | GD13: =((FS13-(FU13+FV13+GB13)+GC13))+FW13+FX13+FY13+FZ13+GA13 -> 240 | GF13: =GD13 -> 240 | GG13: =IFERROR(VLOOKUP($D13,'Adient Assende (Belgium) WK.17'!$B:FN,GH$1,0),0) -> 160 | GH13: =IFERROR(VLOOKUP($D13,'Adient Arendal (Malzia) WK.12'!$B:FO,GH$1,0),0) -> 0 | GI13: =IFERROR(VLOOKUP($D13,'Adient Taizhou (China) WK.16'!$B:FR,GH$1,0),0) -> 0 | GJ13: 0 | GK13: 0 | GL13: 0 | GM13: =((GF13-(GH13+GI13+GK13)+GL13))+GJ13 -> 240 | GO13: =GM13 -> 240 | GP13: =IFERROR(VLOOKUP($D13,'Adient Assende (Belgium) WK.17'!$B:FV,GQ$1,0),0) -> 0 | GQ13: =IFERROR(VLOOKUP($D13,'Adient Arendal (Malzia) WK.12'!$B:FW,GQ$1,0),0) -> 0 | GR13: =IFERROR(VLOOKUP($D13,'Adient Taizhou (China) WK.16'!$B:FZ,GQ$1,0),0) -> 0 | GS13: 40 | GT13: 0 | GU13: 0 | GV13: =((GO13-(GQ13+GR13+GT13)+GU13))+GS13 -> 280 | GX13: =GV13 -> 280 | GY13: =IFERROR(VLOOKUP($D13,'Adient Assende (Belgium) WK.17'!$B:GD,GZ$1,0),0) -> 0 | GZ13: =IFERROR(VLOOKUP($D13,'Adient Arendal (Malzia) WK.12'!$B:GE,GZ$1,0),0) -> 0 | HA13: =IFERROR(VLOOKUP($D13,'Adient Taizhou (China) WK.16'!$B:GH,GZ$1,0),0) -> 0 | HB13: 160 | HC13: 0 | HD13: 0 | HE13: =((GX13-(GZ13+HA13+HC13)+HD13))+HB13 -> 440 | HG13: =HE13 -> 440 | HH13: =IFERROR(VLOOKUP($D13,'Adient Assende (Belgium) WK.17'!$B:GL,HI$1,0),0) -> 0 | HI13: =IFERROR(VLOOKUP($D13,'Adient Arendal (Malzia) WK.12'!$B:GM,HI$1,0),0) -> 0 | HJ13: =IFERROR(VLOOKUP($D13,'Adient Taizhou (China) WK.16'!$B:GP,HI$1,0),0) -> 0 | HK13: 0 | HL13: 0 | HM13: 0 | HN13: =((HG13-(HI13+HJ13+HL13)+HM13))+HK13 -> 440 | HP13: =HN13 -> 440 | HQ13: =IFERROR(VLOOKUP($D13,'Adient Assende (Belgium) WK.17'!$B:GT,HR$1,0),0) -> 0 | HR13: =IFERROR(VLOOKUP($D13,'Adient Arendal (Malzia) WK.12'!$B:GU,HR$1,0),0) -> 0 | HS13: =IFERROR(VLOOKUP($D13,'Adient Taizhou (China) WK.16'!$B:GX,HR$1,0),0) -> 0 | HT13: 0 | HU13: 0 | HV13: 0 | HW13: =((HP13-(HR13+HS13+HU13)+HV13))+HT13 -> 440 | HY13: =HW13 -> 440 | HZ13: =IFERROR(VLOOKUP($D13,'Adient Assende (Belgium) WK.17'!$B:HB,IA$1,0),0) -> 0 | IA13: =IFERROR(VLOOKUP($D13,'Adient Arendal (Malzia) WK.12'!$B:HC,IA$1,0),0) -> 0 | IB13: =IFERROR(VLOOKUP($D13,'Adient Taizhou (China) WK.16'!$B:HF,IA$1,0),0) -> 0 | IC13: 0 | ID13: 160 | IE13: 0 | IF13: =((HY13-(IA13+IB13+ID13)+IE13))+IC13 -> 280 | IH13: =IF13 -> 280 | II13: =IFERROR(VLOOKUP($D13,'Adient Assende (Belgium) WK.17'!$B:HJ,IJ$1,0),0) -> 160 | IJ13: =IFERROR(VLOOKUP($D13,'Adient Arendal (Malzia) WK.12'!$B:HK,IJ$1,0),0) -> 0 | IK13: =IFERROR(VLOOKUP($D13,'Adient Taizhou (China) WK.16'!$B:HN,IJ$1,0),0) -> 0 | IL13: 0 | IM13: 0 | IN13: =((IH13-(IJ13+IK13+IL13)+IM13)) -> 280 | IP13: =IN13 -> 280 | IQ13: =IFERROR(VLOOKUP($D13,'Adient Assende (Belgium) WK.17'!$B:HR,IR$1,0),0) -> 0 | IR13: =IFERROR(VLOOKUP($D13,'Adient Arendal (Malzia) WK.12'!$B:HS,IR$1,0),0) -> 0 | IS13: =IFERROR(VLOOKUP($D13,'Adient Taizhou (China) WK.16'!$B:HV,IR$1,0),0) -> 0 | IT13: 0 | IU13: 0 | IV13: 0 | IW13: =((IP13-(IR13+IS13+IU13)+IV13))+IT13 -> 280 | IY13: =IW13 -> 280 | IZ13: =IFERROR(VLOOKUP($D13,'Adient Assende (Belgium) WK.17'!$B:HZ,JA$1,0),0) -> 0 | JA13: =IFERROR(VLOOKUP($D13,'Adient Arendal (Malzia) WK.12'!$B:IA,JA$1,0),0) -> 0 | JB13: =IFERROR(VLOOKUP($D13,'Adient Taizhou (China) WK.16'!$B:ID,JA$1,0),0) -> 0 | JC13: 0 | JD13: 0 | JE13: =((IY13-(JA13+JB13+JC13)+JD13)) -> 280 | JG13: =JE13 -> 280 | JH13: =IFERROR(VLOOKUP($D13,'Adient Assende (Belgium) WK.17'!$B:IH,JI$1,0),0) -> 0 | JI13: =IFERROR(VLOOKUP($D13,'Adient Arendal (Malzia) WK.12'!$B:II,JI$1,0),0) -> 0 | JJ13: =IFERROR(VLOOKUP($D13,'Adient Taizhou (China) WK.16'!$B:IL,JI$1,0),0) -> 0 | JK13: 0 | JL13: 160 | JM13: 0 | JN13: =((JG13-(JI13+JJ13+JL13)+JM13))+JK13 -> 120 | JP13: =JN13 -> 120 | JQ13: =IFERROR(VLOOKUP($D13,'Adient Assende (Belgium) WK.17'!$B:IP,JR$1,0),0) -> 160 | JR13: =IFERROR(VLOOKUP($D13,'Adient Arendal (Malzia) WK.12'!$B:IQ,JR$1,0),0) -> 0 | JS13: =IFERROR(VLOOKUP($D13,'Adient Taizhou (China) WK.16'!$B:IT,JR$1,0),0) -> 0 | JT13: 0 | JU13: 0 | JV13: =((JP13-(JR13+JS13+JT13)+JU13)) -> 120 | JX13: =JV13 -> 120 | JY13: =IFERROR(VLOOKUP($D13,'Adient Assende (Belgium) WK.17'!$B:IX,JZ$1,0),0) -> 0 | JZ13: =IFERROR(VLOOKUP($D13,'Adient Arendal (Malzia) WK.12'!$B:IY,JZ$1,0),0) -> 0 | KA13: =IFERROR(VLOOKUP($D13,'Adient Taizhou (China) WK.16'!$B:JB,JZ$1,0),0) -> 0 | KB13: 0 | KC13: 0 | KD13: =((JX13-(JZ13+KA13+KB13)+KC13)) -> 120 | KF13: =KD13 -> 120 | KG13: =IFERROR(VLOOKUP($D13,'Adient Assende (Belgium) WK.17'!$B:JF,KH$1,0),0) -> 0 | KH13: =IFERROR(VLOOKUP($D13,'Adient Arendal (Malzia) WK.12'!$B:JG,KH$1,0),0) -> 0 | KI13: =IFERROR(VLOOKUP($D13,'Adient Taizhou (China) WK.16'!$B:JJ,KH$1,0),0) -> 0 | KJ13: 0 | KK13: 0 | KL13: 0 | KM13: =((KF13-(KH13+KI13+KK13)+KL13))+KJ13 -> 120 | KO13: =KM13 -> 120 | KP13: =IFERROR(VLOOKUP($D13,'Adient Assende (Belgium) WK.17'!$B:JN,KQ$1,0),0) -> 0 | KQ13: =IFERROR(VLOOKUP($D13,'Adient Arendal (Malzia) WK.12'!$B:JO,KQ$1,0),0) -> 0 | KR13: =IFERROR(VLOOKUP($D13,'Adient Taizhou (China) WK.16'!$B:JR,KQ$1,0),0) -> 0 | KS13: 160 | KT13: 0 | KU13: 0 | KV13: =((KO13-(KQ13+KR13+KT13)+KU13))+KS13 -> 280 | KX13: =KV13 -> 280 | KY13: =IFERROR(VLOOKUP($D13,'Adient Assende (Belgium) WK.17'!$B:JV,KZ$1,0),0) -> 0 | KZ13: =IFERROR(VLOOKUP($D13,'Adient Arendal (Malzia) WK.12'!$B:JW,KZ$1,0),0) -> 0 | LA13: =IFERROR(VLOOKUP($D13,'Adient Taizhou (China) WK.16'!$B:JZ,KZ$1,0),0) -> 0 | LB13: 0 | LC13: 0 | LD13: =((KX13-(KZ13+LA13+LB13)+LC13)) -> 280 | LF13: =LD13 -> 280 | LG13: =IFERROR(VLOOKUP($D13,'Adient Assende (Belgium) WK.17'!$B:KD,LH$1,0),0) -> 0 | LH13: =IFERROR(VLOOKUP($D13,'Adient Arendal (Malzia) WK.12'!$B:KE,LH$1,0),0) -> 0 | LI13: =IFERROR(VLOOKUP($D13,'Adient Taizhou (China) WK.16'!$B:KH,LH$1,0),0) -> 0 | LJ13: 0 | LK13: 0 | LL13: 0 | LM13: =((LF13-(LG13+LH13+LI13)+LL13))+LJ13 -> 280 | LO13: =LM13 -> 280 | LP13: =IFERROR(VLOOKUP($D13,'Adient Assende (Belgium) WK.17'!$B:KL,LQ$1,0),0) -> 0 | LQ13: =IFERROR(VLOOKUP($D13,'Adient Arendal (Malzia) WK.12'!$B:KM,LQ$1,0),0) -> 0 | LR13: =IFERROR(VLOOKUP($D13,'Adient Taizhou (China) WK.16'!$B:KP,LQ$1,0),0) -> 0 | LS13: 0 | LT13: 0 | LU13: =((LO13-(LP13+LQ13+LR13)+LT13)) -> 280 | LW13: =LU13 -> 280 | LX13: =IFERROR(VLOOKUP($D13,'Adient Assende (Belgium) WK.17'!$B:KT,LY$1,0),0) -> 160 | LY13: =IFERROR(VLOOKUP($D13,'Adient Arendal (Malzia) WK.12'!$B:KU,LY$1,0),0) -> 0 | LZ13: =IFERROR(VLOOKUP($D13,'Adient Taizhou (China) WK.16'!$B:KX,LY$1,0),0) -> 0 | MA13: 0 | MB13: 0 | MC13: =((LW13-(LX13+LY13+LZ13)+MB13)) -> 120 | ME13: =MC13 -> 120 | MF13: =IFERROR(VLOOKUP($D13,'Adient Assende (Belgium) WK.17'!$B:LB,MG$1,0),0) -> 0 | MG13: =IFERROR(VLOOKUP($D13,'Adient Arendal (Malzia) WK.12'!$B:LC,MG$1,0),0) -> 0 | MH13: =IFERROR(VLOOKUP($D13,'Adient Taizhou (China) WK.16'!$B:LF,MG$1,0),0) -> 0 | MI13: 0 | MJ13: 0 | MK13: =((ME13-(MF13+MG13+MH13)+MJ13)) -> 120 | MM13: =MK13 -> 120 | MN13: =IFERROR(VLOOKUP($D13,'Adient Assende (Belgium) WK.17'!$B:LJ,MO$1,0),0) -> 0 | MO13: =IFERROR(VLOOKUP($D13,'Adient Arendal (Malzia) WK.12'!$B:LK,MO$1,0),0) -> 0 | MP13: =IFERROR(VLOOKUP($D13,'Adient Taizhou (China) WK.16'!$B:LN,MO$1,0),0) -> 0 | MQ13: 0 | MR13: 0 | MS13: =((MM13-(MN13+MO13+MP13)+MR13)) -> 120 | MU13: =MS13 -> 120 | MV13: =IFERROR(VLOOKUP($D13,'Adient Assende (Belgium) WK.17'!$B:LR,MW$1,0),0) -> 0 | MW13: =IFERROR(VLOOKUP($D13,'Adient Arendal (Malzia) WK.12'!$B:LS,MW$1,0),0) -> 0 | MX13: =IFERROR(VLOOKUP($D13,'Adient Taizhou (China) WK.16'!$B:LV,MW$1,0),0) -> 0 | MY13: 0 | MZ13: 0 | NA13: =((MU13-(MV13+MW13+MX13)+MZ13)) -> 120 | NC13: =NA13 -> 120 | ND13: =IFERROR(VLOOKUP($D13,'Adient Assende (Belgium) WK.17'!$B:LZ,NE$1,0),0) -> 160 | NE13: =IFERROR(VLOOKUP($D13,'Adient Arendal (Malzia) WK.12'!$B:MA,NE$1,0),0) -> 0 | NF13: =IFERROR(VLOOKUP($D13,'Adient Taizhou (China) WK.16'!$B:MD,NE$1,0),0) -> 0 | NG13: 0 | NH13: 0 | NI13: =((NC13-(ND13+NE13+NF13)+NH13)) -> -40 | NK13: =NI13 -> -40 | NL13: =IFERROR(VLOOKUP($D13,'Adient Assende (Belgium) WK.17'!$B:MH,NM$1,0),0) -> 0 | NM13: =IFERROR(VLOOKUP($D13,'Adient Arendal (Malzia) WK.12'!$B:MI,NM$1,0),0) -> 0 | NN13: =IFERROR(VLOOKUP($D13,'Adient Taizhou (China) WK.16'!$B:ML,NM$1,0),0) -> 0 | NO13: 0 | NP13: 0 | NQ13: =((NK13-(NL13+NM13+NN13)+NP13)) -> -40 | NS13: =NQ13 -> -40 | NT13: =IFERROR(VLOOKUP($D13,'Adient Assende (Belgium) WK.17'!$B:MP,NU$1,0),0) -> 0 | NU13: =IFERROR(VLOOKUP($D13,'Adient Arendal (Malzia) WK.12'!$B:MQ,NU$1,0),0) -> 0 | NV13: =IFERROR(VLOOKUP($D13,'Adient Taizhou (China) WK.16'!$B:MT,NU$1,0),0) -> 0 | NW13: 0 | NX13: 0 | NY13: =((NS13-(NT13+NU13+NV13)+NX13)) -> -40 | OA13: =NY13 -> -40 | OB13: =IFERROR(VLOOKUP($D13,'Adient Assende (Belgium) WK.17'!$B:MX,OC$1,0),0) -> 160 | OC13: =IFERROR(VLOOKUP($D13,'Adient Arendal (Malzia) WK.12'!$B:MY,OC$1,0),0) -> 0 | OD13: =IFERROR(VLOOKUP($D13,'Adient Taizhou (China) WK.16'!$B:NB,OC$1,0),0) -> 0 | OE13: 0 | OF13: 0 | OG13: =((OA13-(OB13+OC13+OD13)+OF13)) -> -200 | OI13: =OG13 -> -200 | OJ13: =IFERROR(VLOOKUP($D13,'Adient Assende (Belgium) WK.17'!$B:NF,OK$1,0),0) -> 0 | OK13: =IFERROR(VLOOKUP($D13,'Adient Arendal (Malzia) WK.12'!$B:NG,OK$1,0),0) -> 0 | OL13: =IFERROR(VLOOKUP($D13,'Adient Taizhou (China) WK.16'!$B:NJ,OK$1,0),0) -> 0 | OM13: 0 | ON13: 0 | OO13: =((OI13-(OJ13+OK13+OL13)+ON13)) -> -200 | OQ13: =OO13 -> -200 | OR13: =IFERROR(VLOOKUP($D13,'Adient Assende (Belgium) WK.17'!$B:NN,OS$1,0),0) -> 0 | OS13: =IFERROR(VLOOKUP($D13,'Adient Arendal (Malzia) WK.12'!$B:NO,OS$1,0),0) -> 0 | OT13: =IFERROR(VLOOKUP($D13,'Adient Taizhou (China) WK.16'!$B:NR,OS$1,0),0) -> 0 | OU13: 0 | OV13: 0 | OW13: =((OQ13-(OR13+OS13+OT13)+OV13)) -> -200 | OY13: =OW13 -> -200 | OZ13: =IFERROR(VLOOKUP($D13,'Adient Assende (Belgium) WK.17'!$B:NV,PA$1,0),0) -> 0 | PA13: =IFERROR(VLOOKUP($D13,'Adient Arendal (Malzia) WK.12'!$B:NW,PA$1,0),0) -> 0 | PB13: =IFERROR(VLOOKUP($D13,'Adient Taizhou (China) WK.16'!$B:NZ,PA$1,0),0) -> 0 | PC13: 0 | PD13: 0 | PE13: =((OY13-(OZ13+PA13+PB13)+PD13)) -> -200 | PG13: =PE13 -> -200 | PH13: =IFERROR(VLOOKUP($D13,'Adient Assende (Belgium) WK.17'!$B:OD,PI$1,0),0) -> 0 | PI13: =IFERROR(VLOOKUP($D13,'Adient Arendal (Malzia) WK.12'!$B:OE,PI$1,0),0) -> 0 | PJ13: =IFERROR(VLOOKUP($D13,'Adient Taizhou (China) WK.16'!$B:OH,PI$1,0),0) -> 0 | PK13: 0 | PL13: 0 | PM13: =((PG13-(PH13+PI13+PJ13)+PL13)) -> -200 | PO13: =PM13 -> -200 | PP13: =IFERROR(VLOOKUP($D13,'Adient Assende (Belgium) WK.17'!$B:OL,PQ$1,0),0) -> 0 | PQ13: =IFERROR(VLOOKUP($D13,'Adient Arendal (Malzia) WK.12'!$B:OM,PQ$1,0),0) -> 0 | PR13: =IFERROR(VLOOKUP($D13,'Adient Taizhou (China) WK.16'!$B:OP,PQ$1,0),0) -> 0 | PS13: 0 | PT13: 0 | PU13: =((PO13-(PP13+PQ13+PR13)+PT13)) -> -200 | PW13: =PU13 -> -200 | PX13: =IFERROR(VLOOKUP($D13,'Adient Assende (Belgium) WK.17'!$B:OT,PY$1,0),0) -> 0 | PY13: =IFERROR(VLOOKUP($D13,'Adient Arendal (Malzia) WK.12'!$B:OU,PY$1,0),0) -> 0 | PZ13: =IFERROR(VLOOKUP($D13,'Adient Taizhou (China) WK.16'!$B:OX,PY$1,0),0) -> 0 | QA13: 0 | QB13: 0 | QC13: =((PW13-(PX13+PY13+PZ13)+QB13)) -> -200 | QE13: =QC13 -> -200 | QF13: =IFERROR(VLOOKUP($D13,'Adient Assende (Belgium) WK.17'!$B:PB,QG$1,0),0) -> 160 | QG13: =IFERROR(VLOOKUP($D13,'Adient Arendal (Malzia) WK.12'!$B:PC,QG$1,0),0) -> 0 | QH13: =IFERROR(VLOOKUP($D13,'Adient Taizhou (China) WK.16'!$B:PF,QG$1,0),0) -> 0 | QI13: 0 | QJ13: 0 | QK13: =((QE13-(QF13+QG13+QH13)+QJ13)) -> -360 | QM13: =QK13 -> -360 | QN13: =IFERROR(VLOOKUP($D13,'Adient Assende (Belgium) WK.17'!$B:PJ,QO$1,0),0) -> 0 | QO13: =IFERROR(VLOOKUP($D13,'Adient Arendal (Malzia) WK.12'!$B:PK,QO$1,0),0) -> 0 | QP13: =IFERROR(VLOOKUP($D13,'Adient Taizhou (China) WK.16'!$B:PN,QO$1,0),0) -> 0 | QQ13: 0 | QR13: 0 | QS13: =((QM13-(QN13+QO13+QP13)+QR13)) -> -360 | QU13: =QS13 -> -360 | QV13: =IFERROR(VLOOKUP($D13,'Adient Assende (Belgium) WK.17'!$B:PR,QW$1,0),0) -> 40 | QW13: =IFERROR(VLOOKUP($D13,'Adient Arendal (Malzia) WK.12'!$B:PS,QW$1,0),0) -> 0 | QX13: =IFERROR(VLOOKUP($D13,'Adient Taizhou (China) WK.16'!$B:PV,QW$1,0),0) -> 0 | QY13: 0 | QZ13: 0 | RA13: =((QU13-(QV13+QW13+QX13)+QZ13)) -> -400 | RC13: =RA13 -> -400 | RD13: =IFERROR(VLOOKUP($D13,'Adient Assende (Belgium) WK.17'!$B:PZ,RE$1,0),0) -> 40 | RE13: =IFERROR(VLOOKUP($D13,'Adient Arendal (Malzia) WK.12'!$B:QA,RE$1,0),0) -> 0 | RF13: =IFERROR(VLOOKUP($D13,'Adient Taizhou (China) WK.16'!$B:QD,RE$1,0),0) -> 0 | RG13: 0 | RH13: 0 | RI13: =((RC13-(RD13+RE13+RF13)+RH13)) -> -440 | RK13: =RI13 -> -440 | RL13: =IFERROR(VLOOKUP($D13,'Adient Assende (Belgium) WK.17'!$B:QH,RM$1,0),0) -> 40 | RM13: =IFERROR(VLOOKUP($D13,'Adient Arendal (Malzia) WK.12'!$B:QI,RM$1,0),0) -> 0 | RN13: =IFERROR(VLOOKUP($D13,'Adient Taizhou (China) WK.16'!$B:QL,RM$1,0),0) -> 0 | RO13: 0 | RP13: 0 | RQ13: =((RK13-(RL13+RM13+RN13)+RP13)) -> -480 | RS13: =RQ13 -> -480 | RT13: =IFERROR(VLOOKUP($D13,'Adient Assende (Belgium) WK.17'!$B:QP,RU$1,0),0) -> 40 | RU13: =IFERROR(VLOOKUP($D13,'Adient Arendal (Malzia) WK.12'!$B:QQ,RU$1,0),0) -> 0 | RV13: =IFERROR(VLOOKUP($D13,'Adient Taizhou (China) WK.16'!$B:QT,RU$1,0),0) -> 0 | RW13: 0 | RX13: 0 | RY13: =((RS13-(RT13+RU13+RV13)+RX13)) -> -520 | SA13: =RY13 -> -520 | SB13: =IFERROR(VLOOKUP($D13,'Adient Assende (Belgium) WK.17'!$B:QX,SC$1,0),0) -> 40 | SC13: =IFERROR(VLOOKUP($D13,'Adient Arendal (Malzia) WK.12'!$B:QY,SC$1,0),0) -> 0 | SD13: =IFERROR(VLOOKUP($D13,'Adient Taizhou (China) WK.16'!$B:RB,SC$1,0),0) -> 0 | SE13: 0 | SF13: 0 | SG13: =((SA13-(SB13+SC13+SD13)+SF13)) -> -560 | SI13: =SG13 -> -560 | SJ13: =IFERROR(VLOOKUP($D13,'Adient Assende (Belgium) WK.17'!$B:RF,SK$1,0),0) -> 40 | SK13: =IFERROR(VLOOKUP($D13,'Adient Arendal (Malzia) WK.12'!$B:RG,SK$1,0),0) -> 0 | SL13: =IFERROR(VLOOKUP($D13,'Adient Taizhou (China) WK.16'!$B:RJ,SK$1,0),0) -> 0 | SM13: 0 | SN13: 0 | SO13: =((SI13-(SJ13+SK13+SL13)+SN13)) -> -600 | SQ13: =SO13 -> -600 | SR13: =IFERROR(VLOOKUP($D13,'Adient Assende (Belgium) WK.17'!$B:RN,SS$1,0),0) -> 40 | SS13: =IFERROR(VLOOKUP($D13,'Adient Arendal (Malzia) WK.12'!$B:RO,SS$1,0),0) -> 0 | ST13: =IFERROR(VLOOKUP($D13,'Adient Taizhou (China) WK.16'!$B:RR,SS$1,0),0) -> 0 | SU13: 0 | SV13: 0 | SW13: =((SQ13-(SR13+SS13+ST13)+SV13)) -> -640 | SY13: =SW13 -> -640 | SZ13: =IFERROR(VLOOKUP($D13,'Adient Assende (Belgium) WK.17'!$B:RV,TA$1,0),0) -> 40 | TA13: =IFERROR(VLOOKUP($D13,'Adient Arendal (Malzia) WK.12'!$B:RW,TA$1,0),0) -> 0 | TB13: =IFERROR(VLOOKUP($D13,'Adient Taizhou (China) WK.16'!$B:RZ,TA$1,0),0) -> 0 | TC13: 0 | TD13: 0 | TE13: =((SY13-(SZ13+TA13+TB13)+TD13)) -> -680 | TG13: =TE13 -> -680 | TH13: =IFERROR(VLOOKUP($D13,'Adient Assende (Belgium) WK.17'!$B:SD,TI$1,0),0) -> 0 | TI13: =IFERROR(VLOOKUP($D13,'Adient Arendal (Malzia) WK.12'!$B:SE,TI$1,0),0) -> 0 | TJ13: =IFERROR(VLOOKUP($D13,'Adient Taizhou (China) WK.16'!$B:SH,TI$1,0),0) -> 0 | TK13: 0 | TL13: 0 | TM13: =((TG13-(TH13+TI13+TJ13)+TL13)) -> -680 | TO13: =TM13 -> -680 | TP13: =IFERROR(VLOOKUP($D13,'Adient Assende (Belgium) WK.17'!$B:SL,TQ$1,0),0) -> 0 | TQ13: =IFERROR(VLOOKUP($D13,'Adient Arendal (Malzia) WK.12'!$B:SM,TQ$1,0),0) -> 0 | TR13: =IFERROR(VLOOKUP($D13,'Adient Taizhou (China) WK.16'!$B:SP,TQ$1,0),0) -> 0 | TS13: 0 | TT13: 0 | TU13: =((TO13-(TP13+TQ13+TR13)+TT13)) -> -680 | TW13: =TU13 -> -680 | TX13: =IFERROR(VLOOKUP($D13,'Adient Assende (Belgium) WK.17'!$B:ST,TY$1,0),0) -> 0 | TY13: =IFERROR(VLOOKUP($D13,'Adient Arendal (Malzia) WK.12'!$B:SU,TY$1,0),0) -> 0 | TZ13: =IFERROR(VLOOKUP($D13,'Adient Taizhou (China) WK.16'!$B:SX,TY$1,0),0) -> 0 | UA13: 0 | UB13: 0 | UC13: =((TW13-(TX13+TY13+TZ13)+UB13)) -> -680 | UE13: =UC13 -> -680 | UF13: =IFERROR(VLOOKUP($D13,'Adient Assende (Belgium) WK.17'!$B:TB,UG$1,0),0) -> 0 | UG13: =IFERROR(VLOOKUP($D13,'Adient Arendal (Malzia) WK.12'!$B:TC,UG$1,0),0) -> 0 | UH13: =IFERROR(VLOOKUP($D13,'Adient Taizhou (China) WK.16'!$B:TF,UG$1,0),0) -> 0 | UI13: 0 | UJ13: 0 | UK13: =((UE13-(UF13+UG13+UH13)+UJ13)) -> -680 | UM13: =UK13 -> -680 | UN13: =IFERROR(VLOOKUP($D13,'Adient Assende (Belgium) WK.17'!$B:TJ,UO$1,0),0) -> 0 | UO13: =IFERROR(VLOOKUP($D13,'Adient Arendal (Malzia) WK.12'!$B:TK,UO$1,0),0) -> 0 | UP13: =IFERROR(VLOOKUP($D13,'Adient Taizhou (China) WK.16'!$B:TN,UO$1,0),0) -> 0 | UQ13: 0 | UR13: 0 | US13: =((UM13-(UN13+UO13+UP13)+UR13)) -> -680 | UU13: =US13 -> -680 | UV13: =IFERROR(VLOOKUP($D13,'Adient Assende (Belgium) WK.17'!$B:TR,UW$1,0),0) -> 80 | UW13: =IFERROR(VLOOKUP($D13,'Adient Arendal (Malzia) WK.12'!$B:TS,UW$1,0),0) -> 0 | UX13: =IFERROR(VLOOKUP($D13,'Adient Taizhou (China) WK.16'!$B:TV,UW$1,0),0) -> 0 | UY13: 0 | UZ13: 0 | VA13: =((UU13-(UV13+UW13+UX13)+UZ13)) -> -760 | VC13: =VA13 -> -760 | VD13: =IFERROR(VLOOKUP($D13,'Adient Assende (Belgium) WK.17'!$B:TZ,VE$1,0),0) -> 80 | VE13: =IFERROR(VLOOKUP($D13,'Adient Arendal (Malzia) WK.12'!$B:UA,VE$1,0),0) -> 0 | VF13: =IFERROR(VLOOKUP($D13,'Adient Taizhou (China) WK.16'!$B:UD,VE$1,0),0) -> 0 | VG13: 0 | VH13: 0 | VI13: =((VC13-(VD13+VE13+VF13)+VH13)) -> -840 | VK13: =VI13 -> -840 | VL13: =IFERROR(VLOOKUP($D13,'Adient Assende (Belgium) WK.17'!$B:UH,VM$1,0),0) -> 0 | VM13: =IFERROR(VLOOKUP($D13,'Adient Arendal (Malzia) WK.12'!$B:UI,VM$1,0),0) -> 0 | VN13: =IFERROR(VLOOKUP($D13,'Adient Taizhou (China) WK.16'!$B:UL,VM$1,0),0) -> 0 | VO13: 0 | VP13: 0 | VQ13: =((VK13-(VL13+VM13+VN13)+VP13)) -> -840
A14: VOLVO | B14: JCI2 LH | C14: 32288788 | D14: 5073061 | E14: 40 | H14: 0 | I14: =IFERROR(VLOOKUP($D14,'Adient Assende (Belgium) WK.17'!$B:C,J$1,0),0) -> 0 | J14: =IFERROR(VLOOKUP($D14,'Adient Arendal (Malzia) WK.12'!$B:C,J$1,0),0) -> 0 | K14: =IFERROR(VLOOKUP($D14,'Adient Taizhou (China) WK.16'!$B:C,J$1,0),0) -> 0 | L14: 0 | M14: 0 | N14: =((H14-(L14+J14+K14))+M14) -> 0 | P14: =N14 -> 0 | Q14: =IFERROR(VLOOKUP($D14,'Adient Assende (Belgium) WK.17'!$B:K,R$1,0),0) -> 0 | R14: =IFERROR(VLOOKUP($D14,'Adient Arendal (Malzia) WK.12'!$B:K,R$1,0),0) -> 0 | S14: =IFERROR(VLOOKUP($D14,'Adient Taizhou (China) WK.16'!$B:K,R$1,0),0) -> 0 | T14: 0 | U14: 0 | V14: =((P14-(T14+R14+S14))+U14) -> 0 | X14: =V14 -> 0 | Y14: =IFERROR(VLOOKUP($D14,'Adient Assende (Belgium) WK.17'!$B:S,Z$1,0),0) -> 0 | Z14: =IFERROR(VLOOKUP($D14,'Adient Arendal (Malzia) WK.12'!$B:S,Z$1,0),0) -> 0 | AA14: =IFERROR(VLOOKUP($D14,'Adient Taizhou (China) WK.16'!$B:S,Z$1,0),0) -> 0 | AB14: 0 | AC14: 0 | AD14: =((X14-(AB14+Z14+AA14))+AC14) -> 0 | AF14: =AD14 -> 0 | AG14: =IFERROR(VLOOKUP($D14,'Adient Assende (Belgium) WK.17'!$B:AA,AH$1,0),0) -> 0 | AH14: =IFERROR(VLOOKUP($D14,'Adient Arendal (Malzia) WK.12'!$B:AA,AH$1,0),0) -> 0 | AI14: =IFERROR(VLOOKUP($D14,'Adient Taizhou (China) WK.16'!$B:AA,AH$1,0),0) -> 0 | AJ14: 0 | AK14: 0 | AL14: =((AF14-(AJ14+AH14+AI14))+AK14) -> 0 | AN14: =AL14 -> 0 | AO14: =IFERROR(VLOOKUP($D14,'Adient Assende (Belgium) WK.17'!$B:AI,AP$1,0),0) -> 0 | AP14: =IFERROR(VLOOKUP($D14,'Adient Arendal (Malzia) WK.12'!$B:AI,AP$1,0),0) -> 0 | AQ14: =IFERROR(VLOOKUP($D14,'Adient Taizhou (China) WK.16'!$B:AI,AP$1,0),0) -> 0 | AR14: 0 | AS14: 0 | AT14: 0 | AU14: =((AN14-(AS14+AP14+AQ14))+AT14)+AR14 -> 0 | AW14: =AU14 -> 0 | AX14: =IFERROR(VLOOKUP($D14,'Adient Assende (Belgium) WK.17'!$B:AR,AY$1,0),0) -> 0 | AY14: =IFERROR(VLOOKUP($D14,'Adient Arendal (Malzia) WK.12'!$B:AR,AY$1,0),0) -> 0 | AZ14: =IFERROR(VLOOKUP($D14,'Adient Taizhou (China) WK.16'!$B:AU,AY$1,0),0) -> 0 | BA14: 0 | BB14: 0 | BC14: =((AW14-(BA14+AY14+AZ14))+BB14) -> 0 | BE14: =BC14 -> 0 | BF14: =IFERROR(VLOOKUP($D14,'Adient Assende (Belgium) WK.17'!$B:AX,BG$1,0),0) -> 0 | BG14: =IFERROR(VLOOKUP($D14,'Adient Arendal (Malzia) WK.12'!$B:AZ,BG$1,0),0) -> 0 | BH14: =IFERROR(VLOOKUP($D14,'Adient Taizhou (China) WK.16'!$B:BB,BG$1,0),0) -> 0 | BI14: 0 | BJ14: 160 | BK14: 0 | BL14: 0 | BM14: =((BE14-(BK14+BG14+BH14))+BL14)+BI14+BJ14 -> 160 | BO14: =BM14 -> 160 | BP14: =IFERROR(VLOOKUP($D14,'Adient Assende (Belgium) WK.17'!$B:BH,BQ$1,0),0) -> 0 | BQ14: =IFERROR(VLOOKUP($D14,'Adient Arendal (Malzia) WK.12'!$B:BI,BQ$1,0),0) -> 0 | BR14: =IFERROR(VLOOKUP($D14,'Adient Taizhou (China) WK.16'!$B:BL,BQ$1,0),0) -> 0 | BS14: 40 | BT14: 0 | BU14: 0 | BV14: 160 | BW14: 0 | BX14: =((BO14-(BV14+BQ14+BR14))+BW14)+BS14+BT14+BU14 -> 40 | BZ14: =BX14 -> 40 | CA14: =IFERROR(VLOOKUP($D14,'Adient Assende (Belgium) WK.17'!$B:BS,CB$1,0),0) -> 160 | CB14: =IFERROR(VLOOKUP($D14,'Adient Arendal (Malzia) WK.12'!$B:BT,CB$1,0),0) -> 0 | CC14: =IFERROR(VLOOKUP($D14,'Adient Taizhou (China) WK.16'!$B:BW,CB$1,0),0) -> 0 | CD14: 0 | CE14: 0 | CF14: 0 | CG14: 0 | CH14: =((BZ14-(CF14+CB14+CC14))+CG14)+CD14+CE14 -> 40 | CJ14: =CH14 -> 40 | CK14: =IFERROR(VLOOKUP($D14,'Adient Assende (Belgium) WK.17'!$B:CC,CL$1,0),0) -> 0 | CL14: =IFERROR(VLOOKUP($D14,'Adient Arendal (Malzia) WK.12'!$B:CD,CL$1,0),0) -> 0 | CM14: =IFERROR(VLOOKUP($D14,'Adient Taizhou (China) WK.16'!$B:CG,CL$1,0),0) -> 0 | CN14: 80 | CO14: 0 | CP14: 0 | CQ14: =((CJ14-(CO14+CL14+CM14))+CP14)+CN14 -> 120 | CS14: =CQ14 -> 120 | CT14: =IFERROR(VLOOKUP($D14,'Adient Assende (Belgium) WK.17'!$B:CL,CU$1,0),0) -> 0 | CU14: =IFERROR(VLOOKUP($D14,'Adient Arendal (Malzia) WK.12'!$B:CM,CU$1,0),0) -> 0 | CV14: =IFERROR(VLOOKUP($D14,'Adient Taizhou (China) WK.16'!$B:CP,CU$1,0),0) -> 0 | CW14: 0 | CX14: 0 | CY14: 0 | CZ14: 0 | DA14: =((CS14-(CY14+CU14+CV14))+CZ14)+CW14+CX14 -> 120 | DC14: =DA14 -> 120 | DD14: =IFERROR(VLOOKUP($D14,'Adient Assende (Belgium) WK.17'!$B:CS,DE$1,0),0) -> 0 | DE14: =IFERROR(VLOOKUP($D14,'Adient Arendal (Malzia) WK.12'!$B:CU,DE$1,0),0) -> 0 | DF14: =IFERROR(VLOOKUP($D14,'Adient Taizhou (China) WK.16'!$B:CX,DE$1,0),0) -> 0 | DG14: 0 | DH14: 0 | DI14: 0 | DJ14: =((DC14-(DH14+DE14+DF14))+DI14)+DG14 -> 120 | DL14: =DJ14 -> 120 | DM14: =IFERROR(VLOOKUP($D14,'Adient Assende (Belgium) WK.17'!$B:DB,DN$1,0),0) -> 0 | DN14: =IFERROR(VLOOKUP($D14,'Adient Arendal (Malzia) WK.12'!$B:DC,DN$1,0),0) -> 0 | DO14: =IFERROR(VLOOKUP($D14,'Adient Taizhou (China) WK.16'!$B:DF,DN$1,0),0) -> 0 | DP14: 0 | DQ14: 0 | DR14: =((DL14-(DN14+DO14+DP14)+DQ14)) -> 120 | DT14: =DR14 -> 120 | DU14: =IFERROR(VLOOKUP($D14,'Adient Assende (Belgium) WK.17'!$B:DJ,DV$1,0),0) -> 0 | DV14: =IFERROR(VLOOKUP($D14,'Adient Arendal (Malzia) WK.12'!$B:DK,DV$1,0),0) -> 0 | DW14: =IFERROR(VLOOKUP($D14,'Adient Taizhou (China) WK.16'!$B:DN,DV$1,0),0) -> 0 | DX14: 0 | DY14: 0 | DZ14: 0 | EA14: 0 | EB14: =((DT14-(DV14+DW14+DZ14)+EA14))+DX14+DY14 -> 120 | ED14: =EB14 -> 120 | EE14: =IFERROR(VLOOKUP($D14,'Adient Assende (Belgium) WK.17'!$B:DR,EF$1,0),0) -> 0 | EF14: =IFERROR(VLOOKUP($D14,'Adient Arendal (Malzia) WK.12'!$B:DS,EF$1,0),0) -> 0 | EG14: =IFERROR(VLOOKUP($D14,'Adient Taizhou (China) WK.16'!$B:DV,EF$1,0),0) -> 0 | EH14: 0 | EI14: 0 | EJ14: 0 | EK14: =((ED14-(EF14+EG14+EI14)+EJ14))+EH14 -> 120 | EM14: =EK14 -> 120 | EN14: =IFERROR(VLOOKUP($D14,'Adient Assende (Belgium) WK.17'!$B:DZ,EO$1,0),0) -> 0 | EO14: =IFERROR(VLOOKUP($D14,'Adient Arendal (Malzia) WK.12'!$B:EA,EO$1,0),0) -> 0 | EP14: =IFERROR(VLOOKUP($D14,'Adient Taizhou (China) WK.16'!$B:ED,EO$1,0),0) -> 0 | EQ14: 0 | ER14: 0 | ES14: =((EM14-(EO14+EP14+EQ14)+ER14)) -> 120 | EU14: =ES14 -> 120 | EV14: =IFERROR(VLOOKUP($D14,'Adient Assende (Belgium) WK.17'!$B:EH,EW$1,0),0) -> 0 | EW14: =IFERROR(VLOOKUP($D14,'Adient Arendal (Malzia) WK.12'!$B:EI,EW$1,0),0) -> 0 | EX14: =IFERROR(VLOOKUP($D14,'Adient Taizhou (China) WK.16'!$B:EL,EW$1,0),0) -> 0 | EY14: 0 | EZ14: 0 | FA14: =((EU14-(EW14+EX14+EY14)+EZ14)) -> 120 | FC14: =FA14 -> 120 | FD14: =IFERROR(VLOOKUP($D14,'Adient Assende (Belgium) WK.17'!$B:EP,FE$1,0),0) -> 0 | FE14: =IFERROR(VLOOKUP($D14,'Adient Arendal (Malzia) WK.12'!$B:EQ,FE$1,0),0) -> 0 | FF14: =IFERROR(VLOOKUP($D14,'Adient Taizhou (China) WK.16'!$B:ET,FE$1,0),0) -> 0 | FG14: 0 | FH14: 0 | FI14: =((FC14-(FE14+FF14+FG14)+FH14)) -> 120 | FK14: =FI14 -> 120 | FL14: =IFERROR(VLOOKUP($D14,'Adient Assende (Belgium) WK.17'!$B:EX,FM$1,0),0) -> 0 | FM14: =IFERROR(VLOOKUP($D14,'Adient Arendal (Malzia) WK.12'!$B:EY,FM$1,0),0) -> 0 | FN14: =IFERROR(VLOOKUP($D14,'Adient Taizhou (China) WK.16'!$B:FB,FM$1,0),0) -> 0 | FO14: 0 | FP14: 0 | FQ14: =((FK14-(FM14+FN14+FO14)+FP14)) -> 120 | FS14: =FQ14 -> 120 | FT14: =IFERROR(VLOOKUP($D14,'Adient Assende (Belgium) WK.17'!$B:FF,FU$1,0),0) -> 0 | FU14: =IFERROR(VLOOKUP($D14,'Adient Arendal (Malzia) WK.12'!$B:FG,FU$1,0),0) -> 0 | FV14: =IFERROR(VLOOKUP($D14,'Adient Taizhou (China) WK.16'!$B:FJ,FU$1,0),0) -> 0 | FW14: 0 | FX14: 0 | FY14: 0 | FZ14: 0 | GA14: 0 | GB14: 0 | GC14: 0 | GD14: =((FS14-(FU14+FV14+GB14)+GC14))+FW14+FX14+FY14+FZ14+GA14 -> 120 | GF14: =GD14 -> 120 | GG14: =IFERROR(VLOOKUP($D14,'Adient Assende (Belgium) WK.17'!$B:FN,GH$1,0),0) -> 0 | GH14: =IFERROR(VLOOKUP($D14,'Adient Arendal (Malzia) WK.12'!$B:FO,GH$1,0),0) -> 0 | GI14: =IFERROR(VLOOKUP($D14,'Adient Taizhou (China) WK.16'!$B:FR,GH$1,0),0) -> 0 | GJ14: 0 | GK14: 0 | GL14: 0 | GM14: =((GF14-(GH14+GI14+GK14)+GL14))+GJ14 -> 120 | GO14: =GM14 -> 120 | GP14: =IFERROR(VLOOKUP($D14,'Adient Assende (Belgium) WK.17'!$B:FV,GQ$1,0),0) -> 0 | GQ14: =IFERROR(VLOOKUP($D14,'Adient Arendal (Malzia) WK.12'!$B:FW,GQ$1,0),0) -> 0 | GR14: =IFERROR(VLOOKUP($D14,'Adient Taizhou (China) WK.16'!$B:FZ,GQ$1,0),0) -> 0 | GS14: 0 | GT14: 0 | GU14: 0 | GV14: =((GO14-(GQ14+GR14+GT14)+GU14))+GS14 -> 120 | GX14: =GV14 -> 120 | GY14: =IFERROR(VLOOKUP($D14,'Adient Assende (Belgium) WK.17'!$B:GD,GZ$1,0),0) -> 0 | GZ14: =IFERROR(VLOOKUP($D14,'Adient Arendal (Malzia) WK.12'!$B:GE,GZ$1,0),0) -> 0 | HA14: =IFERROR(VLOOKUP($D14,'Adient Taizhou (China) WK.16'!$B:GH,GZ$1,0),0) -> 0 | HB14: 0 | HC14: 0 | HD14: 0 | HE14: =((GX14-(GZ14+HA14+HC14)+HD14))+HB14 -> 120 | HG14: =HE14 -> 120 | HH14: =IFERROR(VLOOKUP($D14,'Adient Assende (Belgium) WK.17'!$B:GL,HI$1,0),0) -> 0 | HI14: =IFERROR(VLOOKUP($D14,'Adient Arendal (Malzia) WK.12'!$B:GM,HI$1,0),0) -> 0 | HJ14: =IFERROR(VLOOKUP($D14,'Adient Taizhou (China) WK.16'!$B:GP,HI$1,0),0) -> 0 | HK14: 0 | HL14: 0 | HM14: 0 | HN14: =((HG14-(HI14+HJ14+HL14)+HM14))+HK14 -> 120 | HP14: =HN14 -> 120 | HQ14: =IFERROR(VLOOKUP($D14,'Adient Assende (Belgium) WK.17'!$B:GT,HR$1,0),0) -> 0 | HR14: =IFERROR(VLOOKUP($D14,'Adient Arendal (Malzia) WK.12'!$B:GU,HR$1,0),0) -> 0 | HS14: =IFERROR(VLOOKUP($D14,'Adient Taizhou (China) WK.16'!$B:GX,HR$1,0),0) -> 0 | HT14: 0 | HU14: 0 | HV14: 0 | HW14: =((HP14-(HR14+HS14+HU14)+HV14))+HT14 -> 120 | HY14: =HW14 -> 120 | HZ14: =IFERROR(VLOOKUP($D14,'Adient Assende (Belgium) WK.17'!$B:HB,IA$1,0),0) -> 0 | IA14: =IFERROR(VLOOKUP($D14,'Adient Arendal (Malzia) WK.12'!$B:HC,IA$1,0),0) -> 0 | IB14: =IFERROR(VLOOKUP($D14,'Adient Taizhou (China) WK.16'!$B:HF,IA$1,0),0) -> 0 | IC14: 0 | ID14: 0 | IE14: 0 | IF14: =((HY14-(IA14+IB14+ID14)+IE14))+IC14 -> 120 | IH14: =IF14 -> 120 | II14: =IFERROR(VLOOKUP($D14,'Adient Assende (Belgium) WK.17'!$B:HJ,IJ$1,0),0) -> 0 | IJ14: =IFERROR(VLOOKUP($D14,'Adient Arendal (Malzia) WK.12'!$B:HK,IJ$1,0),0) -> 0 | IK14: =IFERROR(VLOOKUP($D14,'Adient Taizhou (China) WK.16'!$B:HN,IJ$1,0),0) -> 0 | IL14: 0 | IM14: 0 | IN14: =((IH14-(IJ14+IK14+IL14)+IM14)) -> 120 | IP14: =IN14 -> 120 | IQ14: =IFERROR(VLOOKUP($D14,'Adient Assende (Belgium) WK.17'!$B:HR,IR$1,0),0) -> 0 | IR14: =IFERROR(VLOOKUP($D14,'Adient Arendal (Malzia) WK.12'!$B:HS,IR$1,0),0) -> 0 | IS14: =IFERROR(VLOOKUP($D14,'Adient Taizhou (China) WK.16'!$B:HV,IR$1,0),0) -> 0 | IT14: 0 | IU14: 0 | IV14: 0 | IW14: =((IP14-(IR14+IS14+IU14)+IV14))+IT14 -> 120 | IY14: =IW14 -> 120 | IZ14: =IFERROR(VLOOKUP($D14,'Adient Assende (Belgium) WK.17'!$B:HZ,JA$1,0),0) -> 0 | JA14: =IFERROR(VLOOKUP($D14,'Adient Arendal (Malzia) WK.12'!$B:IA,JA$1,0),0) -> 0 | JB14: =IFERROR(VLOOKUP($D14,'Adient Taizhou (China) WK.16'!$B:ID,JA$1,0),0) -> 0 | JC14: 0 | JD14: 0 | JE14: =((IY14-(JA14+JB14+JC14)+JD14)) -> 120 | JG14: =JE14 -> 120 | JH14: =IFERROR(VLOOKUP($D14,'Adient Assende (Belgium) WK.17'!$B:IH,JI$1,0),0) -> 0 | JI14: =IFERROR(VLOOKUP($D14,'Adient Arendal (Malzia) WK.12'!$B:II,JI$1,0),0) -> 0 | JJ14: =IFERROR(VLOOKUP($D14,'Adient Taizhou (China) WK.16'!$B:IL,JI$1,0),0) -> 0 | JK14: 0 | JL14: 0 | JM14: 0 | JN14: =((JG14-(JI14+JJ14+JL14)+JM14))+JK14 -> 120 | JP14: =JN14 -> 120 | JQ14: =IFERROR(VLOOKUP($D14,'Adient Assende (Belgium) WK.17'!$B:IP,JR$1,0),0) -> 0 | JR14: =IFERROR(VLOOKUP($D14,'Adient Arendal (Malzia) WK.12'!$B:IQ,JR$1,0),0) -> 0 | JS14: =IFERROR(VLOOKUP($D14,'Adient Taizhou (China) WK.16'!$B:IT,JR$1,0),0) -> 0 | JT14: 0 | JU14: 0 | JV14: =((JP14-(JR14+JS14+JT14)+JU14)) -> 120 | JX14: =JV14 -> 120 | JY14: =IFERROR(VLOOKUP($D14,'Adient Assende (Belgium) WK.17'!$B:IX,JZ$1,0),0) -> 0 | JZ14: =IFERROR(VLOOKUP($D14,'Adient Arendal (Malzia) WK.12'!$B:IY,JZ$1,0),0) -> 0 | KA14: =IFERROR(VLOOKUP($D14,'Adient Taizhou (China) WK.16'!$B:JB,JZ$1,0),0) -> 0 | KB14: 0 | KC14: 0 | KD14: =((JX14-(JZ14+KA14+KB14)+KC14)) -> 120 | KF14: =KD14 -> 120 | KG14: =IFERROR(VLOOKUP($D14,'Adient Assende (Belgium) WK.17'!$B:JF,KH$1,0),0) -> 0 | KH14: =IFERROR(VLOOKUP($D14,'Adient Arendal (Malzia) WK.12'!$B:JG,KH$1,0),0) -> 0 | KI14: =IFERROR(VLOOKUP($D14,'Adient Taizhou (China) WK.16'!$B:JJ,KH$1,0),0) -> 0 | KJ14: 0 | KK14: 0 | KL14: 0 | KM14: =((KF14-(KH14+KI14+KK14)+KL14))+KJ14 -> 120 | KO14: =KM14 -> 120 | KP14: =IFERROR(VLOOKUP($D14,'Adient Assende (Belgium) WK.17'!$B:JN,KQ$1,0),0) -> 0 | KQ14: =IFERROR(VLOOKUP($D14,'Adient Arendal (Malzia) WK.12'!$B:JO,KQ$1,0),0) -> 0 | KR14: =IFERROR(VLOOKUP($D14,'Adient Taizhou (China) WK.16'!$B:JR,KQ$1,0),0) -> 0 | KS14: 0 | KT14: 0 | KU14: 0 | KV14: =((KO14-(KQ14+KR14+KT14)+KU14))+KS14 -> 120 | KX14: =KV14 -> 120 | KY14: =IFERROR(VLOOKUP($D14,'Adient Assende (Belgium) WK.17'!$B:JV,KZ$1,0),0) -> 0 | KZ14: =IFERROR(VLOOKUP($D14,'Adient Arendal (Malzia) WK.12'!$B:JW,KZ$1,0),0) -> 0 | LA14: =IFERROR(VLOOKUP($D14,'Adient Taizhou (China) WK.16'!$B:JZ,KZ$1,0),0) -> 0 | LB14: 0 | LC14: 0 | LD14: =((KX14-(KZ14+LA14+LB14)+LC14)) -> 120 | LF14: =LD14 -> 120 | LG14: =IFERROR(VLOOKUP($D14,'Adient Assende (Belgium) WK.17'!$B:KD,LH$1,0),0) -> 0 | LH14: =IFERROR(VLOOKUP($D14,'Adient Arendal (Malzia) WK.12'!$B:KE,LH$1,0),0) -> 0 | LI14: =IFERROR(VLOOKUP($D14,'Adient Taizhou (China) WK.16'!$B:KH,LH$1,0),0) -> 0 | LJ14: 0 | LK14: 0 | LL14: 0 | LM14: =((LF14-(LG14+LH14+LI14)+LL14))+LJ14 -> 120 | LO14: =LM14 -> 120 | LP14: =IFERROR(VLOOKUP($D14,'Adient Assende (Belgium) WK.17'!$B:KL,LQ$1,0),0) -> 0 | LQ14: =IFERROR(VLOOKUP($D14,'Adient Arendal (Malzia) WK.12'!$B:KM,LQ$1,0),0) -> 0 | LR14: =IFERROR(VLOOKUP($D14,'Adient Taizhou (China) WK.16'!$B:KP,LQ$1,0),0) -> 0 | LS14: 0 | LT14: 0 | LU14: =((LO14-(LP14+LQ14+LR14)+LT14)) -> 120 | LW14: =LU14 -> 120 | LX14: =IFERROR(VLOOKUP($D14,'Adient Assende (Belgium) WK.17'!$B:KT,LY$1,0),0) -> 0 | LY14: =IFERROR(VLOOKUP($D14,'Adient Arendal (Malzia) WK.12'!$B:KU,LY$1,0),0) -> 0 | LZ14: =IFERROR(VLOOKUP($D14,'Adient Taizhou (China) WK.16'!$B:KX,LY$1,0),0) -> 0 | MA14: 0 | MB14: 0 | MC14: =((LW14-(LX14+LY14+LZ14)+MB14)) -> 120 | ME14: =MC14 -> 120 | MF14: =IFERROR(VLOOKUP($D14,'Adient Assende (Belgium) WK.17'!$B:LB,MG$1,0),0) -> 0 | MG14: =IFERROR(VLOOKUP($D14,'Adient Arendal (Malzia) WK.12'!$B:LC,MG$1,0),0) -> 0 | MH14: =IFERROR(VLOOKUP($D14,'Adient Taizhou (China) WK.16'!$B:LF,MG$1,0),0) -> 0 | MI14: 0 | MJ14: 0 | MK14: =((ME14-(MF14+MG14+MH14)+MJ14)) -> 120 | MM14: =MK14 -> 120 | MN14: =IFERROR(VLOOKUP($D14,'Adient Assende (Belgium) WK.17'!$B:LJ,MO$1,0),0) -> 0 | MO14: =IFERROR(VLOOKUP($D14,'Adient Arendal (Malzia) WK.12'!$B:LK,MO$1,0),0) -> 0 | MP14: =IFERROR(VLOOKUP($D14,'Adient Taizhou (China) WK.16'!$B:LN,MO$1,0),0) -> 0 | MQ14: 0 | MR14: 0 | MS14: =((MM14-(MN14+MO14+MP14)+MR14)) -> 120 | MU14: =MS14 -> 120 | MV14: =IFERROR(VLOOKUP($D14,'Adient Assende (Belgium) WK.17'!$B:LR,MW$1,0),0) -> 0 | MW14: =IFERROR(VLOOKUP($D14,'Adient Arendal (Malzia) WK.12'!$B:LS,MW$1,0),0) -> 0 | MX14: =IFERROR(VLOOKUP($D14,'Adient Taizhou (China) WK.16'!$B:LV,MW$1,0),0) -> 0 | MY14: 0 | MZ14: 0 | NA14: =((MU14-(MV14+MW14+MX14)+MZ14)) -> 120 | NC14: =NA14 -> 120 | ND14: =IFERROR(VLOOKUP($D14,'Adient Assende (Belgium) WK.17'!$B:LZ,NE$1,0),0) -> 0 | NE14: =IFERROR(VLOOKUP($D14,'Adient Arendal (Malzia) WK.12'!$B:MA,NE$1,0),0) -> 0 | NF14: =IFERROR(VLOOKUP($D14,'Adient Taizhou (China) WK.16'!$B:MD,NE$1,0),0) -> 0 | NG14: 0 | NH14: 0 | NI14: =((NC14-(ND14+NE14+NF14)+NH14)) -> 120 | NK14: =NI14 -> 120 | NL14: =IFERROR(VLOOKUP($D14,'Adient Assende (Belgium) WK.17'!$B:MH,NM$1,0),0) -> 0 | NM14: =IFERROR(VLOOKUP($D14,'Adient Arendal (Malzia) WK.12'!$B:MI,NM$1,0),0) -> 0 | NN14: =IFERROR(VLOOKUP($D14,'Adient Taizhou (China) WK.16'!$B:ML,NM$1,0),0) -> 0 | NO14: 0 | NP14: 0 | NQ14: =((NK14-(NL14+NM14+NN14)+NP14)) -> 120 | NS14: =NQ14 -> 120 | NT14: =IFERROR(VLOOKUP($D14,'Adient Assende (Belgium) WK.17'!$B:MP,NU$1,0),0) -> 0 | NU14: =IFERROR(VLOOKUP($D14,'Adient Arendal (Malzia) WK.12'!$B:MQ,NU$1,0),0) -> 0 | NV14: =IFERROR(VLOOKUP($D14,'Adient Taizhou (China) WK.16'!$B:MT,NU$1,0),0) -> 0 | NW14: 0 | NX14: 0 | NY14: =((NS14-(NT14+NU14+NV14)+NX14)) -> 120 | OA14: =NY14 -> 120 | OB14: =IFERROR(VLOOKUP($D14,'Adient Assende (Belgium) WK.17'!$B:MX,OC$1,0),0) -> 0 | OC14: =IFERROR(VLOOKUP($D14,'Adient Arendal (Malzia) WK.12'!$B:MY,OC$1,0),0) -> 0 | OD14: =IFERROR(VLOOKUP($D14,'Adient Taizhou (China) WK.16'!$B:NB,OC$1,0),0) -> 0 | OE14: 0 | OF14: 0 | OG14: =((OA14-(OB14+OC14+OD14)+OF14)) -> 120 | OI14: =OG14 -> 120 | OJ14: =IFERROR(VLOOKUP($D14,'Adient Assende (Belgium) WK.17'!$B:NF,OK$1,0),0) -> 0 | OK14: =IFERROR(VLOOKUP($D14,'Adient Arendal (Malzia) WK.12'!$B:NG,OK$1,0),0) -> 0 | OL14: =IFERROR(VLOOKUP($D14,'Adient Taizhou (China) WK.16'!$B:NJ,OK$1,0),0) -> 0 | OM14: 0 | ON14: 0 | OO14: =((OI14-(OJ14+OK14+OL14)+ON14)) -> 120 | OQ14: =OO14 -> 120 | OR14: =IFERROR(VLOOKUP($D14,'Adient Assende (Belgium) WK.17'!$B:NN,OS$1,0),0) -> 0 | OS14: =IFERROR(VLOOKUP($D14,'Adient Arendal (Malzia) WK.12'!$B:NO,OS$1,0),0) -> 0 | OT14: =IFERROR(VLOOKUP($D14,'Adient Taizhou (China) WK.16'!$B:NR,OS$1,0),0) -> 0 | OU14: 0 | OV14: 0 | OW14: =((OQ14-(OR14+OS14+OT14)+OV14)) -> 120 | OY14: =OW14 -> 120 | OZ14: =IFERROR(VLOOKUP($D14,'Adient Assende (Belgium) WK.17'!$B:NV,PA$1,0),0) -> 0 | PA14: =IFERROR(VLOOKUP($D14,'Adient Arendal (Malzia) WK.12'!$B:NW,PA$1,0),0) -> 0 | PB14: =IFERROR(VLOOKUP($D14,'Adient Taizhou (China) WK.16'!$B:NZ,PA$1,0),0) -> 0 | PC14: 0 | PD14: 0 | PE14: =((OY14-(OZ14+PA14+PB14)+PD14)) -> 120 | PG14: =PE14 -> 120 | PH14: =IFERROR(VLOOKUP($D14,'Adient Assende (Belgium) WK.17'!$B:OD,PI$1,0),0) -> 0 | PI14: =IFERROR(VLOOKUP($D14,'Adient Arendal (Malzia) WK.12'!$B:OE,PI$1,0),0) -> 0 | PJ14: =IFERROR(VLOOKUP($D14,'Adient Taizhou (China) WK.16'!$B:OH,PI$1,0),0) -> 0 | PK14: 0 | PL14: 0 | PM14: =((PG14-(PH14+PI14+PJ14)+PL14)) -> 120 | PO14: =PM14 -> 120 | PP14: =IFERROR(VLOOKUP($D14,'Adient Assende (Belgium) WK.17'!$B:OL,PQ$1,0),0) -> 0 | PQ14: =IFERROR(VLOOKUP($D14,'Adient Arendal (Malzia) WK.12'!$B:OM,PQ$1,0),0) -> 0 | PR14: =IFERROR(VLOOKUP($D14,'Adient Taizhou (China) WK.16'!$B:OP,PQ$1,0),0) -> 0 | PS14: 0 | PT14: 0 | PU14: =((PO14-(PP14+PQ14+PR14)+PT14)) -> 120 | PW14: =PU14 -> 120 | PX14: =IFERROR(VLOOKUP($D14,'Adient Assende (Belgium) WK.17'!$B:OT,PY$1,0),0) -> 0 | PY14: =IFERROR(VLOOKUP($D14,'Adient Arendal (Malzia) WK.12'!$B:OU,PY$1,0),0) -> 0 | PZ14: =IFERROR(VLOOKUP($D14,'Adient Taizhou (China) WK.16'!$B:OX,PY$1,0),0) -> 0 | QA14: 0 | QB14: 0 | QC14: =((PW14-(PX14+PY14+PZ14)+QB14)) -> 120 | QE14: =QC14 -> 120 | QF14: =IFERROR(VLOOKUP($D14,'Adient Assende (Belgium) WK.17'!$B:PB,QG$1,0),0) -> 160 | QG14: =IFERROR(VLOOKUP($D14,'Adient Arendal (Malzia) WK.12'!$B:PC,QG$1,0),0) -> 0 | QH14: =IFERROR(VLOOKUP($D14,'Adient Taizhou (China) WK.16'!$B:PF,QG$1,0),0) -> 0 | QI14: 0 | QJ14: 0 | QK14: =((QE14-(QF14+QG14+QH14)+QJ14)) -> -40 | QM14: =QK14 -> -40 | QN14: =IFERROR(VLOOKUP($D14,'Adient Assende (Belgium) WK.17'!$B:PJ,QO$1,0),0) -> 0 | QO14: =IFERROR(VLOOKUP($D14,'Adient Arendal (Malzia) WK.12'!$B:PK,QO$1,0),0) -> 0 | QP14: =IFERROR(VLOOKUP($D14,'Adient Taizhou (China) WK.16'!$B:PN,QO$1,0),0) -> 0 | QQ14: 0 | QR14: 0 | QS14: =((QM14-(QN14+QO14+QP14)+QR14)) -> -40 | QU14: =QS14 -> -40 | QV14: =IFERROR(VLOOKUP($D14,'Adient Assende (Belgium) WK.17'!$B:PR,QW$1,0),0) -> 0 | QW14: =IFERROR(VLOOKUP($D14,'Adient Arendal (Malzia) WK.12'!$B:PS,QW$1,0),0) -> 0 | QX14: =IFERROR(VLOOKUP($D14,'Adient Taizhou (China) WK.16'!$B:PV,QW$1,0),0) -> 0 | QY14: 0 | QZ14: 0 | RA14: =((QU14-(QV14+QW14+QX14)+QZ14)) -> -40 | RC14: =RA14 -> -40 | RD14: =IFERROR(VLOOKUP($D14,'Adient Assende (Belgium) WK.17'!$B:PZ,RE$1,0),0) -> 0 | RE14: =IFERROR(VLOOKUP($D14,'Adient Arendal (Malzia) WK.12'!$B:QA,RE$1,0),0) -> 0 | RF14: =IFERROR(VLOOKUP($D14,'Adient Taizhou (China) WK.16'!$B:QD,RE$1,0),0) -> 0 | RG14: 0 | RH14: 0 | RI14: =((RC14-(RD14+RE14+RF14)+RH14)) -> -40 | RK14: =RI14 -> -40 | RL14: =IFERROR(VLOOKUP($D14,'Adient Assende (Belgium) WK.17'!$B:QH,RM$1,0),0) -> 0 | RM14: =IFERROR(VLOOKUP($D14,'Adient Arendal (Malzia) WK.12'!$B:QI,RM$1,0),0) -> 0 | RN14: =IFERROR(VLOOKUP($D14,'Adient Taizhou (China) WK.16'!$B:QL,RM$1,0),0) -> 0 | RO14: 0 | RP14: 0 | RQ14: =((RK14-(RL14+RM14+RN14)+RP14)) -> -40 | RS14: =RQ14 -> -40 | RT14: =IFERROR(VLOOKUP($D14,'Adient Assende (Belgium) WK.17'!$B:QP,RU$1,0),0) -> 0 | RU14: =IFERROR(VLOOKUP($D14,'Adient Arendal (Malzia) WK.12'!$B:QQ,RU$1,0),0) -> 0 | RV14: =IFERROR(VLOOKUP($D14,'Adient Taizhou (China) WK.16'!$B:QT,RU$1,0),0) -> 0 | RW14: 0 | RX14: 0 | RY14: =((RS14-(RT14+RU14+RV14)+RX14)) -> -40 | SA14: =RY14 -> -40 | SB14: =IFERROR(VLOOKUP($D14,'Adient Assende (Belgium) WK.17'!$B:QX,SC$1,0),0) -> 0 | SC14: =IFERROR(VLOOKUP($D14,'Adient Arendal (Malzia) WK.12'!$B:QY,SC$1,0),0) -> 0 | SD14: =IFERROR(VLOOKUP($D14,'Adient Taizhou (China) WK.16'!$B:RB,SC$1,0),0) -> 0 | SE14: 0 | SF14: 0 | SG14: =((SA14-(SB14+SC14+SD14)+SF14)) -> -40 | SI14: =SG14 -> -40 | SJ14: =IFERROR(VLOOKUP($D14,'Adient Assende (Belgium) WK.17'!$B:RF,SK$1,0),0) -> 0 | SK14: =IFERROR(VLOOKUP($D14,'Adient Arendal (Malzia) WK.12'!$B:RG,SK$1,0),0) -> 0 | SL14: =IFERROR(VLOOKUP($D14,'Adient Taizhou (China) WK.16'!$B:RJ,SK$1,0),0) -> 0 | SM14: 0 | SN14: 0 | SO14: =((SI14-(SJ14+SK14+SL14)+SN14)) -> -40 | SQ14: =SO14 -> -40 | SR14: =IFERROR(VLOOKUP($D14,'Adient Assende (Belgium) WK.17'!$B:RN,SS$1,0),0) -> 0 | SS14: =IFERROR(VLOOKUP($D14,'Adient Arendal (Malzia) WK.12'!$B:RO,SS$1,0),0) -> 0 | ST14: =IFERROR(VLOOKUP($D14,'Adient Taizhou (China) WK.16'!$B:RR,SS$1,0),0) -> 0 | SU14: 0 | SV14: 0 | SW14: =((SQ14-(SR14+SS14+ST14)+SV14)) -> -40 | SY14: =SW14 -> -40 | SZ14: =IFERROR(VLOOKUP($D14,'Adient Assende (Belgium) WK.17'!$B:RV,TA$1,0),0) -> 0 | TA14: =IFERROR(VLOOKUP($D14,'Adient Arendal (Malzia) WK.12'!$B:RW,TA$1,0),0) -> 0 | TB14: =IFERROR(VLOOKUP($D14,'Adient Taizhou (China) WK.16'!$B:RZ,TA$1,0),0) -> 0 | TC14: 0 | TD14: 0 | TE14: =((SY14-(SZ14+TA14+TB14)+TD14)) -> -40 | TG14: =TE14 -> -40 | TH14: =IFERROR(VLOOKUP($D14,'Adient Assende (Belgium) WK.17'!$B:SD,TI$1,0),0) -> 0 | TI14: =IFERROR(VLOOKUP($D14,'Adient Arendal (Malzia) WK.12'!$B:SE,TI$1,0),0) -> 0 | TJ14: =IFERROR(VLOOKUP($D14,'Adient Taizhou (China) WK.16'!$B:SH,TI$1,0),0) -> 0 | TK14: 0 | TL14: 0 | TM14: =((TG14-(TH14+TI14+TJ14)+TL14)) -> -40 | TO14: =TM14 -> -40 | TP14: =IFERROR(VLOOKUP($D14,'Adient Assende (Belgium) WK.17'!$B:SL,TQ$1,0),0) -> 0 | TQ14: =IFERROR(VLOOKUP($D14,'Adient Arendal (Malzia) WK.12'!$B:SM,TQ$1,0),0) -> 0 | TR14: =IFERROR(VLOOKUP($D14,'Adient Taizhou (China) WK.16'!$B:SP,TQ$1,0),0) -> 0 | TS14: 0 | TT14: 0 | TU14: =((TO14-(TP14+TQ14+TR14)+TT14)) -> -40 | TW14: =TU14 -> -40 | TX14: =IFERROR(VLOOKUP($D14,'Adient Assende (Belgium) WK.17'!$B:ST,TY$1,0),0) -> 0 | TY14: =IFERROR(VLOOKUP($D14,'Adient Arendal (Malzia) WK.12'!$B:SU,TY$1,0),0) -> 0 | TZ14: =IFERROR(VLOOKUP($D14,'Adient Taizhou (China) WK.16'!$B:SX,TY$1,0),0) -> 0 | UA14: 0 | UB14: 0 | UC14: =((TW14-(TX14+TY14+TZ14)+UB14)) -> -40 | UE14: =UC14 -> -40 | UF14: =IFERROR(VLOOKUP($D14,'Adient Assende (Belgium) WK.17'!$B:TB,UG$1,0),0) -> 0 | UG14: =IFERROR(VLOOKUP($D14,'Adient Arendal (Malzia) WK.12'!$B:TC,UG$1,0),0) -> 0 | UH14: =IFERROR(VLOOKUP($D14,'Adient Taizhou (China) WK.16'!$B:TF,UG$1,0),0) -> 0 | UI14: 0 | UJ14: 0 | UK14: =((UE14-(UF14+UG14+UH14)+UJ14)) -> -40 | UM14: =UK14 -> -40 | UN14: =IFERROR(VLOOKUP($D14,'Adient Assende (Belgium) WK.17'!$B:TJ,UO$1,0),0) -> 0 | UO14: =IFERROR(VLOOKUP($D14,'Adient Arendal (Malzia) WK.12'!$B:TK,UO$1,0),0) -> 0 | UP14: =IFERROR(VLOOKUP($D14,'Adient Taizhou (China) WK.16'!$B:TN,UO$1,0),0) -> 0 | UQ14: 0 | UR14: 0 | US14: =((UM14-(UN14+UO14+UP14)+UR14)) -> -40 | UU14: =US14 -> -40 | UV14: =IFERROR(VLOOKUP($D14,'Adient Assende (Belgium) WK.17'!$B:TR,UW$1,0),0) -> 0 | UW14: =IFERROR(VLOOKUP($D14,'Adient Arendal (Malzia) WK.12'!$B:TS,UW$1,0),0) -> 0 | UX14: =IFERROR(VLOOKUP($D14,'Adient Taizhou (China) WK.16'!$B:TV,UW$1,0),0) -> 0 | UY14: 0 | UZ14: 0 | VA14: =((UU14-(UV14+UW14+UX14)+UZ14)) -> -40 | VC14: =VA14 -> -40 | VD14: =IFERROR(VLOOKUP($D14,'Adient Assende (Belgium) WK.17'!$B:TZ,VE$1,0),0) -> 0 | VE14: =IFERROR(VLOOKUP($D14,'Adient Arendal (Malzia) WK.12'!$B:UA,VE$1,0),0) -> 0 | VF14: =IFERROR(VLOOKUP($D14,'Adient Taizhou (China) WK.16'!$B:UD,VE$1,0),0) -> 0 | VG14: 0 | VH14: 0 | VI14: =((VC14-(VD14+VE14+VF14)+VH14)) -> -40 | VK14: =VI14 -> -40 | VL14: =IFERROR(VLOOKUP($D14,'Adient Assende (Belgium) WK.17'!$B:UH,VM$1,0),0) -> 0 | VM14: =IFERROR(VLOOKUP($D14,'Adient Arendal (Malzia) WK.12'!$B:UI,VM$1,0),0) -> 0 | VN14: =IFERROR(VLOOKUP($D14,'Adient Taizhou (China) WK.16'!$B:UL,VM$1,0),0) -> 0 | VO14: 0 | VP14: 0 | VQ14: =((VK14-(VL14+VM14+VN14)+VP14)) -> -40
A15: VOLVO | B15: JCI2 LH | C15: 32248170 | D15: 4172749 | E15: 25 | H15: 1300 | I15: =IFERROR(VLOOKUP($D15,'Adient Assende (Belgium) WK.17'!$B:C,J$1,0),0) -> 100 | J15: =IFERROR(VLOOKUP($D15,'Adient Arendal (Malzia) WK.12'!$B:C,J$1,0),0) -> 0 | K15: =IFERROR(VLOOKUP($D15,'Adient Taizhou (China) WK.16'!$B:C,J$1,0),0) -> 0 | L15: 200 | M15: 0 | N15: =((H15-(L15+J15+K15))+M15) -> 1100 | P15: =N15 -> 1100 | Q15: =IFERROR(VLOOKUP($D15,'Adient Assende (Belgium) WK.17'!$B:K,R$1,0),0) -> 200 | R15: =IFERROR(VLOOKUP($D15,'Adient Arendal (Malzia) WK.12'!$B:K,R$1,0),0) -> 0 | S15: =IFERROR(VLOOKUP($D15,'Adient Taizhou (China) WK.16'!$B:K,R$1,0),0) -> 0 | T15: 100 | U15: 0 | V15: =((P15-(T15+R15+S15))+U15) -> 1000 | X15: =V15 -> 1000 | Y15: =IFERROR(VLOOKUP($D15,'Adient Assende (Belgium) WK.17'!$B:S,Z$1,0),0) -> 100 | Z15: =IFERROR(VLOOKUP($D15,'Adient Arendal (Malzia) WK.12'!$B:S,Z$1,0),0) -> 0 | AA15: =IFERROR(VLOOKUP($D15,'Adient Taizhou (China) WK.16'!$B:S,Z$1,0),0) -> 0 | AB15: 100 | AC15: 0 | AD15: =((X15-(AB15+Z15+AA15))+AC15) -> 900 | AF15: =AD15 -> 900 | AG15: =IFERROR(VLOOKUP($D15,'Adient Assende (Belgium) WK.17'!$B:AA,AH$1,0),0) -> 100 | AH15: =IFERROR(VLOOKUP($D15,'Adient Arendal (Malzia) WK.12'!$B:AA,AH$1,0),0) -> 0 | AI15: =IFERROR(VLOOKUP($D15,'Adient Taizhou (China) WK.16'!$B:AA,AH$1,0),0) -> 0 | AJ15: 200 | AK15: 0 | AL15: =((AF15-(AJ15+AH15+AI15))+AK15) -> 700 | AN15: =AL15 -> 700 | AO15: =IFERROR(VLOOKUP($D15,'Adient Assende (Belgium) WK.17'!$B:AI,AP$1,0),0) -> 200 | AP15: =IFERROR(VLOOKUP($D15,'Adient Arendal (Malzia) WK.12'!$B:AI,AP$1,0),0) -> 0 | AQ15: =IFERROR(VLOOKUP($D15,'Adient Taizhou (China) WK.16'!$B:AI,AP$1,0),0) -> 0 | AR15: 0 | AS15: 100 | AT15: 0 | AU15: =((AN15-(AS15+AP15+AQ15))+AT15)+AR15 -> 600 | AW15: =AU15 -> 600 | AX15: =IFERROR(VLOOKUP($D15,'Adient Assende (Belgium) WK.17'!$B:AR,AY$1,0),0) -> 100 | AY15: =IFERROR(VLOOKUP($D15,'Adient Arendal (Malzia) WK.12'!$B:AR,AY$1,0),0) -> 0 | AZ15: =IFERROR(VLOOKUP($D15,'Adient Taizhou (China) WK.16'!$B:AU,AY$1,0),0) -> 0 | BA15: 0 | BB15: 0 | BC15: =((AW15-(BA15+AY15+AZ15))+BB15) -> 600 | BE15: =BC15 -> 600 | BF15: =IFERROR(VLOOKUP($D15,'Adient Assende (Belgium) WK.17'!$B:AX,BG$1,0),0) -> 0 | BG15: =IFERROR(VLOOKUP($D15,'Adient Arendal (Malzia) WK.12'!$B:AZ,BG$1,0),0) -> 0 | BH15: =IFERROR(VLOOKUP($D15,'Adient Taizhou (China) WK.16'!$B:BB,BG$1,0),0) -> 0 | BI15: 0 | BJ15: 0 | BK15: 100 | BL15: 0 | BM15: =((BE15-(BK15+BG15+BH15))+BL15)+BI15+BJ15 -> 500 | BO15: =BM15 -> 500 | BP15: =IFERROR(VLOOKUP($D15,'Adient Assende (Belgium) WK.17'!$B:BH,BQ$1,0),0) -> 100 | BQ15: =IFERROR(VLOOKUP($D15,'Adient Arendal (Malzia) WK.12'!$B:BI,BQ$1,0),0) -> 0 | BR15: =IFERROR(VLOOKUP($D15,'Adient Taizhou (China) WK.16'!$B:BL,BQ$1,0),0) -> 0 | BS15: 25 | BT15: 175 | BU15: 0 | BV15: 200 | BW15: 0 | BX15: =((BO15-(BV15+BQ15+BR15))+BW15)+BS15+BT15+BU15 -> 500 | BZ15: =BX15 -> 500 | CA15: =IFERROR(VLOOKUP($D15,'Adient Assende (Belgium) WK.17'!$B:BS,CB$1,0),0) -> 200 | CB15: =IFERROR(VLOOKUP($D15,'Adient Arendal (Malzia) WK.12'!$B:BT,CB$1,0),0) -> 0 | CC15: =IFERROR(VLOOKUP($D15,'Adient Taizhou (China) WK.16'!$B:BW,CB$1,0),0) -> 0 | CD15: 0 | CE15: 0 | CF15: 100 | CG15: 0 | CH15: =((BZ15-(CF15+CB15+CC15))+CG15)+CD15+CE15 -> 400 | CJ15: =CH15 -> 400 | CK15: =IFERROR(VLOOKUP($D15,'Adient Assende (Belgium) WK.17'!$B:CC,CL$1,0),0) -> 100 | CL15: =IFERROR(VLOOKUP($D15,'Adient Arendal (Malzia) WK.12'!$B:CD,CL$1,0),0) -> 0 | CM15: =IFERROR(VLOOKUP($D15,'Adient Taizhou (China) WK.16'!$B:CG,CL$1,0),0) -> 0 | CN15: 200 | CO15: 0 | CP15: 0 | CQ15: =((CJ15-(CO15+CL15+CM15))+CP15)+CN15 -> 600 | CS15: =CQ15 -> 600 | CT15: =IFERROR(VLOOKUP($D15,'Adient Assende (Belgium) WK.17'!$B:CL,CU$1,0),0) -> 0 | CU15: =IFERROR(VLOOKUP($D15,'Adient Arendal (Malzia) WK.12'!$B:CM,CU$1,0),0) -> 0 | CV15: =IFERROR(VLOOKUP($D15,'Adient Taizhou (China) WK.16'!$B:CP,CU$1,0),0) -> 0 | CW15: 0 | CX15: 125 | CY15: 100 | CZ15: 0 | DA15: =((CS15-(CY15+CU15+CV15))+CZ15)+CW15+CX15 -> 625 | DC15: =DA15 -> 625 | DD15: =IFERROR(VLOOKUP($D15,'Adient Assende (Belgium) WK.17'!$B:CS,DE$1,0),0) -> 100 | DE15: =IFERROR(VLOOKUP($D15,'Adient Arendal (Malzia) WK.12'!$B:CU,DE$1,0),0) -> 0 | DF15: =IFERROR(VLOOKUP($D15,'Adient Taizhou (China) WK.16'!$B:CX,DE$1,0),0) -> 0 | DG15: 200 | DH15: 100 | DI15: 0 | DJ15: =((DC15-(DH15+DE15+DF15))+DI15)+DG15 -> 725 | DL15: =DJ15 -> 725 | DM15: =IFERROR(VLOOKUP($D15,'Adient Assende (Belgium) WK.17'!$B:DB,DN$1,0),0) -> 100 | DN15: =IFERROR(VLOOKUP($D15,'Adient Arendal (Malzia) WK.12'!$B:DC,DN$1,0),0) -> 0 | DO15: =IFERROR(VLOOKUP($D15,'Adient Taizhou (China) WK.16'!$B:DF,DN$1,0),0) -> 0 | DP15: 100 | DQ15: 0 | DR15: =((DL15-(DN15+DO15+DP15)+DQ15)) -> 625 | DT15: =DR15 -> 625 | DU15: =IFERROR(VLOOKUP($D15,'Adient Assende (Belgium) WK.17'!$B:DJ,DV$1,0),0) -> 100 | DV15: =IFERROR(VLOOKUP($D15,'Adient Arendal (Malzia) WK.12'!$B:DK,DV$1,0),0) -> 0 | DW15: =IFERROR(VLOOKUP($D15,'Adient Taizhou (China) WK.16'!$B:DN,DV$1,0),0) -> 0 | DX15: 0 | DY15: 0 | DZ15: 100 | EA15: 0 | EB15: =((DT15-(DV15+DW15+DZ15)+EA15))+DX15+DY15 -> 525 | ED15: =EB15 -> 525 | EE15: =IFERROR(VLOOKUP($D15,'Adient Assende (Belgium) WK.17'!$B:DR,EF$1,0),0) -> 100 | EF15: =IFERROR(VLOOKUP($D15,'Adient Arendal (Malzia) WK.12'!$B:DS,EF$1,0),0) -> 0 | EG15: =IFERROR(VLOOKUP($D15,'Adient Taizhou (China) WK.16'!$B:DV,EF$1,0),0) -> 0 | EH15: 300 | EI15: 200 | EJ15: 0 | EK15: =((ED15-(EF15+EG15+EI15)+EJ15))+EH15 -> 625 | EM15: =EK15 -> 625 | EN15: =IFERROR(VLOOKUP($D15,'Adient Assende (Belgium) WK.17'!$B:DZ,EO$1,0),0) -> 200 | EO15: =IFERROR(VLOOKUP($D15,'Adient Arendal (Malzia) WK.12'!$B:EA,EO$1,0),0) -> 0 | EP15: =IFERROR(VLOOKUP($D15,'Adient Taizhou (China) WK.16'!$B:ED,EO$1,0),0) -> 0 | EQ15: 0 | ER15: 0 | ES15: =((EM15-(EO15+EP15+EQ15)+ER15)) -> 625 | EU15: =ES15 -> 625 | EV15: =IFERROR(VLOOKUP($D15,'Adient Assende (Belgium) WK.17'!$B:EH,EW$1,0),0) -> 0 | EW15: =IFERROR(VLOOKUP($D15,'Adient Arendal (Malzia) WK.12'!$B:EI,EW$1,0),0) -> 0 | EX15: =IFERROR(VLOOKUP($D15,'Adient Taizhou (China) WK.16'!$B:EL,EW$1,0),0) -> 0 | EY15: 0 | EZ15: 0 | FA15: =((EU15-(EW15+EX15+EY15)+EZ15)) -> 625 | FC15: =FA15 -> 625 | FD15: =IFERROR(VLOOKUP($D15,'Adient Assende (Belgium) WK.17'!$B:EP,FE$1,0),0) -> 0 | FE15: =IFERROR(VLOOKUP($D15,'Adient Arendal (Malzia) WK.12'!$B:EQ,FE$1,0),0) -> 0 | FF15: =IFERROR(VLOOKUP($D15,'Adient Taizhou (China) WK.16'!$B:ET,FE$1,0),0) -> 0 | FG15: 0 | FH15: 0 | FI15: =((FC15-(FE15+FF15+FG15)+FH15)) -> 625 | FK15: =FI15 -> 625 | FL15: =IFERROR(VLOOKUP($D15,'Adient Assende (Belgium) WK.17'!$B:EX,FM$1,0),0) -> 0 | FM15: =IFERROR(VLOOKUP($D15,'Adient Arendal (Malzia) WK.12'!$B:EY,FM$1,0),0) -> 0 | FN15: =IFERROR(VLOOKUP($D15,'Adient Taizhou (China) WK.16'!$B:FB,FM$1,0),0) -> 0 | FO15: 100 | FP15: 0 | FQ15: =((FK15-(FM15+FN15+FO15)+FP15)) -> 525 | FS15: =FQ15 -> 525 | FT15: =IFERROR(VLOOKUP($D15,'Adient Assende (Belgium) WK.17'!$B:FF,FU$1,0),0) -> 100 | FU15: =IFERROR(VLOOKUP($D15,'Adient Arendal (Malzia) WK.12'!$B:FG,FU$1,0),0) -> 0 | FV15: =IFERROR(VLOOKUP($D15,'Adient Taizhou (China) WK.16'!$B:FJ,FU$1,0),0) -> 0 | FW15: 0 | FX15: 0 | FY15: 175 | FZ15: 225 | GA15: 0 | GB15: 100 | GC15: 0 | GD15: =((FS15-(FU15+FV15+GB15)+GC15))+FW15+FX15+FY15+FZ15+GA15 -> 825 | GF15: =GD15 -> 825 | GG15: =IFERROR(VLOOKUP($D15,'Adient Assende (Belgium) WK.17'!$B:FN,GH$1,0),0) -> 100 | GH15: =IFERROR(VLOOKUP($D15,'Adient Arendal (Malzia) WK.12'!$B:FO,GH$1,0),0) -> 0 | GI15: =IFERROR(VLOOKUP($D15,'Adient Taizhou (China) WK.16'!$B:FR,GH$1,0),0) -> 0 | GJ15: 200 | GK15: 100 | GL15: 0 | GM15: =((GF15-(GH15+GI15+GK15)+GL15))+GJ15 -> 925 | GO15: =GM15 -> 925 | GP15: =IFERROR(VLOOKUP($D15,'Adient Assende (Belgium) WK.17'!$B:FV,GQ$1,0),0) -> 100 | GQ15: =IFERROR(VLOOKUP($D15,'Adient Arendal (Malzia) WK.12'!$B:FW,GQ$1,0),0) -> 0 | GR15: =IFERROR(VLOOKUP($D15,'Adient Taizhou (China) WK.16'!$B:FZ,GQ$1,0),0) -> 0 | GS15: 100 | GT15: 200 | GU15: 0 | GV15: =((GO15-(GQ15+GR15+GT15)+GU15))+GS15 -> 825 | GX15: =GV15 -> 825 | GY15: =IFERROR(VLOOKUP($D15,'Adient Assende (Belgium) WK.17'!$B:GD,GZ$1,0),0) -> 200 | GZ15: =IFERROR(VLOOKUP($D15,'Adient Arendal (Malzia) WK.12'!$B:GE,GZ$1,0),0) -> 0 | HA15: =IFERROR(VLOOKUP($D15,'Adient Taizhou (China) WK.16'!$B:GH,GZ$1,0),0) -> 0 | HB15: 300 | HC15: 100 | HD15: 0 | HE15: =((GX15-(GZ15+HA15+HC15)+HD15))+HB15 -> 1025 | HG15: =HE15 -> 1025 | HH15: =IFERROR(VLOOKUP($D15,'Adient Assende (Belgium) WK.17'!$B:GL,HI$1,0),0) -> 100 | HI15: =IFERROR(VLOOKUP($D15,'Adient Arendal (Malzia) WK.12'!$B:GM,HI$1,0),0) -> 0 | HJ15: =IFERROR(VLOOKUP($D15,'Adient Taizhou (China) WK.16'!$B:GP,HI$1,0),0) -> 0 | HK15: 200 | HL15: 100 | HM15: 0 | HN15: =((HG15-(HI15+HJ15+HL15)+HM15))+HK15 -> 1125 | HP15: =HN15 -> 1125 | HQ15: =IFERROR(VLOOKUP($D15,'Adient Assende (Belgium) WK.17'!$B:GT,HR$1,0),0) -> 100 | HR15: =IFERROR(VLOOKUP($D15,'Adient Arendal (Malzia) WK.12'!$B:GU,HR$1,0),0) -> 0 | HS15: =IFERROR(VLOOKUP($D15,'Adient Taizhou (China) WK.16'!$B:GX,HR$1,0),0) -> 0 | HT15: 0 | HU15: 100 | HV15: 0 | HW15: =((HP15-(HR15+HS15+HU15)+HV15))+HT15 -> 1025 | HY15: =HW15 -> 1025 | HZ15: =IFERROR(VLOOKUP($D15,'Adient Assende (Belgium) WK.17'!$B:HB,IA$1,0),0) -> 100 | IA15: =IFERROR(VLOOKUP($D15,'Adient Arendal (Malzia) WK.12'!$B:HC,IA$1,0),0) -> 0 | IB15: =IFERROR(VLOOKUP($D15,'Adient Taizhou (China) WK.16'!$B:HF,IA$1,0),0) -> 0 | IC15: 0 | ID15: 100 | IE15: 0 | IF15: =((HY15-(IA15+IB15+ID15)+IE15))+IC15 -> 925 | IH15: =IF15 -> 925 | II15: =IFERROR(VLOOKUP($D15,'Adient Assende (Belgium) WK.17'!$B:HJ,IJ$1,0),0) -> 100 | IJ15: =IFERROR(VLOOKUP($D15,'Adient Arendal (Malzia) WK.12'!$B:HK,IJ$1,0),0) -> 0 | IK15: =IFERROR(VLOOKUP($D15,'Adient Taizhou (China) WK.16'!$B:HN,IJ$1,0),0) -> 0 | IL15: 200 | IM15: 0 | IN15: =((IH15-(IJ15+IK15+IL15)+IM15)) -> 725 | IP15: =IN15 -> 725 | IQ15: =IFERROR(VLOOKUP($D15,'Adient Assende (Belgium) WK.17'!$B:HR,IR$1,0),0) -> 200 | IR15: =IFERROR(VLOOKUP($D15,'Adient Arendal (Malzia) WK.12'!$B:HS,IR$1,0),0) -> 0 | IS15: =IFERROR(VLOOKUP($D15,'Adient Taizhou (China) WK.16'!$B:HV,IR$1,0),0) -> 0 | IT15: 300 | IU15: 200 | IV15: 0 | IW15: =((IP15-(IR15+IS15+IU15)+IV15))+IT15 -> 825 | IY15: =IW15 -> 825 | IZ15: =IFERROR(VLOOKUP($D15,'Adient Assende (Belgium) WK.17'!$B:HZ,JA$1,0),0) -> 200 | JA15: =IFERROR(VLOOKUP($D15,'Adient Arendal (Malzia) WK.12'!$B:IA,JA$1,0),0) -> 0 | JB15: =IFERROR(VLOOKUP($D15,'Adient Taizhou (China) WK.16'!$B:ID,JA$1,0),0) -> 0 | JC15: 100 | JD15: 0 | JE15: =((IY15-(JA15+JB15+JC15)+JD15)) -> 725 | JG15: =JE15 -> 725 | JH15: =IFERROR(VLOOKUP($D15,'Adient Assende (Belgium) WK.17'!$B:IH,JI$1,0),0) -> 100 | JI15: =IFERROR(VLOOKUP($D15,'Adient Arendal (Malzia) WK.12'!$B:II,JI$1,0),0) -> 0 | JJ15: =IFERROR(VLOOKUP($D15,'Adient Taizhou (China) WK.16'!$B:IL,JI$1,0),0) -> 0 | JK15: 0 | JL15: 200 | JM15: 0 | JN15: =((JG15-(JI15+JJ15+JL15)+JM15))+JK15 -> 525 | JP15: =JN15 -> 525 | JQ15: =IFERROR(VLOOKUP($D15,'Adient Assende (Belgium) WK.17'!$B:IP,JR$1,0),0) -> 200 | JR15: =IFERROR(VLOOKUP($D15,'Adient Arendal (Malzia) WK.12'!$B:IQ,JR$1,0),0) -> 0 | JS15: =IFERROR(VLOOKUP($D15,'Adient Taizhou (China) WK.16'!$B:IT,JR$1,0),0) -> 0 | JT15: 0 | JU15: 0 | JV15: =((JP15-(JR15+JS15+JT15)+JU15)) -> 525 | JX15: =JV15 -> 525 | JY15: =IFERROR(VLOOKUP($D15,'Adient Assende (Belgium) WK.17'!$B:IX,JZ$1,0),0) -> 0 | JZ15: =IFERROR(VLOOKUP($D15,'Adient Arendal (Malzia) WK.12'!$B:IY,JZ$1,0),0) -> 0 | KA15: =IFERROR(VLOOKUP($D15,'Adient Taizhou (China) WK.16'!$B:JB,JZ$1,0),0) -> 0 | KB15: 200 | KC15: 0 | KD15: =((JX15-(JZ15+KA15+KB15)+KC15)) -> 325 | KF15: =KD15 -> 325 | KG15: =IFERROR(VLOOKUP($D15,'Adient Assende (Belgium) WK.17'!$B:JF,KH$1,0),0) -> 200 | KH15: =IFERROR(VLOOKUP($D15,'Adient Arendal (Malzia) WK.12'!$B:JG,KH$1,0),0) -> 0 | KI15: =IFERROR(VLOOKUP($D15,'Adient Taizhou (China) WK.16'!$B:JJ,KH$1,0),0) -> 0 | KJ15: 275 | KK15: 200 | KL15: 0 | KM15: =((KF15-(KH15+KI15+KK15)+KL15))+KJ15 -> 400 | KO15: =KM15 -> 400 | KP15: =IFERROR(VLOOKUP($D15,'Adient Assende (Belgium) WK.17'!$B:JN,KQ$1,0),0) -> 200 | KQ15: =IFERROR(VLOOKUP($D15,'Adient Arendal (Malzia) WK.12'!$B:JO,KQ$1,0),0) -> 0 | KR15: =IFERROR(VLOOKUP($D15,'Adient Taizhou (China) WK.16'!$B:JR,KQ$1,0),0) -> 0 | KS15: 175 | KT15: 100 | KU15: 0 | KV15: =((KO15-(KQ15+KR15+KT15)+KU15))+KS15 -> 475 | KX15: =KV15 -> 475 | KY15: =IFERROR(VLOOKUP($D15,'Adient Assende (Belgium) WK.17'!$B:JV,KZ$1,0),0) -> 100 | KZ15: =IFERROR(VLOOKUP($D15,'Adient Arendal (Malzia) WK.12'!$B:JW,KZ$1,0),0) -> 0 | LA15: =IFERROR(VLOOKUP($D15,'Adient Taizhou (China) WK.16'!$B:JZ,KZ$1,0),0) -> 0 | LB15: 0 | LC15: 0 | LD15: =((KX15-(KZ15+LA15+LB15)+LC15)) -> 475 | LF15: =LD15 -> 475 | LG15: =IFERROR(VLOOKUP($D15,'Adient Assende (Belgium) WK.17'!$B:KD,LH$1,0),0) -> 200 | LH15: =IFERROR(VLOOKUP($D15,'Adient Arendal (Malzia) WK.12'!$B:KE,LH$1,0),0) -> 0 | LI15: =IFERROR(VLOOKUP($D15,'Adient Taizhou (China) WK.16'!$B:KH,LH$1,0),0) -> 0 | LJ15: 0 | LK15: 0 | LL15: 0 | LM15: =((LF15-(LG15+LH15+LI15)+LL15))+LJ15 -> 275 | LO15: =LM15 -> 275 | LP15: =IFERROR(VLOOKUP($D15,'Adient Assende (Belgium) WK.17'!$B:KL,LQ$1,0),0) -> 100 | LQ15: =IFERROR(VLOOKUP($D15,'Adient Arendal (Malzia) WK.12'!$B:KM,LQ$1,0),0) -> 0 | LR15: =IFERROR(VLOOKUP($D15,'Adient Taizhou (China) WK.16'!$B:KP,LQ$1,0),0) -> 0 | LS15: 0 | LT15: 0 | LU15: =((LO15-(LP15+LQ15+LR15)+LT15)) -> 175 | LW15: =LU15 -> 175 | LX15: =IFERROR(VLOOKUP($D15,'Adient Assende (Belgium) WK.17'!$B:KT,LY$1,0),0) -> 300 | LY15: =IFERROR(VLOOKUP($D15,'Adient Arendal (Malzia) WK.12'!$B:KU,LY$1,0),0) -> 0 | LZ15: =IFERROR(VLOOKUP($D15,'Adient Taizhou (China) WK.16'!$B:KX,LY$1,0),0) -> 0 | MA15: 0 | MB15: 0 | MC15: =((LW15-(LX15+LY15+LZ15)+MB15)) -> -125 | ME15: =MC15 -> -125 | MF15: =IFERROR(VLOOKUP($D15,'Adient Assende (Belgium) WK.17'!$B:LB,MG$1,0),0) -> 0 | MG15: =IFERROR(VLOOKUP($D15,'Adient Arendal (Malzia) WK.12'!$B:LC,MG$1,0),0) -> 0 | MH15: =IFERROR(VLOOKUP($D15,'Adient Taizhou (China) WK.16'!$B:LF,MG$1,0),0) -> 0 | MI15: 0 | MJ15: 0 | MK15: =((ME15-(MF15+MG15+MH15)+MJ15)) -> -125 | MM15: =MK15 -> -125 | MN15: =IFERROR(VLOOKUP($D15,'Adient Assende (Belgium) WK.17'!$B:LJ,MO$1,0),0) -> 200 | MO15: =IFERROR(VLOOKUP($D15,'Adient Arendal (Malzia) WK.12'!$B:LK,MO$1,0),0) -> 0 | MP15: =IFERROR(VLOOKUP($D15,'Adient Taizhou (China) WK.16'!$B:LN,MO$1,0),0) -> 0 | MQ15: 0 | MR15: 0 | MS15: =((MM15-(MN15+MO15+MP15)+MR15)) -> -325 | MU15: =MS15 -> -325 | MV15: =IFERROR(VLOOKUP($D15,'Adient Assende (Belgium) WK.17'!$B:LR,MW$1,0),0) -> 200 | MW15: =IFERROR(VLOOKUP($D15,'Adient Arendal (Malzia) WK.12'!$B:LS,MW$1,0),0) -> 0 | MX15: =IFERROR(VLOOKUP($D15,'Adient Taizhou (China) WK.16'!$B:LV,MW$1,0),0) -> 0 | MY15: 0 | MZ15: 0 | NA15: =((MU15-(MV15+MW15+MX15)+MZ15)) -> -525 | NC15: =NA15 -> -525 | ND15: =IFERROR(VLOOKUP($D15,'Adient Assende (Belgium) WK.17'!$B:LZ,NE$1,0),0) -> 200 | NE15: =IFERROR(VLOOKUP($D15,'Adient Arendal (Malzia) WK.12'!$B:MA,NE$1,0),0) -> 0 | NF15: =IFERROR(VLOOKUP($D15,'Adient Taizhou (China) WK.16'!$B:MD,NE$1,0),0) -> 0 | NG15: 0 | NH15: 0 | NI15: =((NC15-(ND15+NE15+NF15)+NH15)) -> -725 | NK15: =NI15 -> -725 | NL15: =IFERROR(VLOOKUP($D15,'Adient Assende (Belgium) WK.17'!$B:MH,NM$1,0),0) -> 0 | NM15: =IFERROR(VLOOKUP($D15,'Adient Arendal (Malzia) WK.12'!$B:MI,NM$1,0),0) -> 0 | NN15: =IFERROR(VLOOKUP($D15,'Adient Taizhou (China) WK.16'!$B:ML,NM$1,0),0) -> 0 | NO15: 0 | NP15: 0 | NQ15: =((NK15-(NL15+NM15+NN15)+NP15)) -> -725 | NS15: =NQ15 -> -725 | NT15: =IFERROR(VLOOKUP($D15,'Adient Assende (Belgium) WK.17'!$B:MP,NU$1,0),0) -> 100 | NU15: =IFERROR(VLOOKUP($D15,'Adient Arendal (Malzia) WK.12'!$B:MQ,NU$1,0),0) -> 0 | NV15: =IFERROR(VLOOKUP($D15,'Adient Taizhou (China) WK.16'!$B:MT,NU$1,0),0) -> 0 | NW15: 0 | NX15: 0 | NY15: =((NS15-(NT15+NU15+NV15)+NX15)) -> -825 | OA15: =NY15 -> -825 | OB15: =IFERROR(VLOOKUP($D15,'Adient Assende (Belgium) WK.17'!$B:MX,OC$1,0),0) -> 100 | OC15: =IFERROR(VLOOKUP($D15,'Adient Arendal (Malzia) WK.12'!$B:MY,OC$1,0),0) -> 0 | OD15: =IFERROR(VLOOKUP($D15,'Adient Taizhou (China) WK.16'!$B:NB,OC$1,0),0) -> 0 | OE15: 0 | OF15: 0 | OG15: =((OA15-(OB15+OC15+OD15)+OF15)) -> -925 | OI15: =OG15 -> -925 | OJ15: =IFERROR(VLOOKUP($D15,'Adient Assende (Belgium) WK.17'!$B:NF,OK$1,0),0) -> 100 | OK15: =IFERROR(VLOOKUP($D15,'Adient Arendal (Malzia) WK.12'!$B:NG,OK$1,0),0) -> 0 | OL15: =IFERROR(VLOOKUP($D15,'Adient Taizhou (China) WK.16'!$B:NJ,OK$1,0),0) -> 0 | OM15: 0 | ON15: 0 | OO15: =((OI15-(OJ15+OK15+OL15)+ON15)) -> -1025 | OQ15: =OO15 -> -1025 | OR15: =IFERROR(VLOOKUP($D15,'Adient Assende (Belgium) WK.17'!$B:NN,OS$1,0),0) -> 0 | OS15: =IFERROR(VLOOKUP($D15,'Adient Arendal (Malzia) WK.12'!$B:NO,OS$1,0),0) -> 0 | OT15: =IFERROR(VLOOKUP($D15,'Adient Taizhou (China) WK.16'!$B:NR,OS$1,0),0) -> 0 | OU15: 0 | OV15: 0 | OW15: =((OQ15-(OR15+OS15+OT15)+OV15)) -> -1025 | OY15: =OW15 -> -1025 | OZ15: =IFERROR(VLOOKUP($D15,'Adient Assende (Belgium) WK.17'!$B:NV,PA$1,0),0) -> 0 | PA15: =IFERROR(VLOOKUP($D15,'Adient Arendal (Malzia) WK.12'!$B:NW,PA$1,0),0) -> 0 | PB15: =IFERROR(VLOOKUP($D15,'Adient Taizhou (China) WK.16'!$B:NZ,PA$1,0),0) -> 0 | PC15: 0 | PD15: 0 | PE15: =((OY15-(OZ15+PA15+PB15)+PD15)) -> -1025 | PG15: =PE15 -> -1025 | PH15: =IFERROR(VLOOKUP($D15,'Adient Assende (Belgium) WK.17'!$B:OD,PI$1,0),0) -> 0 | PI15: =IFERROR(VLOOKUP($D15,'Adient Arendal (Malzia) WK.12'!$B:OE,PI$1,0),0) -> 0 | PJ15: =IFERROR(VLOOKUP($D15,'Adient Taizhou (China) WK.16'!$B:OH,PI$1,0),0) -> 0 | PK15: 0 | PL15: 0 | PM15: =((PG15-(PH15+PI15+PJ15)+PL15)) -> -1025 | PO15: =PM15 -> -1025 | PP15: =IFERROR(VLOOKUP($D15,'Adient Assende (Belgium) WK.17'!$B:OL,PQ$1,0),0) -> 0 | PQ15: =IFERROR(VLOOKUP($D15,'Adient Arendal (Malzia) WK.12'!$B:OM,PQ$1,0),0) -> 0 | PR15: =IFERROR(VLOOKUP($D15,'Adient Taizhou (China) WK.16'!$B:OP,PQ$1,0),0) -> 0 | PS15: 0 | PT15: 0 | PU15: =((PO15-(PP15+PQ15+PR15)+PT15)) -> -1025 | PW15: =PU15 -> -1025 | PX15: =IFERROR(VLOOKUP($D15,'Adient Assende (Belgium) WK.17'!$B:OT,PY$1,0),0) -> 100 | PY15: =IFERROR(VLOOKUP($D15,'Adient Arendal (Malzia) WK.12'!$B:OU,PY$1,0),0) -> 0 | PZ15: =IFERROR(VLOOKUP($D15,'Adient Taizhou (China) WK.16'!$B:OX,PY$1,0),0) -> 0 | QA15: 0 | QB15: 0 | QC15: =((PW15-(PX15+PY15+PZ15)+QB15)) -> -1125 | QE15: =QC15 -> -1125 | QF15: =IFERROR(VLOOKUP($D15,'Adient Assende (Belgium) WK.17'!$B:PB,QG$1,0),0) -> 200 | QG15: =IFERROR(VLOOKUP($D15,'Adient Arendal (Malzia) WK.12'!$B:PC,QG$1,0),0) -> 0 | QH15: =IFERROR(VLOOKUP($D15,'Adient Taizhou (China) WK.16'!$B:PF,QG$1,0),0) -> 0 | QI15: 0 | QJ15: 0 | QK15: =((QE15-(QF15+QG15+QH15)+QJ15)) -> -1325 | QM15: =QK15 -> -1325 | QN15: =IFERROR(VLOOKUP($D15,'Adient Assende (Belgium) WK.17'!$B:PJ,QO$1,0),0) -> 100 | QO15: =IFERROR(VLOOKUP($D15,'Adient Arendal (Malzia) WK.12'!$B:PK,QO$1,0),0) -> 0 | QP15: =IFERROR(VLOOKUP($D15,'Adient Taizhou (China) WK.16'!$B:PN,QO$1,0),0) -> 0 | QQ15: 0 | QR15: 0 | QS15: =((QM15-(QN15+QO15+QP15)+QR15)) -> -1425 | QU15: =QS15 -> -1425 | QV15: =IFERROR(VLOOKUP($D15,'Adient Assende (Belgium) WK.17'!$B:PR,QW$1,0),0) -> 100 | QW15: =IFERROR(VLOOKUP($D15,'Adient Arendal (Malzia) WK.12'!$B:PS,QW$1,0),0) -> 0 | QX15: =IFERROR(VLOOKUP($D15,'Adient Taizhou (China) WK.16'!$B:PV,QW$1,0),0) -> 0 | QY15: 0 | QZ15: 0 | RA15: =((QU15-(QV15+QW15+QX15)+QZ15)) -> -1525 | RC15: =RA15 -> -1525 | RD15: =IFERROR(VLOOKUP($D15,'Adient Assende (Belgium) WK.17'!$B:PZ,RE$1,0),0) -> 100 | RE15: =IFERROR(VLOOKUP($D15,'Adient Arendal (Malzia) WK.12'!$B:QA,RE$1,0),0) -> 0 | RF15: =IFERROR(VLOOKUP($D15,'Adient Taizhou (China) WK.16'!$B:QD,RE$1,0),0) -> 0 | RG15: 0 | RH15: 0 | RI15: =((RC15-(RD15+RE15+RF15)+RH15)) -> -1625 | RK15: =RI15 -> -1625 | RL15: =IFERROR(VLOOKUP($D15,'Adient Assende (Belgium) WK.17'!$B:QH,RM$1,0),0) -> 100 | RM15: =IFERROR(VLOOKUP($D15,'Adient Arendal (Malzia) WK.12'!$B:QI,RM$1,0),0) -> 0 | RN15: =IFERROR(VLOOKUP($D15,'Adient Taizhou (China) WK.16'!$B:QL,RM$1,0),0) -> 0 | RO15: 0 | RP15: 0 | RQ15: =((RK15-(RL15+RM15+RN15)+RP15)) -> -1725 | RS15: =RQ15 -> -1725 | RT15: =IFERROR(VLOOKUP($D15,'Adient Assende (Belgium) WK.17'!$B:QP,RU$1,0),0) -> 100 | RU15: =IFERROR(VLOOKUP($D15,'Adient Arendal (Malzia) WK.12'!$B:QQ,RU$1,0),0) -> 0 | RV15: =IFERROR(VLOOKUP($D15,'Adient Taizhou (China) WK.16'!$B:QT,RU$1,0),0) -> 0 | RW15: 0 | RX15: 0 | RY15: =((RS15-(RT15+RU15+RV15)+RX15)) -> -1825 | SA15: =RY15 -> -1825 | SB15: =IFERROR(VLOOKUP($D15,'Adient Assende (Belgium) WK.17'!$B:QX,SC$1,0),0) -> 100 | SC15: =IFERROR(VLOOKUP($D15,'Adient Arendal (Malzia) WK.12'!$B:QY,SC$1,0),0) -> 0 | SD15: =IFERROR(VLOOKUP($D15,'Adient Taizhou (China) WK.16'!$B:RB,SC$1,0),0) -> 0 | SE15: 0 | SF15: 0 | SG15: =((SA15-(SB15+SC15+SD15)+SF15)) -> -1925 | SI15: =SG15 -> -1925 | SJ15: =IFERROR(VLOOKUP($D15,'Adient Assende (Belgium) WK.17'!$B:RF,SK$1,0),0) -> 100 | SK15: =IFERROR(VLOOKUP($D15,'Adient Arendal (Malzia) WK.12'!$B:RG,SK$1,0),0) -> 0 | SL15: =IFERROR(VLOOKUP($D15,'Adient Taizhou (China) WK.16'!$B:RJ,SK$1,0),0) -> 0 | SM15: 0 | SN15: 0 | SO15: =((SI15-(SJ15+SK15+SL15)+SN15)) -> -2025 | SQ15: =SO15 -> -2025 | SR15: =IFERROR(VLOOKUP($D15,'Adient Assende (Belgium) WK.17'!$B:RN,SS$1,0),0) -> 100 | SS15: =IFERROR(VLOOKUP($D15,'Adient Arendal (Malzia) WK.12'!$B:RO,SS$1,0),0) -> 0 | ST15: =IFERROR(VLOOKUP($D15,'Adient Taizhou (China) WK.16'!$B:RR,SS$1,0),0) -> 0 | SU15: 0 | SV15: 0 | SW15: =((SQ15-(SR15+SS15+ST15)+SV15)) -> -2125 | SY15: =SW15 -> -2125 | SZ15: =IFERROR(VLOOKUP($D15,'Adient Assende (Belgium) WK.17'!$B:RV,TA$1,0),0) -> 100 | TA15: =IFERROR(VLOOKUP($D15,'Adient Arendal (Malzia) WK.12'!$B:RW,TA$1,0),0) -> 0 | TB15: =IFERROR(VLOOKUP($D15,'Adient Taizhou (China) WK.16'!$B:RZ,TA$1,0),0) -> 0 | TC15: 0 | TD15: 0 | TE15: =((SY15-(SZ15+TA15+TB15)+TD15)) -> -2225 | TG15: =TE15 -> -2225 | TH15: =IFERROR(VLOOKUP($D15,'Adient Assende (Belgium) WK.17'!$B:SD,TI$1,0),0) -> 80 | TI15: =IFERROR(VLOOKUP($D15,'Adient Arendal (Malzia) WK.12'!$B:SE,TI$1,0),0) -> 0 | TJ15: =IFERROR(VLOOKUP($D15,'Adient Taizhou (China) WK.16'!$B:SH,TI$1,0),0) -> 0 | TK15: 0 | TL15: 0 | TM15: =((TG15-(TH15+TI15+TJ15)+TL15)) -> -2305 | TO15: =TM15 -> -2305 | TP15: =IFERROR(VLOOKUP($D15,'Adient Assende (Belgium) WK.17'!$B:SL,TQ$1,0),0) -> 80 | TQ15: =IFERROR(VLOOKUP($D15,'Adient Arendal (Malzia) WK.12'!$B:SM,TQ$1,0),0) -> 0 | TR15: =IFERROR(VLOOKUP($D15,'Adient Taizhou (China) WK.16'!$B:SP,TQ$1,0),0) -> 0 | TS15: 0 | TT15: 0 | TU15: =((TO15-(TP15+TQ15+TR15)+TT15)) -> -2385 | TW15: =TU15 -> -2385 | TX15: =IFERROR(VLOOKUP($D15,'Adient Assende (Belgium) WK.17'!$B:ST,TY$1,0),0) -> 80 | TY15: =IFERROR(VLOOKUP($D15,'Adient Arendal (Malzia) WK.12'!$B:SU,TY$1,0),0) -> 0 | TZ15: =IFERROR(VLOOKUP($D15,'Adient Taizhou (China) WK.16'!$B:SX,TY$1,0),0) -> 0 | UA15: 0 | UB15: 0 | UC15: =((TW15-(TX15+TY15+TZ15)+UB15)) -> -2465 | UE15: =UC15 -> -2465 | UF15: =IFERROR(VLOOKUP($D15,'Adient Assende (Belgium) WK.17'!$B:TB,UG$1,0),0) -> 80 | UG15: =IFERROR(VLOOKUP($D15,'Adient Arendal (Malzia) WK.12'!$B:TC,UG$1,0),0) -> 0 | UH15: =IFERROR(VLOOKUP($D15,'Adient Taizhou (China) WK.16'!$B:TF,UG$1,0),0) -> 0 | UI15: 0 | UJ15: 0 | UK15: =((UE15-(UF15+UG15+UH15)+UJ15)) -> -2545 | UM15: =UK15 -> -2545 | UN15: =IFERROR(VLOOKUP($D15,'Adient Assende (Belgium) WK.17'!$B:TJ,UO$1,0),0) -> 80 | UO15: =IFERROR(VLOOKUP($D15,'Adient Arendal (Malzia) WK.12'!$B:TK,UO$1,0),0) -> 0 | UP15: =IFERROR(VLOOKUP($D15,'Adient Taizhou (China) WK.16'!$B:TN,UO$1,0),0) -> 0 | UQ15: 0 | UR15: 0 | US15: =((UM15-(UN15+UO15+UP15)+UR15)) -> -2625 | UU15: =US15 -> -2625 | UV15: =IFERROR(VLOOKUP($D15,'Adient Assende (Belgium) WK.17'!$B:TR,UW$1,0),0) -> 100 | UW15: =IFERROR(VLOOKUP($D15,'Adient Arendal (Malzia) WK.12'!$B:TS,UW$1,0),0) -> 0 | UX15: =IFERROR(VLOOKUP($D15,'Adient Taizhou (China) WK.16'!$B:TV,UW$1,0),0) -> 0 | UY15: 0 | UZ15: 0 | VA15: =((UU15-(UV15+UW15+UX15)+UZ15)) -> -2725 | VC15: =VA15 -> -2725 | VD15: =IFERROR(VLOOKUP($D15,'Adient Assende (Belgium) WK.17'!$B:TZ,VE$1,0),0) -> 100 | VE15: =IFERROR(VLOOKUP($D15,'Adient Arendal (Malzia) WK.12'!$B:UA,VE$1,0),0) -> 0 | VF15: =IFERROR(VLOOKUP($D15,'Adient Taizhou (China) WK.16'!$B:UD,VE$1,0),0) -> 0 | VG15: 0 | VH15: 0 | VI15: =((VC15-(VD15+VE15+VF15)+VH15)) -> -2825 | VK15: =VI15 -> -2825 | VL15: =IFERROR(VLOOKUP($D15,'Adient Assende (Belgium) WK.17'!$B:UH,VM$1,0),0) -> 0 | VM15: =IFERROR(VLOOKUP($D15,'Adient Arendal (Malzia) WK.12'!$B:UI,VM$1,0),0) -> 0 | VN15: =IFERROR(VLOOKUP($D15,'Adient Taizhou (China) WK.16'!$B:UL,VM$1,0),0) -> 0 | VO15: 0 | VP15: 0 | VQ15: =((VK15-(VL15+VM15+VN15)+VP15)) -> -2825
